time,session,app,mem_current,mem_5min,mem_all,cpu_current,duration_current
06:02:50,33,WebClient,18870248,6003320,6003320,125,1141
06:02:51,33,WebClient,18870248,6003320,6003320,125,1656
06:02:51,33,WebClient,18870248,6003320,6003320,125,2156
06:02:52,33,WebClient,18870248,6003320,6003320,125,2672
06:02:52,33,WebClient,18870248,6003320,6003320,125,3172
06:02:53,33,WebClient,18870248,6003320,6003320,125,3688
06:02:53,33,WebClient,18870248,6003320,6003320,125,4188
06:02:54,33,WebClient,18870248,6003320,6003320,125,4703
06:02:54,33,WebClient,18870248,6003320,6003320,125,5219
06:02:55,33,WebClient,18870248,6003320,6003320,125,5719
06:02:55,33,WebClient,18870248,6003320,6003320,125,6235
06:02:56,33,WebClient,18870248,6003320,6003320,125,6735
06:02:56,33,WebClient,18870248,6003320,6003320,125,7250
06:02:57,33,WebClient,18870248,6003320,6003320,125,7750
06:02:57,33,WebClient,18870248,6003320,6003320,125,8266
06:02:58,33,WebClient,18870248,6003320,6003320,125,8766
06:02:58,33,WebClient,18870248,6003320,6003320,125,9281
06:02:59,33,WebClient,18870248,6003320,6003320,125,9781
06:02:59,33,WebClient,98230880,6003320,6003320,375,10297
06:03:00,33,WebClient,241657216,6003320,6003320,781,10797
06:03:00,33,WebClient,358825904,6003320,6003320,1250,11313
06:03:01,33,WebClient,470963600,6003320,6003320,1593,11813
06:03:01,33,WebClient,576230176,6003320,6003320,2031,12328
06:03:02,33,WebClient,672296608,6003320,6003320,2484,12828
06:03:02,33,WebClient,777580624,6003320,6003320,2890,13344
06:03:03,33,WebClient,894035728,6003320,6003320,3375,13844
06:03:03,33,WebClient,1009087264,6003320,6003320,3765,14360
06:03:04,33,WebClient,1087892272,6003320,6003320,4109,14860
06:03:04,33,WebClient,1186673504,6003320,6003320,4453,15375
06:03:05,33,WebClient,1271010704,6003320,6003320,4906,15891
06:03:05,33,WebClient,1364655776,6003320,6003320,5281,16391
06:03:06,33,WebClient,1454032688,6003320,6003320,5656,16906
06:03:06,33,WebClient,1540249520,6003320,6003320,6031,17406
06:03:07,33,WebClient,1638581360,6003320,6003320,6390,17922
06:03:07,33,WebClient,1739794208,6003320,6003320,6734,18438
06:03:08,33,WebClient,1900460944,6003320,6003320,7140,18938
06:03:08,33,WebClient,2112957088,6003320,6003320,7515,19438
06:03:09,33,WebClient,2313494944,6003320,6003320,7859,19953
06:03:09,33,WebClient,2504018016,6003320,6003320,8250,20469
06:03:10,33,WebClient,2687450400,6003320,6003320,8625,20969
06:03:10,33,WebClient,2879607888,6003320,6003320,9015,21485
06:03:11,33,WebClient,3054542944,6003320,6003320,9296,21985
06:03:11,33,WebClient,3191288224,6003320,6003320,9703,22500
06:03:12,33,WebClient,3435312064,6003320,6003320,10187,23000
06:03:12,33,WebClient,1838813768,6003320,6003320,10656,23516
06:03:13,33,WebClient,1929534640,6003320,6003320,11156,24016
06:03:14,33,WebClient,2017541016,6003320,6003320,11656,24531
06:03:14,33,WebClient,2099914720,6003320,6003320,12156,25031
06:03:15,33,WebClient,2182938296,6003320,6003320,12671,25547
06:03:15,33,WebClient,2263404648,6003320,6003320,13171,26047
06:03:16,33,WebClient,2340218072,6003320,6003320,13687,26547
06:03:16,33,WebClient,2410211608,6003320,6003320,14187,27063
06:03:17,33,WebClient,2482299552,6003320,6003320,14703,27563
06:03:17,33,WebClient,2550748336,6003320,6003320,15203,28078
06:03:18,33,WebClient,2613076432,6003320,6003320,15718,28578
06:03:18,33,WebClient,2671444736,6003320,6003320,16218,29094
06:03:19,33,WebClient,2730097680,6003320,6003320,16718,29594
06:03:19,33,WebClient,2787296848,6003320,6003320,17234,30110
06:03:20,33,WebClient,2837442480,6003320,6003320,17734,30610
06:03:20,33,WebClient,2874574576,6003320,6003320,18250,31125
06:03:21,33,WebClient,2913573792,6003320,6003320,18765,31625
06:03:21,33,WebClient,2960715192,6003320,6003320,19265,32141
06:03:22,33,WebClient,3007694936,6003320,6003320,19765,32641
06:03:22,33,WebClient,3053708576,6003320,6003320,20281,33156
06:03:23,33,WebClient,3098778760,6003320,6003320,20781,33656
06:03:23,33,WebClient,3141725024,6003320,6003320,21296,34172
06:03:24,33,WebClient,3184155048,6003320,6003320,21812,34672
06:03:24,33,WebClient,3223807672,6003320,6003320,22312,35188
06:03:25,33,WebClient,3268910304,6003320,6003320,22828,35688
06:03:25,33,WebClient,3312147176,6003320,6003320,23328,36203
06:03:26,33,WebClient,3354134976,6003320,6003320,23828,36703
06:03:26,33,WebClient,3395228704,6003320,6003320,24343,37203
06:03:27,33,WebClient,3436456704,6003320,6003320,24843,37719
06:03:27,33,WebClient,3476039808,6003320,6003320,25359,38219
06:03:28,33,WebClient,3514311472,6003320,6003320,25859,38735
06:03:28,33,WebClient,3552270432,6003320,6003320,26375,39235
06:03:29,33,WebClient,3590135952,6003320,6003320,26875,39750
06:03:29,33,WebClient,3627139000,6003320,6003320,27390,40250
06:03:30,33,WebClient,3662492752,6003320,6003320,27875,40766
06:03:30,33,WebClient,3697841456,6003320,6003320,28375,41266
06:03:31,33,WebClient,3732883720,6003320,6003320,28890,41766
06:03:31,33,WebClient,3765747520,6003320,6003320,29390,42328
06:03:32,33,WebClient,3796255952,6003320,6003320,29875,42828
06:03:32,33,WebClient,3828447664,6003320,6003320,30390,43328
06:03:33,33,WebClient,3861976280,6003320,6003320,30890,43844
06:03:33,33,WebClient,3895281600,6003320,6003320,31406,44344
06:03:34,33,WebClient,3928447992,6003320,6003320,31906,44860
06:03:34,33,WebClient,3961045000,6003320,6003320,32390,45360
06:03:35,33,WebClient,3992944464,6003320,6003320,32906,45875
06:03:35,33,WebClient,4024233840,6003320,6003320,33406,46375
06:03:36,33,WebClient,4055285336,6003320,6003320,33921,46875
06:03:36,33,WebClient,4084052640,6003320,6003320,34421,47391
06:03:37,33,WebClient,4110777120,6003320,6003320,34890,47891
06:03:37,33,WebClient,4136977416,6003320,6003320,35343,48406
06:03:38,33,WebClient,4162547136,6003320,6003320,35828,48906
06:03:38,33,WebClient,4187354096,6003320,6003320,36281,49422
06:03:39,33,WebClient,4212000328,6003320,6003320,36781,49922
06:03:39,33,WebClient,4236433248,6003320,6003320,37265,50438
06:03:40,33,WebClient,4261474600,6003320,6003320,37734,50938
06:03:40,33,WebClient,4285867520,6003320,6003320,38218,51453
06:03:41,33,WebClient,4310417416,6003320,6003320,38718,51953
06:03:41,33,WebClient,4334143272,6003320,6003320,39203,52469
06:03:42,33,WebClient,4358123632,6003320,6003320,39656,52969
06:03:42,33,WebClient,4382441480,6003320,6003320,40156,53485
06:03:43,33,WebClient,4406541584,6003320,6003320,40640,53985
06:03:43,33,WebClient,4430559880,6003320,6003320,41156,54485
06:03:44,33,WebClient,4453723872,6003320,6003320,41625,55000
06:03:44,33,WebClient,4476393424,6003320,6003320,42093,55516
06:03:45,33,WebClient,4498940456,6003320,6003320,42578,56016
06:03:46,33,WebClient,4522199264,6003320,6003320,43062,56531
06:03:46,33,WebClient,4544613904,6003320,6003320,43562,57031
06:03:47,33,WebClient,4566803960,6003320,6003320,44015,57531
06:03:47,33,WebClient,4588945560,6003320,6003320,44500,58047
06:03:48,33,WebClient,4611226848,6003320,6003320,45000,58547
06:03:48,33,WebClient,4633338064,6003320,6003320,45453,59063
06:03:49,33,WebClient,4656027976,6003320,6003320,45953,59563
06:03:49,33,WebClient,4678569488,6003320,6003320,46437,60078
06:03:50,33,WebClient,4701571392,6003320,6003320,46906,60578
06:03:50,33,WebClient,4724019848,6003320,6003320,47406,61094
06:03:51,33,WebClient,4746274032,6003320,6003320,47890,61594
06:03:51,33,WebClient,4767649136,6003320,6003320,48359,62110
06:03:52,33,WebClient,4789268512,6003320,6003320,48812,62610
06:03:52,33,WebClient,4810023976,6003320,6003320,49328,63110
06:03:53,33,WebClient,4831315848,6003320,6003320,49796,63625
06:03:53,33,WebClient,4852949720,6003320,6003320,50296,64125
06:03:54,33,WebClient,4874311312,6003320,6003320,50781,64641
06:03:54,33,WebClient,4892749992,6003320,6003320,51218,65141
06:03:55,33,WebClient,4913656928,6003320,6003320,51718,65656
06:03:55,33,WebClient,4933877696,6003320,6003320,52203,66156
06:03:56,33,WebClient,4951979512,6003320,6003320,52687,66672
06:03:56,33,WebClient,4972627648,6003320,6003320,53156,67172
06:03:57,33,WebClient,4993193120,6003320,6003320,53640,67672
06:03:57,33,WebClient,5012404672,6003320,6003320,54078,68188
06:03:58,33,WebClient,5032664352,6003320,6003320,54593,68688
06:03:58,33,WebClient,5052513344,6003320,6003320,55078,69203
06:03:59,33,WebClient,5065954456,6003320,6003320,55484,69719
06:03:59,33,WebClient,5081395680,6003320,6003320,55937,70219
06:04:00,33,WebClient,5100260240,6003320,6003320,56437,70735
06:04:00,33,WebClient,5120333728,6003320,6003320,56953,71235
06:04:01,33,WebClient,5139929584,6003320,6003320,57437,71750
06:04:01,33,WebClient,5156903592,6003320,6003320,57953,72266
06:04:02,33,WebClient,5174762872,6003320,6003320,58437,72766
06:04:02,33,WebClient,5192623944,6003320,6003320,58921,73281
06:04:03,33,WebClient,5210740048,6003320,6003320,59390,73781
06:04:03,33,WebClient,5227504160,6003320,6003320,59890,74297
06:04:04,33,WebClient,5239471808,6003320,6003320,60281,74797
06:04:04,33,WebClient,5254059896,6003320,6003320,60765,75313
06:04:05,33,WebClient,5270636912,6003320,6003320,61265,75813
06:04:05,33,WebClient,5285956768,6003320,6003320,61718,76328
06:04:06,33,WebClient,5298523664,6003320,6003320,62156,76844
06:04:06,33,WebClient,5307061680,6003320,6003320,62468,77344
06:04:07,33,WebClient,5319035472,6003320,6003320,62843,77860
06:04:07,33,WebClient,5332718680,6003320,6003320,63328,78375
06:04:08,33,WebClient,5346524496,6003320,6003320,63812,78875
06:04:08,33,WebClient,5358436560,6003320,6003320,64218,79391
06:04:09,33,WebClient,5373111544,6003320,6003320,64671,79906
06:04:09,33,WebClient,5383584072,6003320,6003320,65078,80406
06:04:10,33,WebClient,5395623696,6003320,6003320,65515,80922
06:04:10,33,WebClient,5411282808,6003320,6003320,66015,81422
06:04:11,33,WebClient,5425570464,6003320,6003320,66484,81938
06:04:11,33,WebClient,5441938920,6003320,6003320,67000,82453
06:04:12,33,WebClient,5458168952,6003320,6003320,67500,82953
06:04:12,33,WebClient,3692911528,6003320,6003320,68000,83469
06:04:13,33,WebClient,3712967696,6003320,6003320,68500,83969
06:04:13,33,WebClient,3730663040,6003320,6003320,69000,84485
06:04:14,33,WebClient,3746689800,6003320,6003320,69500,84985
06:04:14,33,WebClient,3762198536,6003320,6003320,70015,85500
06:04:15,33,WebClient,3775362816,6003320,6003320,70515,86000
06:04:15,33,WebClient,3787175424,6003320,6003320,71031,86516
06:04:16,33,WebClient,3799926024,6003320,6003320,71546,87016
06:04:17,33,WebClient,3810187392,6003320,6003320,72015,87531
06:04:17,33,WebClient,3819748216,6003320,6003320,72515,88031
06:04:18,33,WebClient,3828679344,6003320,6003320,73015,88547
06:04:18,33,WebClient,3836470336,6003320,6003320,73531,89047
06:04:19,33,WebClient,3844021096,6003320,6003320,74015,89563
06:04:19,33,WebClient,3854692608,6003320,6003320,74531,90063
06:04:20,33,WebClient,3862187080,6003320,6003320,75031,90578
06:04:20,33,WebClient,3868489336,6003320,6003320,75468,91094
06:04:21,33,WebClient,3874615848,6003320,6003320,75921,91594
06:04:21,33,WebClient,3880977024,6003320,6003320,76421,92110
06:04:22,33,WebClient,3886939680,6003320,6003320,76906,92610
06:04:22,33,WebClient,3891676000,6003320,6003320,77312,93125
06:04:23,33,WebClient,3895687456,6003320,6003320,77718,93625
06:04:23,33,WebClient,3900397928,6003320,6003320,78203,94141
06:04:24,33,WebClient,3905806888,6003320,6003320,78703,94641
06:04:24,33,WebClient,3911241536,6003320,6003320,79187,95156
06:04:25,33,WebClient,3917084848,6003320,6003320,79703,95672
06:04:25,33,WebClient,3922869504,6003320,6003320,80203,96172
06:04:26,33,WebClient,3932174376,6003320,6003320,80718,96672
06:04:26,33,WebClient,3937555640,6003320,6003320,81218,97188
06:04:27,33,WebClient,3942796848,6003320,6003320,81718,97688
06:04:27,33,WebClient,3948054872,6003320,6003320,82234,98203
06:04:28,33,WebClient,3952964976,6003320,6003320,82734,98703
06:04:28,33,WebClient,3957823256,6003320,6003320,83250,99219
06:04:29,33,WebClient,3962505352,6003320,6003320,83750,99719
06:04:29,33,WebClient,3967231104,6003320,6003320,84265,100219
06:04:30,33,WebClient,3971926936,6003320,6003320,84765,100735
06:04:30,33,WebClient,3976633232,6003320,6003320,85265,101235
06:04:31,33,WebClient,3981310576,6003320,6003320,85765,101750
06:04:31,33,WebClient,3985871496,6003320,6003320,86265,102250
06:04:32,33,WebClient,3990348840,6003320,6003320,86750,102766
06:04:32,33,WebClient,3994815152,6003320,6003320,87250,103266
06:04:33,33,WebClient,3999160416,6003320,6003320,87765,103766
06:04:33,33,WebClient,4003474032,6003320,6003320,88265,104281
06:04:34,33,WebClient,4007552832,6003320,6003320,88781,104781
06:04:34,33,WebClient,4011801208,6003320,6003320,89281,105297
06:04:35,33,WebClient,4016039384,6003320,6003320,89781,105797
06:04:35,33,WebClient,4020222584,6003320,6003320,90296,106313
06:04:36,33,WebClient,4024336216,6003320,6003320,90796,106813
06:04:36,33,WebClient,4028420056,6003320,6003320,91312,107313
06:04:37,33,WebClient,4032447864,6003320,6003320,91812,107828
06:04:37,33,WebClient,4036342744,6003320,6003320,92312,108328
06:04:38,33,WebClient,4040152664,6003320,6003320,92828,108844
06:04:38,33,WebClient,4043993496,6003320,6003320,93312,109344
06:04:39,33,WebClient,4047651840,6003320,6003320,93812,109860
06:04:39,33,WebClient,4056792544,6003320,6003320,94265,110360
06:04:40,33,WebClient,4060498544,6003320,6003320,94781,110875
06:04:40,33,WebClient,4064285256,6003320,6003320,95281,111375
06:04:41,33,WebClient,4068023912,6003320,6003320,95781,111891
06:04:41,33,WebClient,4071761896,6003320,6003320,96281,112391
06:04:42,33,WebClient,4075474184,6003320,6003320,96781,112891
06:04:42,33,WebClient,4079211680,6003320,6003320,97281,113406
06:04:43,33,WebClient,4082819024,6003320,6003320,97796,113906
06:04:43,33,WebClient,4086399824,6003320,6003320,98296,114422
06:04:44,33,WebClient,4090130712,6003320,6003320,98796,114922
06:04:44,33,WebClient,4093673304,6003320,6003320,99312,115438
06:04:45,33,WebClient,4096700608,6003320,6003320,99828,115938
06:04:45,33,WebClient,4099672360,6003320,6003320,100312,116453
06:04:46,33,WebClient,4102872912,6003320,6003320,100812,116953
06:04:46,33,WebClient,4106365296,6003320,6003320,101312,117469
06:04:47,33,WebClient,4109889336,6003320,6003320,101828,117985
06:04:47,33,WebClient,4113583096,6003320,6003320,102328,118485
06:04:48,33,WebClient,4117331808,6003320,6003320,102843,118985
06:04:48,33,WebClient,4121130976,6003320,6003320,103343,119500
06:04:49,33,WebClient,4124830784,6003320,6003320,103859,120000
06:04:49,33,WebClient,4128474560,6003320,6003320,104359,120516
06:04:50,33,WebClient,4132201992,6003320,6003320,104859,121016
06:04:51,33,WebClient,4135833832,6003320,6003320,105375,121531
06:04:51,33,WebClient,4139489544,6003320,6003320,105890,122031
06:04:52,33,WebClient,4143074608,6003320,6003320,106375,122547
06:04:52,33,WebClient,4146670160,6003320,6003320,106890,123047
06:04:53,33,WebClient,4150306776,6003320,6003320,107390,123563
06:04:53,33,WebClient,4153828472,6003320,6003320,107890,124063
06:04:54,33,WebClient,4157398192,6003320,6003320,108406,124578
06:04:54,33,WebClient,4160940192,6003320,6003320,108890,125078
06:04:55,33,WebClient,4164382280,6003320,6003320,109406,125578
06:04:55,33,WebClient,4167807816,6003320,6003320,109906,126094
06:04:56,33,WebClient,4171235536,6003320,6003320,110421,126594
06:04:56,33,WebClient,4174553808,6003320,6003320,110921,127110
06:04:57,33,WebClient,4177969592,6003320,6003320,111437,127610
06:04:57,33,WebClient,4181295616,6003320,6003320,111937,128125
06:04:58,33,WebClient,4184635744,6003320,6003320,112437,128625
06:04:58,33,WebClient,4187951304,6003320,6003320,112953,129141
06:04:59,33,WebClient,4191250576,6003320,6003320,113453,129641
06:04:59,33,WebClient,4194486680,6003320,6003320,113953,130156
06:05:00,33,WebClient,4197563896,6003320,6003320,114453,130656
06:05:00,33,WebClient,4200706816,6003320,6003320,114937,131172
06:05:01,33,WebClient,4203920680,6003320,6003320,115437,131672
06:05:01,33,WebClient,4207002064,6003320,6003320,115937,132188
06:05:02,33,WebClient,4210089016,6003320,6003320,116421,132688
06:05:02,33,WebClient,4212971056,6003320,6003320,116875,133203
06:05:03,33,WebClient,4215825544,6003320,6003320,117375,133703
06:05:03,33,WebClient,4218753584,6003320,6003320,117890,134219
06:05:04,33,WebClient,4221605352,6003320,6003320,118390,134719
06:05:04,33,WebClient,4224478984,6003320,6003320,118906,135235
06:05:05,33,WebClient,4227397376,6003320,6003320,119406,135735
06:05:05,33,WebClient,4237892704,6003320,6003320,119875,136250
06:05:06,33,WebClient,4240786568,6003320,6003320,120375,136750
06:05:06,33,WebClient,4243721616,6003320,6003320,120875,137266
06:05:07,33,WebClient,4246714200,6003320,6003320,121328,137766
06:05:07,33,WebClient,4249425408,6003320,6003320,121843,138281
06:05:08,33,WebClient,4252409176,6003320,6003320,122343,138781
06:05:08,33,WebClient,4255084112,6003320,6003320,122859,139297
06:05:09,33,WebClient,4257886400,6003320,6003320,123359,139797
06:05:09,33,WebClient,4260683560,6003320,6003320,123875,140297
06:05:10,33,WebClient,4263061840,6003320,6003320,124375,140813
06:05:10,33,WebClient,4265700960,6003320,6003320,124890,141313
06:05:11,33,WebClient,4268458312,6003320,6003320,125390,141828
06:05:11,33,WebClient,4271237632,6003320,6003320,125875,142328
06:05:12,33,WebClient,4273889024,6003320,6003320,126375,142844
06:05:12,33,WebClient,4276322952,6003320,6003320,126890,143360
06:05:13,33,WebClient,4278718536,6003320,6003320,127375,143860
06:05:13,33,WebClient,4281062464,6003320,6003320,127890,144375
06:05:14,33,WebClient,4283308624,6003320,6003320,128390,144875
06:05:14,33,WebClient,4285837024,6003320,6003320,128906,145391
06:05:15,33,WebClient,4288300744,6003320,6003320,129375,145891
06:05:15,33,WebClient,4289206432,6003320,6003320,129671,146406
06:05:16,33,WebClient,4289427824,6003320,6003320,129812,146922
06:05:16,33,WebClient,4289831104,6003320,6003320,130046,147422
06:05:17,33,WebClient,4290135480,6003320,6003320,130187,147953
06:05:17,33,WebClient,4290854936,6003320,6003320,130406,148453
06:05:18,33,WebClient,4292673416,6003320,6003320,130859,148969
06:05:18,33,WebClient,4293978944,6003320,6003320,131265,149485
06:05:19,33,WebClient,4294145432,6003320,6003320,131421,149985
06:05:19,33,WebClient,4294704664,6003320,6003320,131687,150500
06:05:20,33,WebClient,4296018640,6003320,6003320,132062,151000
06:05:20,33,WebClient,4297302304,6003320,6003320,132468,151516
06:05:21,33,WebClient,4299130096,6003320,6003320,132921,152031
06:05:22,33,WebClient,4301017192,6003320,6003320,133421,152531
06:05:22,33,WebClient,4303454608,6003320,6003320,133937,153047
06:05:23,33,WebClient,4305597120,6003320,6003320,134390,153547
06:05:23,33,WebClient,4307626896,6003320,6003320,134906,154063
06:05:24,33,WebClient,4309998912,6003320,6003320,135406,154563
06:05:24,33,WebClient,4312324232,6003320,6003320,135906,155078
06:05:25,33,WebClient,4314603640,6003320,6003320,136406,155578
06:05:25,33,WebClient,4316859592,6003320,6003320,136921,156078
06:05:26,33,WebClient,4318752072,6003320,6003320,137375,156594
06:05:26,33,WebClient,4320835336,6003320,6003320,137859,157110
06:05:27,33,WebClient,4323142192,6003320,6003320,138359,157610
06:05:27,33,WebClient,4325067496,6003320,6003320,138828,158125
06:05:28,33,WebClient,4326687064,6003320,6003320,139296,158625
06:05:28,33,WebClient,4328432088,6003320,6003320,139781,159141
06:05:29,33,WebClient,4329844320,6003320,6003320,140203,159656
06:05:29,33,WebClient,4331085808,6003320,6003320,140593,160156
06:05:30,33,WebClient,4332410696,6003320,6003320,141015,160672
06:05:30,33,WebClient,4333973312,6003320,6003320,141437,161172
06:05:31,33,WebClient,4335458352,6003320,6003320,141906,161688
06:05:31,33,WebClient,4335935632,6003320,6003320,142156,162203
06:05:32,33,WebClient,4336978760,6003320,6003320,142562,162719
06:05:32,33,WebClient,4338353720,6003320,6003320,142953,163235
06:05:33,33,WebClient,4340408296,6003320,6003320,143437,163735
06:05:33,33,WebClient,4342311992,6003320,6003320,143921,164250
06:05:34,33,WebClient,4344250472,6003320,6003320,144437,164750
06:05:34,33,WebClient,4346029952,6003320,6003320,144921,165266
06:05:35,33,WebClient,4348206376,6003320,6003320,145437,165766
06:05:35,33,WebClient,4350325464,6003320,6003320,145937,166281
06:05:36,33,WebClient,4352351752,6003320,6003320,146453,166781
06:05:36,33,WebClient,4354417336,6003320,6003320,146953,167297
06:05:37,33,WebClient,4356197000,6003320,6003320,147453,167813
06:05:37,33,WebClient,4358135736,6003320,6003320,147937,168313
06:05:38,33,WebClient,4360399528,6003320,6003320,148437,168828
06:05:38,33,WebClient,4362605880,6003320,6003320,148953,169328
06:05:39,33,WebClient,4364966632,6003320,6003320,149453,169844
06:05:39,33,WebClient,4367355856,6003320,6003320,149968,170344
06:05:40,33,WebClient,4369583104,6003320,6003320,150453,170860
06:05:40,33,WebClient,4371811920,6003320,6003320,150968,171375
06:05:41,33,WebClient,4374142272,6003320,6003320,151484,171875
06:05:41,33,WebClient,4376469576,6003320,6003320,152000,172391
06:05:42,33,WebClient,4378800088,6003320,6003320,152500,172906
06:05:42,33,WebClient,4381116552,6003320,6003320,153015,173406
06:05:43,33,WebClient,4383354992,6003320,6003320,153515,173922
06:05:43,33,WebClient,4385621440,6003320,6003320,154031,174422
06:05:44,33,WebClient,4387732208,6003320,6003320,154531,174938
06:05:44,33,WebClient,4389972768,6003320,6003320,155031,175438
06:05:45,33,WebClient,4392049680,6003320,6003320,155531,175953
06:05:45,33,WebClient,4394281144,6003320,6003320,156031,176453
06:05:46,33,WebClient,4396177032,6003320,6003320,156546,176969
06:05:46,33,WebClient,4398182488,6003320,6003320,157046,177469
06:05:47,33,WebClient,4400251432,6003320,6003320,157546,177985
06:05:47,33,WebClient,4402349688,6003320,6003320,158015,178485
06:05:48,33,WebClient,4404535240,6003320,6003320,158515,178985
06:05:48,33,WebClient,4406635000,6003320,6003320,159015,179500
06:05:49,33,WebClient,4408740744,6003320,6003320,159531,180000
06:05:49,33,WebClient,4410928792,6003320,6003320,160031,180516
06:05:50,33,WebClient,4413014120,6003320,6003320,160531,181016
06:05:51,33,WebClient,4415067224,6003320,6003320,161031,181531
06:05:51,33,WebClient,4417150568,6003320,6003320,161531,182031
06:05:52,33,WebClient,4418826792,6003320,6003320,162000,182547
06:05:52,33,WebClient,4420310120,6003320,6003320,162484,183047
06:05:53,33,WebClient,4422174912,6003320,6003320,163000,183563
06:05:53,33,WebClient,4424156080,6003320,6003320,163500,184063
06:05:54,33,WebClient,4426251352,6003320,6003320,164015,184578
06:05:54,33,WebClient,4428304232,6003320,6003320,164515,185078
06:05:55,33,WebClient,4430428760,6003320,6003320,165015,185578
06:05:55,33,WebClient,4432428296,6003320,6003320,165500,186094
06:05:56,33,WebClient,4434516664,6003320,6003320,166000,186594
06:05:56,33,WebClient,4436570760,6003320,6003320,166515,187110
06:05:57,33,WebClient,4438630744,6003320,6003320,167015,187610
06:05:57,33,WebClient,4440661544,6003320,6003320,167531,188125
06:05:58,33,WebClient,4442657704,6003320,6003320,168031,188625
06:05:58,33,WebClient,4444615464,6003320,6003320,168546,189141
06:05:59,33,WebClient,4446628856,6003320,6003320,169046,189641
06:05:59,33,WebClient,4448612696,6003320,6003320,169562,190141
06:06:00,33,WebClient,4450492408,6003320,6003320,170062,190656
06:06:00,33,WebClient,4452391240,6003320,6003320,170562,191156
06:06:01,33,WebClient,4454355512,6003320,6003320,171062,191672
06:06:01,33,WebClient,4456229232,6003320,6003320,171578,192172
06:06:02,33,WebClient,4458184608,6003320,6003320,172078,192688
06:06:02,33,WebClient,4460134000,6003320,6003320,172578,193188
06:06:03,33,WebClient,4462058176,6003320,6003320,173093,193703
06:06:03,33,WebClient,4473703400,6003320,6003320,173578,194203
06:06:04,33,WebClient,4508535664,6003320,6003320,174062,194719
06:06:04,33,WebClient,4530948720,6003320,6003320,174468,195219
06:06:05,33,WebClient,4552279984,6003320,6003320,174812,195719
06:06:05,33,WebClient,4582365928,6003320,6003320,175281,196235
06:06:06,33,WebClient,4613352072,6003320,6003320,175781,196735
06:06:06,33,WebClient,4645525768,6003320,6003320,176281,197250
06:06:07,33,WebClient,4671270664,6003320,6003320,176796,197750
06:06:07,33,WebClient,4697426016,6003320,6003320,177281,198266
06:06:08,33,WebClient,4726042064,6003320,6003320,177781,198766
06:06:08,33,WebClient,4752544376,6003320,6003320,178296,199281
06:06:09,33,WebClient,4778182968,6003320,6003320,178781,199781
06:06:09,33,WebClient,4803357160,6003320,6003320,179296,200297
06:06:10,33,WebClient,4827561856,6003320,6003320,179781,200797
06:06:10,33,WebClient,4854330344,6003320,6003320,180296,201313
06:06:11,33,WebClient,4877472000,6003320,6003320,180796,201813
06:06:11,33,WebClient,4899253464,6003320,6003320,181312,202328
06:06:12,33,WebClient,4921614736,6003320,6003320,181812,202828
06:06:12,33,WebClient,4943820608,6003320,6003320,182328,203328
06:06:13,33,WebClient,4965407776,6003320,6003320,182828,203844
06:06:13,33,WebClient,4986115104,6003320,6003320,183312,204344
06:06:14,33,WebClient,5006316488,6003320,6003320,183828,204860
06:06:14,33,WebClient,5024295360,6003320,6003320,184281,205360
06:06:15,33,WebClient,5047027920,6003320,6003320,184796,205875
06:06:15,33,WebClient,5063476048,6003320,6003320,185296,206375
06:06:16,33,WebClient,5077117992,6003320,6003320,185750,206891
06:06:16,33,WebClient,5093006816,6003320,6003320,186250,207391
06:06:17,33,WebClient,5110974912,6003320,6003320,186734,207906
06:06:17,33,WebClient,5128421752,6003320,6003320,187218,208406
06:06:18,33,WebClient,5145481128,6003320,6003320,187703,208922
06:06:18,33,WebClient,5162461984,6003320,6003320,188187,209422
06:06:19,33,WebClient,5178577912,6003320,6003320,188703,209922
06:06:19,33,WebClient,5194727552,6003320,6003320,189187,210438
06:06:20,33,WebClient,5210633288,6003320,6003320,189703,210938
06:06:20,33,WebClient,5225957976,6003320,6003320,190203,211453
06:06:21,33,WebClient,5241444536,6003320,6003320,190687,211953
06:06:21,33,WebClient,5257253632,6003320,6003320,191203,212469
06:06:22,33,WebClient,5272743560,6003320,6003320,191703,212969
06:06:22,33,WebClient,5288162728,6003320,6003320,192218,213485
06:06:23,33,WebClient,5303227696,6003320,6003320,192703,213985
06:06:23,33,WebClient,5317786512,6003320,6003320,193203,214485
06:06:24,33,WebClient,5340790448,6003320,6003320,193703,215000
06:06:24,33,WebClient,5355075048,6003320,6003320,194203,215500
06:06:25,33,WebClient,5369246096,6003320,6003320,194718,216016
06:06:25,33,WebClient,5382272392,6003320,6003320,195203,216516
06:06:26,33,WebClient,5395087632,6003320,6003320,195687,217016
06:06:27,33,WebClient,5407990280,6003320,6003320,196140,217531
06:06:27,33,WebClient,5420761256,6003320,6003320,196609,218031
06:06:28,33,WebClient,5433590216,6003320,6003320,197078,218547
06:06:28,33,WebClient,5446141336,6003320,6003320,197531,219047
06:06:29,33,WebClient,5456522888,6003320,6003320,198031,219563
06:06:29,33,WebClient,5468943264,6003320,6003320,198515,220063
06:06:30,33,WebClient,5481728240,6003320,6003320,199031,220563
06:06:30,33,WebClient,5493952768,6003320,6003320,199500,221078
06:06:31,33,WebClient,5505977152,6003320,6003320,200000,221578
06:06:31,33,WebClient,5517067848,6003320,6003320,200453,222094
06:06:32,33,WebClient,5528801152,6003320,6003320,200921,222594
06:06:32,33,WebClient,5540251784,6003320,6003320,201390,223110
06:06:33,33,WebClient,5551747680,6003320,6003320,201843,223610
06:06:33,33,WebClient,5563133288,6003320,6003320,202312,224125
06:06:34,33,WebClient,5575014968,6003320,6003320,202765,224625
06:06:34,33,WebClient,5586221536,6003320,6003320,203234,225125
06:06:35,33,WebClient,5597928520,6003320,6003320,203718,225641
06:06:35,33,WebClient,5609556520,6003320,6003320,204203,226141
06:06:36,33,WebClient,5621265872,6003320,6003320,204656,226656
06:06:36,33,WebClient,5632727168,6003320,6003320,205156,227156
06:06:37,33,WebClient,5644279272,6003320,6003320,205656,227672
06:06:37,33,WebClient,5655403744,6003320,6003320,206156,228172
06:06:38,33,WebClient,5665693488,6003320,6003320,206671,228688
06:06:38,33,WebClient,5675847936,6003320,6003320,207171,229188
06:06:39,33,WebClient,5685903328,6003320,6003320,207687,229703
06:06:39,33,WebClient,5695945640,6003320,6003320,208187,230203
06:06:40,33,WebClient,5704185200,6003320,6003320,208625,230703
06:06:40,33,WebClient,5711501280,6003320,6003320,208984,231219
06:06:41,33,WebClient,5720514896,6003320,6003320,209453,231719
06:06:41,33,WebClient,5728549352,6003320,6003320,209906,232219
06:06:42,33,WebClient,5735315360,6003320,6003320,210250,232735
06:06:42,33,WebClient,5741092016,6003320,6003320,210562,233235
06:06:43,33,WebClient,5751408336,6003320,6003320,211062,233750
06:06:43,33,WebClient,5773488488,6003320,6003320,211562,234250
06:06:44,33,WebClient,5784331384,6003320,6003320,212078,234766
06:06:44,33,WebClient,5795023296,6003320,6003320,212578,235266
06:06:45,33,WebClient,5804727176,6003320,6003320,213015,235766
06:06:45,33,WebClient,5814518016,6003320,6003320,213468,236281
06:06:46,33,WebClient,5824737680,6003320,6003320,213968,236781
06:06:46,33,WebClient,5834483824,6003320,6003320,214453,237297
06:06:47,33,WebClient,5844308488,6003320,6003320,214921,237797
06:06:47,33,WebClient,5854162144,6003320,6003320,215437,238313
06:06:48,33,WebClient,5863950568,6003320,6003320,215937,238813
06:06:48,33,WebClient,5873644768,6003320,6003320,216437,239328
06:06:49,33,WebClient,5883270112,6003320,6003320,216937,239828
06:06:49,33,WebClient,5892982432,6003320,6003320,217421,240328
06:06:50,33,WebClient,5902349264,6003320,6003320,217921,240844
06:06:50,33,WebClient,5911864680,6003320,6003320,218421,241344
06:06:51,33,WebClient,5921346272,6003320,6003320,218906,241860
06:06:51,33,WebClient,5930494760,6003320,6003320,219406,242360
06:06:52,33,WebClient,5939466480,6003320,6003320,219890,242875
06:06:52,33,WebClient,5948390976,6003320,6003320,220359,243375
06:06:53,33,WebClient,5956973816,6003320,6003320,220828,243891
06:06:53,33,WebClient,5965980664,6003320,6003320,221296,244391
06:06:54,33,WebClient,5974960936,6003320,6003320,221796,244891
06:06:54,33,WebClient,5984086168,6003320,6003320,222265,245406
06:06:55,33,WebClient,5992536128,6003320,6003320,222765,245906
06:06:55,33,WebClient,6001069440,6003320,6003320,223265,246422
06:06:56,33,WebClient,6009983272,6003320,6003320,223750,246922
06:06:56,33,WebClient,6018769056,6003320,6003320,224265,247438
06:06:57,33,WebClient,6026993120,6003320,6003320,224718,247938
06:06:57,33,WebClient,6031646336,6003320,6003320,225062,248453
06:06:58,33,WebClient,6037778144,6003320,6003320,225453,248953
06:06:58,33,WebClient,6046309040,6003320,6003320,225953,249469
06:06:59,33,WebClient,6054798960,6003320,6003320,226437,249969
06:06:59,33,WebClient,6063627232,6003320,6003320,226953,250485
06:07:00,33,WebClient,6072148160,6003320,6003320,227437,250985
06:07:00,33,WebClient,6080350480,6003320,6003320,227937,251500
06:07:01,33,WebClient,6089173584,6003320,6003320,228437,252000
06:07:01,33,WebClient,6097956856,6003320,6003320,228953,252500
06:07:02,33,WebClient,6105998944,6003320,6003320,229437,253016
06:07:03,33,WebClient,6112966256,6003320,6003320,229828,253516
06:07:03,33,WebClient,6120637056,6003320,6003320,230296,254031
06:07:04,33,WebClient,6128322352,6003320,6003320,230812,254531
06:07:04,33,WebClient,6135950872,6003320,6003320,231296,255047
06:07:05,33,WebClient,6143595096,6003320,6003320,231796,255547
06:07:05,33,WebClient,6151931712,6003320,6003320,232265,256063
06:07:06,33,WebClient,6160211136,6003320,6003320,232765,256563
06:07:06,33,WebClient,6168714248,6003320,6003320,233265,257078
06:07:07,33,WebClient,6177315208,6003320,6003320,233718,257578
06:07:07,33,WebClient,6185273720,6003320,6003320,234218,258078
06:07:08,33,WebClient,6193576096,6003320,6003320,234718,258594
06:07:08,33,WebClient,6201826736,6003320,6003320,235140,259094
06:07:09,33,WebClient,6210024224,6003320,6003320,235625,259610
06:07:09,33,WebClient,6217449800,6003320,6003320,236093,260110
06:07:10,33,WebClient,6224926112,6003320,6003320,236578,260625
06:07:10,33,WebClient,6232596912,6003320,6003320,237078,261125
06:07:11,33,WebClient,6240097384,6003320,6003320,237546,261625
06:07:11,33,WebClient,6248461576,6003320,6003320,238046,262141
06:07:12,33,WebClient,6256423504,6003320,6003320,238546,262656
06:07:12,33,WebClient,6263700496,6003320,6003320,239031,263156
06:07:13,33,WebClient,6271523504,6003320,6003320,239515,263672
06:07:13,33,WebClient,6278261728,6003320,6003320,239906,264172
06:07:14,33,WebClient,6284575168,6003320,6003320,240265,264672
06:07:14,33,WebClient,6290936272,6003320,6003320,240593,265188
06:07:15,33,WebClient,6297161096,6003320,6003320,240953,265688
06:07:15,33,WebClient,6303482352,6003320,6003320,241343,266203
06:07:16,33,WebClient,6309667312,6003320,6003320,241671,266703
06:07:16,33,WebClient,6187862048,6003320,6003320,242187,267219
06:07:17,33,WebClient,5680774776,6003320,6003320,242671,267719
06:07:17,33,WebClient,5344008264,6003320,6003320,243125,268235
06:07:18,33,WebClient,4380234024,6003320,6003320,243640,268735
06:07:18,33,WebClient,3882040304,6003320,6003320,244015,269250
06:07:19,33,WebClient,0,6003320,6003320,0,0
06:07:19,33,WebClient,0,3871060368,3871060368,0,0
06:07:20,33,WebClient,0,3871060368,3871060368,0,0
06:07:20,33,WebClient,0,3871076808,3871076808,0,0
06:07:21,33,WebClient,0,3871076808,3871076808,0,0
06:07:21,33,WebClient,0,3871076808,3871076808,0,0
06:07:22,33,WebClient,0,3871076808,3871076808,0,0
06:07:22,33,WebClient,0,3871076808,3871076808,0,0
06:07:23,33,WebClient,0,3871076808,3871076808,0,0
06:07:23,33,WebClient,0,3871076808,3871076808,0,0
06:07:24,33,WebClient,0,3871076808,3871076808,0,0
06:07:24,33,WebClient,0,3871076808,3871076808,0,0
06:07:25,33,WebClient,0,3871076808,3871076808,0,0
06:07:25,33,WebClient,0,3871076808,3871076808,0,0
06:07:26,33,WebClient,0,3871076808,3871076808,0,0
06:07:26,33,WebClient,0,3871076808,3871076808,0,0
06:07:27,33,WebClient,0,3871076808,3871076808,0,0
06:07:27,33,WebClient,0,3871076808,3871076808,0,0
06:07:28,33,WebClient,0,3871076808,3871076808,0,0
06:07:28,33,WebClient,0,3871076808,3871076808,0,0
06:07:34,33,WebClient,0,3871060832,3871060832,0,0
06:07:35,33,WebClient,0,3871060832,3871060832,0,0
06:07:35,33,WebClient,0,3871060832,3871060832,0,0
06:07:36,33,WebClient,0,3871060832,3871060832,0,0
06:07:36,33,WebClient,0,3871060832,3871060832,0,0
06:07:37,33,WebClient,0,3871060832,3871060832,0,0
06:07:37,33,WebClient,0,3871060832,3871060832,0,0
06:07:38,33,WebClient,0,3871060832,3871060832,0,0
06:07:38,33,WebClient,0,3871060832,3871060832,0,0
06:07:39,33,WebClient,0,3871060832,3871060832,0,0
06:07:39,33,WebClient,0,3871060832,3871060832,0,0
06:07:40,33,WebClient,0,3871060832,3871060832,0,0
06:07:40,33,WebClient,0,3871060832,3871060832,0,0
06:07:41,33,WebClient,0,3871060832,3871060832,0,0
06:07:41,33,WebClient,0,3871083309,3871083309,0,0
06:07:42,33,WebClient,0,3871083309,3871083309,0,0
06:07:42,33,WebClient,0,3871083309,3871083309,0,0
06:07:43,33,WebClient,0,3871083309,3871083309,0,0
06:07:43,33,WebClient,0,3871083309,3871083309,0,0
06:07:44,33,WebClient,0,3871083309,3871083309,0,0
06:07:44,33,WebClient,0,3871083309,3871083309,0,0
06:07:45,33,WebClient,0,3871083309,3871083309,0,0
06:07:45,33,WebClient,0,3871083309,3871083309,0,0
06:07:46,33,WebClient,0,3871083309,3871083309,0,0
06:07:46,33,WebClient,0,3871083309,3871083309,0,0
06:07:47,33,WebClient,0,3871083309,3871083309,0,0
06:07:47,33,WebClient,0,3871083309,3871083309,0,0
06:07:48,33,WebClient,0,3871083309,3871083309,0,0
06:07:48,33,WebClient,0,3871083309,3871083309,0,0
06:07:49,33,WebClient,0,3871083309,3871083309,0,0
06:07:49,33,WebClient,0,3871083309,3871083309,0,0
06:07:50,33,WebClient,0,3871083309,3871083309,0,0
06:07:50,33,WebClient,0,3871083309,3871083309,0,0
06:07:51,33,WebClient,0,3865104136,3871107456,0,0
06:07:52,33,WebClient,0,3865104136,3871107456,0,0
06:07:52,33,WebClient,0,3865104136,3871107456,0,0
06:07:53,33,WebClient,0,3865104136,3871107456,0,0
06:07:53,33,WebClient,0,3865104136,3871107456,0,0
06:07:54,33,WebClient,0,3865104136,3871107456,0,0
06:07:54,33,WebClient,0,3865104136,3871107456,0,0
06:07:55,33,WebClient,0,3865104136,3871107456,0,0
06:07:55,33,WebClient,0,3865104136,3871107456,0,0
06:07:56,33,WebClient,0,3865104136,3871107456,0,0
06:07:56,33,WebClient,0,3865104136,3871107456,0,0
06:07:57,33,WebClient,0,3865104136,3871107456,0,0
06:07:57,33,WebClient,0,3865104136,3871107456,0,0
06:07:58,33,WebClient,0,3865104136,3871107456,0,0
06:07:58,33,WebClient,1277096,3865126584,3871129904,15,171
06:07:59,33,WebClient,1274456,3865126584,3871129904,15,671
06:07:59,33,WebClient,1274456,3865126584,3871129904,15,1187
06:08:00,33,WebClient,1274456,3865126584,3871129904,15,1703
06:08:00,33,WebClient,1274456,3865126584,3871129904,15,2218
06:08:01,33,WebClient,1274456,3865126584,3871129904,15,2718
06:08:01,33,WebClient,1274456,3865126584,3871129904,15,3234
06:08:02,33,WebClient,1274456,3865126584,3871129904,15,3750
06:08:02,33,WebClient,1274456,3865126584,3871129904,15,4265
06:08:03,33,WebClient,1274456,3865126584,3871129904,15,4781
06:08:03,33,WebClient,1274456,3865126584,3871129904,15,5296
06:08:04,33,WebClient,1274456,3865126584,3871129904,15,5796
06:08:04,33,WebClient,1274456,3865126584,3871129904,15,6312
06:08:05,33,WebClient,1274456,3865126584,3871129904,15,6828
06:08:05,33,WebClient,1274456,3865126584,3871129904,15,7328
06:08:06,33,WebClient,1274456,3865126584,3871129904,15,7843
06:08:06,33,WebClient,1274456,3865126584,3871129904,15,8359
06:08:07,33,WebClient,1274456,3865126584,3871129904,15,8859
06:08:07,33,WebClient,1274456,3865126584,3871129904,15,9375
06:08:08,33,WebClient,1274456,3865126584,3871129904,15,9890
06:08:08,33,WebClient,1274456,3865126584,3871129904,15,10390
06:08:09,33,WebClient,1274456,3865126584,3871129904,15,10906
06:08:09,33,WebClient,1274456,3865126584,3871129904,15,11421
06:08:10,33,WebClient,1274456,3865126584,3871129904,15,11953
06:08:10,33,WebClient,1274456,3865126584,3871129904,15,12468
06:08:11,33,WebClient,1274456,3865126584,3871129904,15,13015
06:08:12,33,WebClient,1274456,3865126584,3871129904,15,13531
06:08:12,33,WebClient,1274456,3865126584,3871129904,15,14109
06:08:13,33,WebClient,1274456,3865126584,3871129904,15,14625
06:08:13,33,WebClient,1274456,3865126584,3871129904,15,15140
06:08:14,33,WebClient,1274456,3865126584,3871129904,15,15671
06:08:14,33,WebClient,1274456,3865126584,3871129904,15,16187
06:08:15,33,WebClient,1274456,3865126584,3871129904,15,16687
06:08:15,33,WebClient,1274456,3865126584,3871129904,15,17203
06:08:16,33,WebClient,1274456,3865126584,3871129904,15,17718
06:08:16,33,WebClient,1274456,3865126584,3871129904,15,18234
06:08:17,33,WebClient,1274456,3865126584,3871129904,15,18750
06:08:17,33,WebClient,1274456,3865126584,3871129904,15,19250
06:08:18,33,WebClient,1274456,3865126584,3871129904,15,19765
06:08:18,33,WebClient,1274456,3865126584,3871129904,15,20281
06:08:19,33,WebClient,1274456,3865126584,3871129904,15,20796
06:08:19,33,WebClient,1274456,3865126584,3871129904,15,21296
06:08:20,33,WebClient,1274456,3865126584,3871129904,15,21812
06:08:20,33,WebClient,1274456,3865126584,3871129904,15,22328
06:08:21,33,WebClient,1274456,3865126584,3871129904,15,22828
06:08:21,33,WebClient,1274456,3865126584,3871129904,15,23343
06:08:22,33,WebClient,1274456,3865126584,3871129904,15,23859
06:08:22,33,WebClient,1274456,3865126584,3871129904,15,24375
06:08:23,33,WebClient,1274456,3865126584,3871129904,15,24875
06:08:23,33,WebClient,1274456,3865126584,3871129904,15,25390
06:08:24,33,WebClient,1274456,3865126584,3871129904,15,25906
06:08:24,33,WebClient,1274456,3865126584,3871129904,15,26421
06:08:25,33,WebClient,1274456,3865126584,3871129904,15,26937
06:08:25,33,WebClient,1274456,3865126584,3871129904,15,27437
06:08:26,33,WebClient,1274456,3865126584,3871129904,15,27953
06:08:26,33,WebClient,1274456,3865126584,3871129904,15,28468
06:08:27,33,WebClient,1274456,3865126584,3871129904,15,29000
06:08:28,33,WebClient,1274456,3865126584,3871129904,15,29546
06:08:28,33,WebClient,1274456,3865126584,3871129904,15,30078
06:08:29,33,WebClient,1274456,3865126584,3871129904,15,30609
06:08:29,33,WebClient,1274456,3865126584,3871129904,15,31125
06:08:30,33,WebClient,1274456,3865126584,3871129904,15,31640
06:08:30,33,WebClient,1274456,3865126584,3871129904,15,32171
06:08:31,33,WebClient,1219592,3865126584,3871129904,31,32671
06:08:31,33,WebClient,720824,3866134680,3872138000,0,94
06:08:32,33,WebClient,0,3866134392,3872137712,0,0
06:08:32,33,WebClient,0,3866134392,3872137712,0,0
06:08:33,33,WebClient,0,3866134392,3872137712,0,0
06:08:33,33,WebClient,0,3866134392,3872137712,0,0
06:08:34,33,WebClient,0,3866134392,3872137712,0,0
06:08:34,33,WebClient,0,3866134392,3872137712,0,0
06:08:35,33,WebClient,0,3866134392,3872137712,0,0
06:08:35,33,WebClient,0,3866134392,3872137712,0,0
06:08:36,33,WebClient,0,3866134392,3872137712,0,0
06:08:36,33,WebClient,0,3866134392,3872137712,0,0
06:08:37,33,WebClient,0,3866134392,3872137712,0,0
06:08:37,33,WebClient,0,3866134392,3872137712,0,0
06:08:38,33,WebClient,0,3866134392,3872137712,0,0
06:08:38,33,WebClient,0,3866134392,3872137712,0,0
06:08:39,33,WebClient,0,3866134392,3872137712,0,0
06:08:39,33,WebClient,0,3866134392,3872137712,0,0
06:08:40,33,WebClient,0,3866134392,3872137712,0,0
06:08:40,33,WebClient,0,3866134392,3872137712,0,0
06:08:41,33,WebClient,0,3866134392,3872137712,0,0
06:08:41,33,WebClient,0,3866134392,3872137712,0,0
06:08:42,33,WebClient,0,3866134104,3872137424,0,0
06:08:42,33,WebClient,0,3866134104,3872137424,0,0
06:08:43,33,WebClient,0,3866134104,3872137424,0,0
06:08:44,33,WebClient,0,3866134104,3872137424,0,0
06:08:44,33,WebClient,0,3866134104,3872137424,0,0
06:08:45,33,WebClient,0,3866134104,3872137424,0,0
06:08:45,33,WebClient,0,3866134104,3872137424,0,0
06:08:46,33,WebClient,0,3866134104,3872137424,0,0
06:08:46,33,WebClient,0,3866134104,3872137424,0,0
06:08:47,33,WebClient,0,3866134104,3872137424,0,0
06:08:47,33,WebClient,0,3866134104,3872137424,0,0
06:08:48,33,WebClient,0,3866134104,3872137424,0,0
06:08:48,33,WebClient,0,3866134104,3872137424,0,0
06:08:49,33,WebClient,0,3866134104,3872137424,0,0
06:08:49,33,WebClient,0,3866134104,3872137424,0,0
06:08:50,33,WebClient,0,3866134104,3872137424,0,0
06:08:50,33,WebClient,0,3866134104,3872137424,0,0
06:08:51,33,WebClient,0,3866134104,3872137424,0,0
06:08:51,33,WebClient,0,3866134104,3872137424,0,0
06:08:52,33,WebClient,0,3866134104,3872137424,0,0
06:08:52,33,WebClient,0,3866156552,3872159872,0,0
06:08:53,33,WebClient,0,3866156552,3872159872,0,0
06:08:53,33,WebClient,0,3866156552,3872159872,0,0
06:08:54,33,WebClient,0,3866156552,3872159872,0,0
06:08:54,33,WebClient,0,3866156552,3872159872,0,0
06:08:55,33,WebClient,0,3866156552,3872159872,0,0
06:08:55,33,WebClient,0,3866156552,3872159872,0,0
06:08:56,33,WebClient,0,3866156552,3872159872,0,0
06:08:56,33,WebClient,0,3866156552,3872159872,0,0
06:08:57,33,WebClient,0,3866156552,3872159872,0,0
06:08:57,33,WebClient,0,3866156552,3872159872,0,0
06:08:58,33,WebClient,0,3866156552,3872159872,0,0
06:08:58,33,WebClient,0,3866156552,3872159872,0,0
06:08:59,33,WebClient,0,3866156552,3872159872,0,0
06:08:59,33,WebClient,0,3866156552,3872159872,0,0
06:09:00,33,WebClient,0,3866156552,3872159872,0,0
06:09:00,33,WebClient,0,3866156552,3872159872,0,0
06:09:01,33,WebClient,0,3866156552,3872159872,0,0
06:09:01,33,WebClient,0,3866156552,3872159872,0,0
06:09:02,33,WebClient,0,3866156552,3872159872,0,0
06:09:02,33,WebClient,0,3866156552,3872159872,0,0
06:09:03,33,WebClient,0,3866179000,3872182320,0,0
06:09:04,33,WebClient,0,3866179000,3872182320,0,0
06:09:04,33,WebClient,0,3866179000,3872182320,0,0
06:09:05,33,WebClient,0,3866179000,3872182320,0,0
06:09:05,33,WebClient,0,3866179000,3872182320,0,0
06:09:06,33,WebClient,0,3866179000,3872182320,0,0
06:09:06,33,WebClient,0,3866179000,3872182320,0,0
06:09:07,33,WebClient,0,3866179000,3872182320,0,0
06:09:07,33,WebClient,0,3866179000,3872182320,0,0
06:09:08,33,WebClient,0,3866179000,3872182320,0,0
06:09:08,33,WebClient,0,3866179000,3872182320,0,0
06:09:09,33,WebClient,0,3866179000,3872182320,0,0
06:09:09,33,WebClient,0,3866179000,3872182320,0,0
06:09:10,33,WebClient,0,3866179000,3872182320,0,0
06:09:10,33,WebClient,0,3866179000,3872182320,0,0
06:09:11,33,WebClient,0,3866179000,3872182320,0,0
06:09:11,33,WebClient,0,3866179000,3872182320,0,0
06:09:12,33,WebClient,0,3866179000,3872182320,0,0
06:09:12,33,WebClient,0,3866179000,3872182320,0,0
06:09:13,33,WebClient,0,3866179000,3872182320,0,0
06:09:13,33,WebClient,0,3866179000,3872182320,0,0
06:09:14,33,WebClient,0,3866179000,3872182320,0,0
06:09:14,33,WebClient,0,3866201448,3872204768,0,0
06:09:15,33,WebClient,0,3866201448,3872204768,0,0
06:09:15,33,WebClient,0,3866201448,3872204768,0,0
06:09:16,33,WebClient,0,3866201448,3872204768,0,0
06:09:16,33,WebClient,0,3866201448,3872204768,0,0
06:09:17,33,WebClient,0,3866201448,3872204768,0,0
06:09:17,33,WebClient,0,3866201448,3872204768,0,0
06:09:18,33,WebClient,0,3866201448,3872204768,0,0
06:09:18,33,WebClient,0,3866201448,3872204768,0,0
06:09:19,33,WebClient,0,3866201448,3872204768,0,0
06:09:19,33,WebClient,0,3866201448,3872204768,0,0
06:09:20,33,WebClient,0,3866201448,3872204768,0,0
06:09:20,33,WebClient,0,3866201448,3872204768,0,0
06:09:21,33,WebClient,0,3866201448,3872204768,0,0
06:09:22,33,WebClient,0,3866201448,3872204768,0,0
06:09:22,33,WebClient,0,3866201448,3872204768,0,0
06:09:23,33,WebClient,0,3866201448,3872204768,0,0
06:09:23,33,WebClient,0,3866201448,3872204768,0,0
06:09:24,33,WebClient,0,3866201448,3872204768,0,0
06:09:24,33,WebClient,0,3866223896,3872227216,0,0
06:09:25,33,WebClient,0,3866223896,3872227216,0,0
06:09:25,33,WebClient,0,3866223896,3872227216,0,0
06:09:26,33,WebClient,0,3866223896,3872227216,0,0
06:09:26,33,WebClient,0,3866223896,3872227216,0,0
06:09:27,33,WebClient,0,3866223896,3872227216,0,0
06:09:27,33,WebClient,0,3866223896,3872227216,0,0
06:09:28,33,WebClient,0,3866223896,3872227216,0,0
06:09:28,33,WebClient,0,3866223896,3872227216,0,0
06:09:29,33,WebClient,0,3866223896,3872227216,0,0
06:09:29,33,WebClient,0,3866223896,3872227216,0,0
06:09:30,33,WebClient,0,3866223896,3872227216,0,0
06:09:30,33,WebClient,0,3866223896,3872227216,0,0
06:09:31,33,WebClient,0,3866223896,3872227216,0,0
06:09:31,33,WebClient,733326,3866246350,3872249670,0,157
06:09:32,33,WebClient,0,3866623628,3872626948,0,0
06:09:32,33,WebClient,0,3866623628,3872626948,0,0
06:09:33,33,WebClient,0,3866623628,3872626948,0,0
06:09:33,33,WebClient,0,3866623628,3872626948,0,0
06:09:34,33,WebClient,0,3866623628,3872626948,0,0
06:09:34,33,WebClient,0,3866623628,3872626948,0,0
06:09:35,33,WebClient,0,3866623628,3872626948,0,0
06:09:35,33,WebClient,0,3866623628,3872626948,0,0
06:09:36,33,WebClient,0,3866623628,3872626948,0,0
06:09:36,33,WebClient,0,3866623628,3872626948,0,0
06:09:37,33,WebClient,0,3866623628,3872626948,0,0
06:09:37,33,WebClient,0,3866623628,3872626948,0,0
06:09:38,33,WebClient,0,3866623628,3872626948,0,0
06:09:38,33,WebClient,0,3866623628,3872626948,0,0
06:09:39,33,WebClient,0,3866623628,3872626948,0,0
06:09:39,33,WebClient,0,3866623628,3872626948,0,0
06:09:40,33,WebClient,0,3866623628,3872626948,0,0
06:09:41,33,WebClient,0,3866623628,3872626948,0,0
06:09:41,33,WebClient,0,3866623628,3872626948,0,0
06:09:42,33,WebClient,0,3866627516,3872630836,0,0
06:09:42,33,WebClient,0,3866627516,3872630836,0,0
06:09:43,33,WebClient,0,3866627516,3872630836,0,0
06:09:43,33,WebClient,0,3866627516,3872630836,0,0
06:09:44,33,WebClient,0,3866627516,3872630836,0,0
06:09:44,33,WebClient,0,3866627516,3872630836,0,0
06:09:45,33,WebClient,0,3866627516,3872630836,0,0
06:09:45,33,WebClient,0,3866627516,3872630836,0,0
06:09:46,33,WebClient,0,3866627516,3872630836,0,0
06:09:46,33,WebClient,0,3866627516,3872630836,0,0
06:09:47,33,WebClient,0,3866627516,3872630836,0,0
06:09:47,33,WebClient,0,3866627516,3872630836,0,0
06:09:48,33,WebClient,0,3866627516,3872630836,0,0
06:09:48,33,WebClient,0,3866627516,3872630836,0,0
06:09:49,33,WebClient,0,3866627516,3872630836,0,0
06:09:49,33,WebClient,0,3866627516,3872630836,0,0
06:09:50,33,WebClient,0,3866627516,3872630836,0,0
06:09:50,33,WebClient,0,3866627516,3872630836,0,0
06:09:51,33,WebClient,0,3866627516,3872630836,0,0
06:09:51,33,WebClient,0,3866627516,3872630836,0,0
06:09:52,33,WebClient,0,3866649970,3872653290,0,0
06:09:52,33,WebClient,0,3866649970,3872653290,0,0
06:09:53,33,WebClient,0,3866649970,3872653290,0,0
06:09:53,33,WebClient,0,3866649970,3872653290,0,0
06:09:54,33,WebClient,0,3866649970,3872653290,0,0
06:09:54,33,WebClient,0,3866649970,3872653290,0,0
06:09:55,33,WebClient,0,3866649970,3872653290,0,0
06:09:55,33,WebClient,0,3866649970,3872653290,0,0
06:09:56,33,WebClient,0,3866649970,3872653290,0,0
06:09:56,33,WebClient,0,3866649970,3872653290,0,0
06:09:57,33,WebClient,0,3866649970,3872653290,0,0
06:09:57,33,WebClient,0,3866649970,3872653290,0,0
06:09:58,33,WebClient,0,3866649970,3872653290,0,0
06:09:58,33,WebClient,0,3866649970,3872653290,0,0
06:09:59,33,WebClient,0,3866649970,3872653290,0,0
06:10:00,33,WebClient,0,3866649970,3872653290,0,0
06:10:00,33,WebClient,0,3866649970,3872653290,0,0
06:10:01,33,WebClient,0,3866649970,3872653290,0,0
06:10:01,33,WebClient,0,3866649970,3872653290,0,0
06:10:02,33,WebClient,0,3866672424,3872675744,0,0
06:10:02,33,WebClient,0,3866672424,3872675744,0,0
06:10:03,33,WebClient,0,3866672424,3872675744,0,0
06:10:03,33,WebClient,0,3866672424,3872675744,0,0
06:10:04,33,WebClient,0,3866672424,3872675744,0,0
06:10:04,33,WebClient,0,3866672424,3872675744,0,0
06:10:05,33,WebClient,0,3866672424,3872675744,0,0
06:10:05,33,WebClient,0,3866672424,3872675744,0,0
06:10:06,33,WebClient,0,3866672424,3872675744,0,0
06:10:06,33,WebClient,0,3866672424,3872675744,0,0
06:10:07,33,WebClient,0,3866672424,3872675744,0,0
06:10:07,33,WebClient,0,3866672424,3872675744,0,0
06:10:08,33,WebClient,0,3866672424,3872675744,0,0
06:10:08,33,WebClient,0,3866672424,3872675744,0,0
06:10:09,33,WebClient,0,3866672424,3872675744,0,0
06:10:09,33,WebClient,0,3866672424,3872675744,0,0
06:10:10,33,WebClient,0,3866672424,3872675744,0,0
06:10:10,33,WebClient,0,3866672424,3872675744,0,0
06:10:11,33,WebClient,0,3866672424,3872675744,0,0
06:10:11,33,WebClient,0,3866672424,3872675744,0,0
06:10:12,33,WebClient,0,3866672424,3872675744,0,0
06:10:12,33,WebClient,0,3866694878,3872698198,0,0
06:10:13,33,WebClient,0,3866694878,3872698198,0,0
06:10:13,33,WebClient,0,3866694878,3872698198,0,0
06:10:14,33,WebClient,0,3866694878,3872698198,0,0
06:10:14,33,WebClient,0,3866694878,3872698198,0,0
06:10:15,33,WebClient,0,3866694878,3872698198,0,0
06:10:15,33,WebClient,0,3866694878,3872698198,0,0
06:10:16,33,WebClient,0,3866694878,3872698198,0,0
06:10:16,33,WebClient,0,3866694878,3872698198,0,0
06:10:17,33,WebClient,0,3866694878,3872698198,0,0
06:10:17,33,WebClient,0,3866694878,3872698198,0,0
06:10:18,33,WebClient,0,3866694878,3872698198,0,0
06:10:18,33,WebClient,0,3866694878,3872698198,0,0
06:10:19,33,WebClient,0,3866694878,3872698198,0,0
06:10:19,33,WebClient,0,3866694878,3872698198,0,0
06:10:20,33,WebClient,0,3866694878,3872698198,0,0
06:10:20,33,WebClient,0,3866694878,3872698198,0,0
06:10:21,33,WebClient,0,3866694878,3872698198,0,0
06:10:22,33,WebClient,0,3866694878,3872698198,0,0
06:10:22,33,WebClient,0,3866717332,3872720652,0,0
06:10:23,33,WebClient,0,3866717332,3872720652,0,0
06:10:23,33,WebClient,0,3866717332,3872720652,0,0
06:10:24,33,WebClient,0,3866717332,3872720652,0,0
06:10:24,33,WebClient,0,3866717332,3872720652,0,0
06:10:25,33,WebClient,0,3866717332,3872720652,0,0
06:10:25,33,WebClient,0,3866717332,3872720652,0,0
06:10:26,33,WebClient,0,3866717332,3872720652,0,0
06:10:26,33,WebClient,0,3866717332,3872720652,0,0
06:10:27,33,WebClient,0,3866717332,3872720652,0,0
06:10:27,33,WebClient,0,3866717332,3872720652,0,0
06:10:28,33,WebClient,0,3866717332,3872720652,0,0
06:10:28,33,WebClient,0,3866717332,3872720652,0,0
06:10:29,33,WebClient,0,3866717332,3872720652,0,0
06:10:29,33,WebClient,0,3866717332,3872720652,0,0
06:10:30,33,WebClient,0,3866717332,3872720652,0,0
06:10:30,33,WebClient,0,3866717332,3872720652,0,0
06:10:31,33,WebClient,0,3866717332,3872720652,0,0
06:10:31,33,WebClient,0,3866717332,3872720652,0,0
06:10:32,33,WebClient,0,3866717332,3872720652,0,0
06:10:32,33,WebClient,0,3866751392,3872754712,0,0
06:10:33,33,WebClient,0,3866751392,3872754712,0,0
06:10:33,33,WebClient,0,3866751392,3872754712,0,0
06:10:34,33,WebClient,0,3866751392,3872754712,0,0
06:10:34,33,WebClient,0,3866751392,3872754712,0,0
06:10:35,33,WebClient,0,3866751392,3872754712,0,0
06:10:35,33,WebClient,0,3866751392,3872754712,0,0
06:10:36,33,WebClient,0,3866751392,3872754712,0,0
06:10:36,33,WebClient,0,3866751392,3872754712,0,0
06:10:37,33,WebClient,0,3866751392,3872754712,0,0
06:10:37,33,WebClient,0,3866751392,3872754712,0,0
06:10:38,33,WebClient,0,3866751392,3872754712,0,0
06:10:38,33,WebClient,0,3866751392,3872754712,0,0
06:10:39,33,WebClient,0,3866751392,3872754712,0,0
06:10:39,33,WebClient,0,3866751392,3872754712,0,0
06:10:40,33,WebClient,0,3866751392,3872754712,0,0
06:10:40,33,WebClient,0,3866751392,3872754712,0,0
06:10:41,33,WebClient,0,3866751392,3872754712,0,0
06:10:41,33,WebClient,0,3866751392,3872754712,0,0
06:10:42,33,WebClient,0,3866751392,3872754712,0,0
06:10:42,33,WebClient,0,3866751392,3872754712,0,0
06:10:43,33,WebClient,0,3866755280,3872758600,0,0
06:10:43,33,WebClient,0,3866755280,3872758600,0,0
06:10:44,33,WebClient,0,3866755280,3872758600,0,0
06:10:45,33,WebClient,0,3866755280,3872758600,0,0
06:10:45,33,WebClient,0,3866755280,3872758600,0,0
06:10:46,33,WebClient,0,3866755280,3872758600,0,0
06:10:46,33,WebClient,0,3866755280,3872758600,0,0
06:10:47,33,WebClient,0,3866755280,3872758600,0,0
06:10:47,33,WebClient,0,3866755280,3872758600,0,0
06:10:48,33,WebClient,0,3866755280,3872758600,0,0
06:10:48,33,WebClient,0,3866755280,3872758600,0,0
06:10:49,33,WebClient,0,3866755280,3872758600,0,0
06:10:49,33,WebClient,0,3866755280,3872758600,0,0
06:10:50,33,WebClient,0,3866755280,3872758600,0,0
06:10:50,33,WebClient,0,3866755280,3872758600,0,0
06:10:51,33,WebClient,0,3866755280,3872758600,0,0
06:10:51,33,WebClient,0,3866755280,3872758600,0,0
06:10:52,33,WebClient,0,3866755280,3872758600,0,0
06:10:52,33,WebClient,0,3866755280,3872758600,0,0
06:10:53,33,WebClient,0,3866755280,3872758600,0,0
06:10:53,33,WebClient,0,3866779417,3872782737,0,0
06:10:54,33,WebClient,0,3866779417,3872782737,0,0
06:10:54,33,WebClient,0,3866779417,3872782737,0,0
06:10:55,33,WebClient,0,3866779417,3872782737,0,0
06:10:55,33,WebClient,0,3866779417,3872782737,0,0
06:10:56,33,WebClient,0,3866779417,3872782737,0,0
06:10:56,33,WebClient,0,3866779417,3872782737,0,0
06:10:57,33,WebClient,0,3866779417,3872782737,0,0
06:10:57,33,WebClient,0,3866779417,3872782737,0,0
06:10:58,33,WebClient,0,3866779417,3872782737,0,0
06:10:58,33,WebClient,0,3866779417,3872782737,0,0
06:10:59,33,WebClient,0,3866779417,3872782737,0,0
06:10:59,33,WebClient,0,3866779417,3872782737,0,0
06:11:00,33,WebClient,0,3866779417,3872782737,0,0
06:11:01,33,WebClient,0,3866779417,3872782737,0,0
06:11:01,33,WebClient,0,3866779417,3872782737,0,0
06:11:02,33,WebClient,0,3866779417,3872782737,0,0
06:11:02,33,WebClient,0,3866779417,3872782737,0,0
06:11:03,33,WebClient,0,3866779417,3872782737,0,0
06:11:03,33,WebClient,0,3866169045,3872172365,0,0
06:11:04,33,WebClient,0,3866169045,3872172365,0,0
06:11:04,33,WebClient,0,3866169045,3872172365,0,0
06:11:05,33,WebClient,0,3866169045,3872172365,0,0
06:11:05,33,WebClient,0,3866169045,3872172365,0,0
06:11:06,33,WebClient,0,3866169045,3872172365,0,0
06:11:06,33,WebClient,0,3866169045,3872172365,0,0
06:11:07,33,WebClient,0,3866169045,3872172365,0,0
06:11:07,33,WebClient,0,3866169045,3872172365,0,0
06:11:08,33,WebClient,0,3866169045,3872172365,0,0
06:11:08,33,WebClient,0,3866169045,3872172365,0,0
06:11:09,33,WebClient,0,3866169045,3872172365,0,0
06:11:09,33,WebClient,0,3866169045,3872172365,0,0
06:11:10,33,WebClient,0,3866169045,3872172365,0,0
06:11:10,33,WebClient,0,3866169045,3872172365,0,0
06:11:11,33,WebClient,0,3866169045,3872172365,0,0
06:11:11,33,WebClient,0,3866169045,3872172365,0,0
06:11:12,33,WebClient,0,3866169045,3872172365,0,0
06:11:12,33,WebClient,0,3866169045,3872172365,0,0
06:11:13,33,WebClient,0,3866169045,3872172365,0,0
06:11:13,33,WebClient,0,3866191505,3872194825,0,0
06:11:14,33,WebClient,0,3866191505,3872194825,0,0
06:11:14,33,WebClient,0,3866191505,3872194825,0,0
06:11:15,33,WebClient,0,3866191505,3872194825,0,0
06:11:15,33,WebClient,0,3866191505,3872194825,0,0
06:11:16,33,WebClient,0,3866191505,3872194825,0,0
06:11:16,33,WebClient,0,3866191505,3872194825,0,0
06:11:17,33,WebClient,0,3866191505,3872194825,0,0
06:11:17,33,WebClient,0,3866191505,3872194825,0,0
06:11:18,33,WebClient,11370458,3866213971,3872217291,62,78
06:11:18,33,WebClient,10943442,3866213971,3872217291,93,594
06:11:19,33,WebClient,10943442,3866213971,3872217291,93,1110
06:11:19,33,WebClient,10943442,3866213971,3872217291,109,1610
06:11:20,33,WebClient,10943442,3866213971,3872217291,109,2125
06:11:20,33,WebClient,10943442,3866213971,3872217291,109,2641
06:11:21,33,WebClient,10943442,3866213971,3872217291,109,3156
06:11:22,33,WebClient,10943442,3866213971,3872217291,109,3656
06:11:22,33,WebClient,10943442,3866213971,3872217291,109,4172
06:11:23,33,WebClient,10943442,3866213971,3872217291,125,4688
06:11:23,33,WebClient,10943442,3866213971,3872217291,125,5188
06:11:24,33,WebClient,10911810,3866213971,3872217291,125,5703
06:11:24,33,WebClient,9575698,3866213971,3872217291,125,6219
06:11:24,36,BackgroundJob,889709,0,0,0,859
06:11:25,33,WebClient,0,3866246421,3872249741,0,0
06:11:25,36,BackgroundJob,827581,0,0,0,1359
06:11:25,33,WebClient,0,3866246421,3872249741,0,0
06:11:25,36,BackgroundJob,1990661,0,0,15,1875
06:11:26,33,WebClient,0,3866246421,3872249741,0,0
06:11:26,36,BackgroundJob,1990661,0,0,15,2437
06:11:26,33,WebClient,0,3866320549,3872323869,0,0
06:11:26,36,BackgroundJob,1990661,0,0,15,2953
06:11:27,33,WebClient,0,3866320549,3872323869,0,0
06:11:27,36,BackgroundJob,1990661,0,0,15,3468
06:11:27,33,WebClient,0,3866320549,3872323869,0,0
06:11:27,36,BackgroundJob,1990661,0,0,15,3968
06:11:28,33,WebClient,0,3866320549,3872323869,0,0
06:11:28,36,BackgroundJob,1990661,0,0,15,4484
06:11:28,33,WebClient,0,3866346378,3872349698,0,0
06:11:28,36,BackgroundJob,1990661,0,0,15,5015
06:11:29,33,WebClient,0,3866346378,3872349698,0,0
06:11:29,36,BackgroundJob,1990661,0,0,15,5515
06:11:29,33,WebClient,0,3866346378,3872349698,0,0
06:11:29,36,BackgroundJob,1990661,0,0,15,6031
06:11:30,33,WebClient,0,3866346378,3872349698,0,0
06:11:30,36,BackgroundJob,1990661,0,0,15,6546
06:11:30,33,WebClient,0,3866346378,3872349698,0,0
06:11:30,36,BackgroundJob,1990661,0,0,15,7062
06:11:31,33,WebClient,0,3866346378,3872349698,0,0
06:11:31,36,BackgroundJob,1990661,0,0,15,7578
06:11:31,33,WebClient,0,3866368927,3872372247,0,0
06:11:31,36,BackgroundJob,1990661,0,0,15,8093
06:11:32,33,WebClient,0,3866368927,3872372247,0,0
06:11:32,36,BackgroundJob,1990661,0,0,15,8593
06:11:32,33,WebClient,0,3866368927,3872372247,0,0
06:11:32,36,BackgroundJob,1990661,0,0,15,9109
06:11:33,33,WebClient,5461,3866391396,3872394716,0,0
06:11:33,36,BackgroundJob,1990661,0,0,15,9625
06:11:33,33,WebClient,728733,3866391396,3872394716,31,515
06:11:33,36,BackgroundJob,1990661,0,0,15,10140
06:11:34,33,WebClient,728733,3866391396,3872394716,31,1031
06:11:34,36,BackgroundJob,1990661,0,0,15,10656
06:11:34,33,WebClient,0,3866402905,3872406225,0,0
06:11:34,36,BackgroundJob,1990661,0,0,15,11187
06:11:35,33,WebClient,0,3866402905,3872406225,0,0
06:11:35,36,BackgroundJob,1990661,0,0,15,11703
06:11:35,33,WebClient,0,3866402905,3872406225,0,0
06:11:35,36,BackgroundJob,1990661,0,0,15,12234
06:11:36,33,WebClient,0,3866402905,3872406225,0,0
06:11:36,36,BackgroundJob,1990661,0,0,15,12765
06:11:36,33,WebClient,0,3866402905,3872406225,0,0
06:11:36,36,BackgroundJob,1990661,0,0,15,13296
06:11:37,33,WebClient,0,3866402905,3872406225,0,0
06:11:37,36,BackgroundJob,1990661,0,0,15,13812
06:11:38,33,WebClient,0,3866402905,3872406225,0,0
06:11:38,36,BackgroundJob,1990661,0,0,15,14343
06:11:38,33,WebClient,0,3866402905,3872406225,0,0
06:11:38,36,BackgroundJob,1990661,0,0,15,14859
06:11:39,33,WebClient,0,3866402905,3872406225,0,0
06:11:39,36,BackgroundJob,1990661,0,0,15,15390
06:11:39,33,WebClient,0,3866402905,3872406225,0,0
06:11:39,36,BackgroundJob,1990661,0,0,15,15906
06:11:40,33,WebClient,0,3866402905,3872406225,0,0
06:11:40,36,BackgroundJob,1990661,0,0,15,16484
06:11:40,33,WebClient,0,3866402905,3872406225,0,0
06:11:40,36,BackgroundJob,1990661,0,0,15,17031
06:11:41,33,WebClient,0,3866402905,3872406225,0,0
06:11:41,36,BackgroundJob,1990661,0,0,15,17546
06:11:41,33,WebClient,0,3866402905,3872406225,0,0
06:11:41,36,BackgroundJob,1990661,0,0,15,18062
06:11:42,33,WebClient,0,3866402905,3872406225,0,0
06:11:42,36,BackgroundJob,1990661,0,0,15,18609
06:11:42,33,WebClient,0,3866402905,3872406225,0,0
06:11:42,36,BackgroundJob,1990661,0,0,15,19140
06:11:43,33,WebClient,0,3866402905,3872406225,0,0
06:11:43,36,BackgroundJob,1990661,0,0,15,19656
06:11:43,33,WebClient,0,3866402905,3872406225,0,0
06:11:43,36,BackgroundJob,1990661,0,0,15,20187
06:11:44,33,WebClient,0,3866425374,3872428694,0,0
06:11:44,36,BackgroundJob,1990661,0,0,15,20703
06:11:44,33,WebClient,0,3866425374,3872428694,0,0
06:11:44,36,BackgroundJob,1990661,0,0,15,21234
06:11:45,33,WebClient,0,3866425374,3872428694,0,0
06:11:45,36,BackgroundJob,1990661,0,0,15,21750
06:11:45,33,WebClient,0,3866425374,3872428694,0,0
06:11:45,36,BackgroundJob,1990661,0,0,15,22281
06:11:46,33,WebClient,0,3866425374,3872428694,0,0
06:11:46,36,BackgroundJob,1990661,0,0,15,22812
06:11:47,33,WebClient,0,3866425374,3872428694,0,0
06:11:47,36,BackgroundJob,1990661,0,0,15,23328
06:11:47,33,WebClient,0,3866425374,3872428694,0,0
06:11:47,36,BackgroundJob,1990661,0,0,15,23859
06:11:48,33,WebClient,0,3866425374,3872428694,0,0
06:11:48,36,BackgroundJob,1990661,0,0,15,24375
06:11:48,33,WebClient,0,3866425374,3872428694,0,0
06:11:48,36,BackgroundJob,1990661,0,0,15,24906
06:11:49,33,WebClient,0,3866425374,3872428694,0,0
06:11:49,36,BackgroundJob,1990661,0,0,15,25421
06:11:49,33,WebClient,0,3866425374,3872428694,0,0
06:11:49,36,BackgroundJob,1990661,0,0,15,25968
06:11:50,33,WebClient,0,3866425374,3872428694,0,0
06:11:50,36,BackgroundJob,1990661,0,0,15,26500
06:11:50,33,WebClient,0,3866425374,3872428694,0,0
06:11:50,36,BackgroundJob,1990661,0,0,15,27015
06:11:51,33,WebClient,0,3866425374,3872428694,0,0
06:11:51,36,BackgroundJob,1990661,0,0,15,27546
06:11:51,33,WebClient,0,3866447846,3872451166,0,0
06:11:51,36,BackgroundJob,1990661,0,0,15,28062
06:11:52,33,WebClient,0,3866447846,3872451166,0,0
06:11:52,36,BackgroundJob,1990661,0,0,15,28593
06:11:52,33,WebClient,0,3866447846,3872451166,0,0
06:11:52,36,BackgroundJob,1990661,0,0,15,29125
06:11:53,33,WebClient,0,3866447846,3872451166,0,0
06:11:53,36,BackgroundJob,1990661,0,0,15,29640
06:11:53,33,WebClient,0,3866447846,3872451166,0,0
06:11:53,36,BackgroundJob,1990661,0,0,15,30156
06:11:54,33,WebClient,0,3866447846,3872451166,0,0
06:11:54,36,BackgroundJob,1990661,0,0,15,30703
06:11:54,33,WebClient,0,3866447846,3872451166,0,0
06:11:54,36,BackgroundJob,1990661,0,0,15,31234
06:11:55,33,WebClient,0,3866447846,3872451166,0,0
06:11:55,36,BackgroundJob,1990661,0,0,15,31765
06:11:55,33,WebClient,0,3866447846,3872451166,0,0
06:11:55,36,BackgroundJob,1990661,0,0,15,32281
06:11:56,33,WebClient,0,3866447846,3872451166,0,0
06:11:56,36,BackgroundJob,1990661,0,0,15,32812
06:11:57,33,WebClient,0,3866447846,3872451166,0,0
06:11:57,36,BackgroundJob,1990661,0,0,15,33328
06:11:57,33,WebClient,0,3866447846,3872451166,0,0
06:11:57,36,BackgroundJob,1990661,0,0,15,33859
06:11:58,33,WebClient,0,3866447846,3872451166,0,0
06:11:58,36,BackgroundJob,1990661,0,0,15,34375
06:11:58,33,WebClient,0,3866447846,3872451166,0,0
06:11:58,36,BackgroundJob,1990661,0,0,15,34906
06:11:59,33,WebClient,0,3866447846,3872451166,0,0
06:11:59,36,BackgroundJob,1990661,0,0,15,35421
06:11:59,33,WebClient,0,3866447846,3872451166,0,0
06:11:59,36,BackgroundJob,1990661,0,0,15,35937
06:12:00,33,WebClient,0,3866447846,3872451166,0,0
06:12:00,36,BackgroundJob,1990661,0,0,15,36468
06:12:00,33,WebClient,0,3866447846,3872451166,0,0
06:12:00,36,BackgroundJob,1990661,0,0,15,36984
06:12:01,33,WebClient,0,3866447846,3872451166,0,0
06:12:01,36,BackgroundJob,1990661,0,0,15,37515
06:12:01,33,WebClient,0,3866473678,3872476998,0,0
06:12:01,36,BackgroundJob,1990661,0,0,15,38031
06:12:02,33,WebClient,0,3866473678,3872476998,0,0
06:12:02,36,BackgroundJob,1990661,0,0,15,38562
06:12:02,33,WebClient,0,3866496150,3872499470,0,0
06:12:02,36,BackgroundJob,1990661,0,0,15,39078
06:12:03,33,WebClient,0,3866496150,3872499470,0,0
06:12:03,36,BackgroundJob,1990661,0,0,15,39609
06:12:03,33,WebClient,0,3866496150,3872499470,0,0
06:12:03,36,BackgroundJob,1990661,0,0,15,40125
06:12:04,33,WebClient,0,3866496150,3872499470,0,0
06:12:04,36,BackgroundJob,1990661,0,0,15,40656
06:12:04,33,WebClient,0,3866496150,3872499470,0,0
06:12:04,36,BackgroundJob,1990661,0,0,15,41203
06:12:05,33,WebClient,0,3866496150,3872499470,0,0
06:12:05,36,BackgroundJob,1990661,0,0,15,41750
06:12:05,33,WebClient,0,3866496150,3872499470,0,0
06:12:05,36,BackgroundJob,1990661,0,0,15,42265
06:12:06,33,WebClient,0,3866496150,3872499470,0,0
06:12:06,36,BackgroundJob,1990661,0,0,15,42812
06:12:07,33,WebClient,0,3866496150,3872499470,0,0
06:12:07,36,BackgroundJob,1990661,0,0,15,43328
06:12:07,33,WebClient,0,3866496150,3872499470,0,0
06:12:07,36,BackgroundJob,1990661,0,0,15,43875
06:12:08,33,WebClient,0,3866496150,3872499470,0,0
06:12:08,36,BackgroundJob,1990661,0,0,15,44406
06:12:08,33,WebClient,0,3866496150,3872499470,0,0
06:12:08,36,BackgroundJob,1990661,0,0,15,44953
06:12:09,33,WebClient,0,3866496150,3872499470,0,0
06:12:09,36,BackgroundJob,1990661,0,0,15,45468
06:12:09,33,WebClient,0,3866496150,3872499470,0,0
06:12:09,36,BackgroundJob,1990661,0,0,15,46015
06:12:10,33,WebClient,0,3866496150,3872499470,0,0
06:12:10,36,BackgroundJob,1990661,0,0,15,46546
06:12:10,33,WebClient,0,3866496150,3872499470,0,0
06:12:10,36,BackgroundJob,1990661,0,0,15,47078
06:12:11,33,WebClient,0,3866496150,3872499470,0,0
06:12:11,36,BackgroundJob,1990661,0,0,15,47609
06:12:11,33,WebClient,0,3866496150,3872499470,0,0
06:12:11,36,BackgroundJob,1990661,0,0,15,48140
06:12:12,33,WebClient,0,3866500038,3872503358,0,0
06:12:12,36,BackgroundJob,1990661,0,0,15,48671
06:12:12,33,WebClient,0,3866500038,3872503358,0,0
06:12:12,36,BackgroundJob,1990661,0,0,15,49265
06:12:13,33,WebClient,0,3866500038,3872503358,0,0
06:12:13,36,BackgroundJob,1990661,0,0,15,49812
06:12:14,33,WebClient,0,3866500038,3872503358,0,0
06:12:14,36,BackgroundJob,1990661,0,0,15,50343
06:12:14,33,WebClient,0,3866500038,3872503358,0,0
06:12:14,36,BackgroundJob,1990661,0,0,15,50859
06:12:15,33,WebClient,0,3866500038,3872503358,0,0
06:12:15,36,BackgroundJob,1990661,0,0,15,51390
06:12:15,33,WebClient,0,3866500038,3872503358,0,0
06:12:15,36,BackgroundJob,1990661,0,0,15,51921
06:12:16,33,WebClient,0,3866500038,3872503358,0,0
06:12:16,36,BackgroundJob,1990661,0,0,15,52468
06:12:16,33,WebClient,0,3866500038,3872503358,0,0
06:12:16,36,BackgroundJob,1990661,0,0,15,53062
06:12:17,33,WebClient,0,3866500038,3872503358,0,0
06:12:17,36,BackgroundJob,1990661,0,0,15,53593
06:12:17,33,WebClient,0,3866522510,3872525830,0,0
06:12:17,36,BackgroundJob,1990661,0,0,15,54140
06:12:18,33,WebClient,0,3866522510,3872525830,0,0
06:12:18,36,BackgroundJob,1990661,0,0,15,54671
06:12:18,33,WebClient,0,3866522510,3872525830,0,0
06:12:18,36,BackgroundJob,1990661,0,0,15,55218
06:12:19,33,WebClient,0,3866522510,3872525830,0,0
06:12:19,36,BackgroundJob,1990661,0,0,15,55750
06:12:19,33,WebClient,0,3866522510,3872525830,0,0
06:12:19,36,BackgroundJob,1990661,0,0,15,56281
06:12:20,33,WebClient,0,3866522510,3872525830,0,0
06:12:20,36,BackgroundJob,1990661,0,0,15,56843
06:12:21,33,WebClient,0,3866522510,3872525830,0,0
06:12:21,36,BackgroundJob,1990661,0,0,15,57390
06:12:21,33,WebClient,0,3866522510,3872525830,0,0
06:12:21,36,BackgroundJob,1990661,0,0,15,57921
06:12:22,33,WebClient,0,3866522510,3872525830,0,0
06:12:22,36,BackgroundJob,1990661,0,0,15,58437
06:12:22,33,WebClient,0,3866522510,3872525830,0,0
06:12:22,36,BackgroundJob,1990661,0,0,15,59015
06:12:23,33,WebClient,0,3866522510,3872525830,0,0
06:12:23,36,BackgroundJob,1990661,0,0,15,59593
06:12:23,33,WebClient,0,3866522510,3872525830,0,0
06:12:23,36,BackgroundJob,1990661,0,0,15,60156
06:12:24,33,WebClient,0,3866522510,3872525830,0,0
06:12:24,36,BackgroundJob,1990661,0,0,15,60687
06:12:24,33,WebClient,0,3866522510,3872525830,0,0
06:12:24,36,BackgroundJob,1990661,0,0,15,61234
06:12:25,33,WebClient,0,3866522510,3872525830,0,0
06:12:25,36,BackgroundJob,1990661,0,0,15,61781
06:12:26,33,WebClient,0,3866522510,3872525830,0,0
06:12:26,36,BackgroundJob,1990661,0,0,15,62312
06:12:26,33,WebClient,0,3866522510,3872525830,0,0
06:12:26,36,BackgroundJob,1990661,0,0,15,62843
06:12:27,33,WebClient,0,3866522510,3872525830,0,0
06:12:27,36,BackgroundJob,1990661,0,0,15,63359
06:12:27,33,WebClient,0,3866522510,3872525830,0,0
06:12:27,36,BackgroundJob,1990661,0,0,15,63906
06:12:28,33,WebClient,0,3866522510,3872525830,0,0
06:12:28,36,BackgroundJob,1990661,0,0,15,64437
06:12:28,33,WebClient,0,1487470,3872548302,0,0
06:12:28,36,BackgroundJob,1990661,0,0,15,64968
06:12:29,33,WebClient,0,1487470,3872548302,0,0
06:12:29,36,BackgroundJob,1990661,0,0,15,65500
06:12:29,33,WebClient,0,1487470,3872548302,0,0
06:12:29,36,BackgroundJob,1990661,0,0,15,66046
06:12:30,33,WebClient,0,1487470,3872548302,0,0
06:12:30,36,BackgroundJob,1990661,0,0,15,66578
06:12:30,33,WebClient,0,1487470,3872548302,0,0
06:12:30,36,BackgroundJob,1990661,0,0,15,67125
06:12:31,33,WebClient,0,1487470,3872548302,0,0
06:12:31,36,BackgroundJob,1990661,0,0,15,67656
06:12:31,33,WebClient,0,1487470,3872548302,0,0
06:12:31,36,BackgroundJob,1990661,0,0,15,68171
06:12:32,33,WebClient,0,1487470,3872548302,0,0
06:12:32,36,BackgroundJob,1990661,0,0,15,68718
06:12:32,33,WebClient,0,1487470,3872548302,0,0
06:12:32,36,BackgroundJob,1990661,0,0,15,69250
06:12:33,33,WebClient,7512,1509942,3872570774,0,16
06:12:33,36,BackgroundJob,1990661,0,0,15,69812
06:12:34,33,WebClient,726672,1509942,3872570774,31,532
06:12:34,36,BackgroundJob,1990661,0,0,15,70328
06:12:34,33,WebClient,726672,1487465,3872570774,31,1063
06:12:34,36,BackgroundJob,1990661,0,0,15,70859
06:12:35,33,WebClient,0,1496913,3872580222,0,0
06:12:35,36,BackgroundJob,1990661,0,0,15,71406
06:12:35,33,WebClient,0,1496913,3872580222,0,0
06:12:35,36,BackgroundJob,1990661,0,0,15,71921
06:12:36,33,WebClient,0,1496913,3872580222,0,0
06:12:36,36,BackgroundJob,1990661,0,0,15,72437
06:12:36,33,WebClient,0,1496913,3872580222,0,0
06:12:36,36,BackgroundJob,1990661,0,0,15,72968
06:12:37,33,WebClient,0,1496913,3872580222,0,0
06:12:37,36,BackgroundJob,1990661,0,0,15,73484
06:12:37,33,WebClient,0,1496913,3872580222,0,0
06:12:37,36,BackgroundJob,1990661,0,0,15,74015
06:12:38,33,WebClient,0,1496913,3872580222,0,0
06:12:38,36,BackgroundJob,1990661,0,0,15,74531
06:12:38,33,WebClient,0,1496913,3872580222,0,0
06:12:38,36,BackgroundJob,1990661,0,0,15,75046
06:12:39,33,WebClient,0,1496913,3872580222,0,0
06:12:39,36,BackgroundJob,1990661,0,0,15,75562
06:12:39,33,WebClient,0,1496913,3872580222,0,0
06:12:39,36,BackgroundJob,1990661,0,0,15,76078
06:12:40,33,WebClient,0,1496913,3872580222,0,0
06:12:40,36,BackgroundJob,1990661,0,0,15,76578
06:12:40,33,WebClient,0,1496913,3872580222,0,0
06:12:40,36,BackgroundJob,1990661,0,0,15,77093
06:12:41,33,WebClient,0,1496913,3872580222,0,0
06:12:41,36,BackgroundJob,1990661,0,0,15,77609
06:12:41,33,WebClient,0,1496913,3872580222,0,0
06:12:41,36,BackgroundJob,1990661,0,0,15,78109
06:12:42,33,WebClient,0,1496913,3872580222,0,0
06:12:42,36,BackgroundJob,1990661,0,0,15,78625
06:12:42,33,WebClient,0,1496913,3872580222,0,0
06:12:42,36,BackgroundJob,1990661,0,0,15,79125
06:12:43,33,WebClient,0,1496913,3872580222,0,0
06:12:43,36,BackgroundJob,1990661,0,0,15,79640
06:12:43,33,WebClient,0,1496913,3872580222,0,0
06:12:43,36,BackgroundJob,1990661,0,0,15,80156
06:12:44,33,WebClient,0,1496913,3872580222,0,0
06:12:44,36,BackgroundJob,1990661,0,0,15,80656
06:12:44,33,WebClient,0,1496913,3872580222,0,0
06:12:44,36,BackgroundJob,1990661,0,0,15,81171
06:12:45,33,WebClient,0,1474446,3872581902,0,0
06:12:45,36,BackgroundJob,1990661,0,0,15,81687
06:12:45,33,WebClient,0,1474446,3872581902,0,0
06:12:45,36,BackgroundJob,1990661,0,0,15,82203
06:12:46,33,WebClient,0,1474446,3872581902,0,0
06:12:46,36,BackgroundJob,1990661,0,0,15,82703
06:12:46,33,WebClient,0,1474446,3872581902,0,0
06:12:46,36,BackgroundJob,1990661,0,0,15,83218
06:12:47,33,WebClient,0,1474446,3872581902,0,0
06:12:47,36,BackgroundJob,1990661,0,0,15,83734
06:12:47,33,WebClient,0,1474446,3872581902,0,0
06:12:47,36,BackgroundJob,1990661,0,0,15,84250
06:12:48,33,WebClient,0,1474446,3872581902,0,0
06:12:48,36,BackgroundJob,1990661,0,0,15,84750
06:12:48,33,WebClient,0,1496918,3872604374,0,0
06:12:48,36,BackgroundJob,1990661,0,0,15,85281
06:12:49,33,WebClient,0,1496918,3872604374,0,0
06:12:49,36,BackgroundJob,1990661,0,0,15,85796
06:12:50,33,WebClient,0,1524694,3872632150,0,0
06:12:50,36,BackgroundJob,1990661,0,0,15,86312
06:12:50,33,WebClient,0,1524694,3872632150,0,0
06:12:50,36,BackgroundJob,1990661,0,0,15,86828
06:12:51,33,WebClient,0,1524694,3872632150,0,0
06:12:51,36,BackgroundJob,1990661,0,0,15,87343
06:12:51,33,WebClient,0,1524694,3872632150,0,0
06:12:51,36,BackgroundJob,1990661,0,0,15,87859
06:12:52,33,WebClient,0,1524694,3872632150,0,0
06:12:52,36,BackgroundJob,1990661,0,0,15,88375
06:12:52,33,WebClient,0,1524694,3872632150,0,0
06:12:52,36,BackgroundJob,1990661,0,0,15,88937
06:12:53,33,WebClient,0,1524694,3872632150,0,0
06:12:53,36,BackgroundJob,1990661,0,0,15,89453
06:12:53,33,WebClient,0,1524694,3872632150,0,0
06:12:53,36,BackgroundJob,1990661,0,0,15,89953
06:12:54,33,WebClient,0,1524694,3872632150,0,0
06:12:54,36,BackgroundJob,1990661,0,0,15,90468
06:12:54,33,WebClient,0,1524694,3872632150,0,0
06:12:54,36,BackgroundJob,1990661,0,0,15,90984
06:12:55,33,WebClient,0,1524694,3872632150,0,0
06:12:55,36,BackgroundJob,1990661,0,0,15,91500
06:12:55,33,WebClient,0,1524694,3872632150,0,0
06:12:55,36,BackgroundJob,1990661,0,0,15,92015
06:12:56,33,WebClient,0,1524694,3872632150,0,0
06:12:56,36,BackgroundJob,1990661,0,0,15,92531
06:12:56,33,WebClient,0,1524694,3872632150,0,0
06:12:56,36,BackgroundJob,1990661,0,0,15,93062
06:12:57,33,WebClient,0,1524694,3872632150,0,0
06:12:57,36,BackgroundJob,1990661,0,0,15,93578
06:12:57,33,WebClient,0,1524694,3872632150,0,0
06:12:57,36,BackgroundJob,1990661,0,0,15,94093
06:12:58,33,WebClient,0,1524694,3872632150,0,0
06:12:58,36,BackgroundJob,1990661,0,0,15,94609
06:12:58,33,WebClient,0,1524694,3872632150,0,0
06:12:58,36,BackgroundJob,1990661,0,0,15,95109
06:12:59,33,WebClient,0,1524694,3872632150,0,0
06:12:59,36,BackgroundJob,1990661,0,0,15,95625
06:12:59,33,WebClient,0,1524694,3872632150,0,0
06:12:59,36,BackgroundJob,1990661,0,0,15,96140
06:13:00,33,WebClient,0,1507814,3872637718,0,0
06:13:00,36,BackgroundJob,1990661,0,0,15,96656
06:13:00,33,WebClient,0,1507814,3872637718,0,0
06:13:00,36,BackgroundJob,1990661,0,0,15,97171
06:13:01,33,WebClient,0,1507814,3872637718,0,0
06:13:01,36,BackgroundJob,1990661,0,0,15,97687
06:13:01,33,WebClient,0,1507814,3872637718,0,0
06:13:01,36,BackgroundJob,1990661,0,0,15,98187
06:13:02,33,WebClient,0,1507814,3872637718,0,0
06:13:02,36,BackgroundJob,1990661,0,0,15,98703
06:13:02,33,WebClient,0,1507814,3872637718,0,0
06:13:02,36,BackgroundJob,1990661,0,0,15,99218
06:13:03,33,WebClient,0,1507814,3872637718,0,0
06:13:03,36,BackgroundJob,1990661,0,0,15,99734
06:13:03,33,WebClient,0,1507814,3872637718,0,0
06:13:03,36,BackgroundJob,1990661,0,0,15,100265
06:13:04,33,WebClient,0,1507814,3872637718,0,0
06:13:04,36,BackgroundJob,1990661,0,0,15,100781
06:13:05,33,WebClient,0,1530286,3872660190,0,0
06:13:05,36,BackgroundJob,1990661,0,0,15,101296
06:13:05,33,WebClient,0,1530286,3872660190,0,0
06:13:05,36,BackgroundJob,1990661,0,0,15,101828
06:13:06,33,WebClient,0,1530286,3872660190,0,0
06:13:06,36,BackgroundJob,1990661,0,0,15,102359
06:13:06,33,WebClient,0,1530286,3872660190,0,0
06:13:06,36,BackgroundJob,1990661,0,0,15,102875
06:13:07,33,WebClient,0,1530286,3872660190,0,0
06:13:07,36,BackgroundJob,41427709,0,0,265,103375
06:13:07,33,WebClient,0,1530286,3872660190,0,0
06:13:07,36,BackgroundJob,127997357,0,0,671,103890
06:13:08,33,WebClient,0,1530286,3872660190,0,0
06:13:08,36,BackgroundJob,206079805,0,0,1062,104406
06:13:08,33,WebClient,0,1530286,3872660190,0,0
06:13:08,36,BackgroundJob,285951341,0,0,1406,104921
06:13:09,33,WebClient,0,1530286,3872660190,0,0
06:13:09,36,BackgroundJob,376485581,0,0,1812,105437
06:13:09,33,WebClient,0,1530286,3872660190,0,0
06:13:09,36,BackgroundJob,481400237,0,0,2265,105953
06:13:10,33,WebClient,0,1530286,3872660190,0,0
06:13:10,36,BackgroundJob,580830925,0,0,2656,106468
06:13:10,33,WebClient,0,1530286,3872660190,0,0
06:13:10,36,BackgroundJob,676076557,0,0,3015,106968
06:13:11,33,WebClient,0,1530286,3872660190,0,0
06:13:11,36,BackgroundJob,788435869,0,0,3453,107484
06:13:11,33,WebClient,0,1530286,3872660190,0,0
06:13:11,36,BackgroundJob,916250845,0,0,3890,108000
06:13:12,33,WebClient,0,1530286,3872660190,0,0
06:13:12,36,BackgroundJob,1007129821,0,0,4359,108515
06:13:12,33,WebClient,0,1530286,3872660190,0,0
06:13:12,36,BackgroundJob,1102004045,0,0,4734,109031
06:13:13,33,WebClient,0,1530286,3872660190,0,0
06:13:13,36,BackgroundJob,1191348125,0,0,5171,109546
06:13:13,33,WebClient,0,1530286,3872660190,0,0
06:13:13,36,BackgroundJob,1285058861,0,0,5609,110046
06:13:14,33,WebClient,0,1530286,3872660190,0,0
06:13:14,36,BackgroundJob,1353127805,0,0,5937,110562
06:13:14,33,WebClient,0,1530286,3872660190,0,0
06:13:14,36,BackgroundJob,1438819325,0,0,6343,111078
06:13:15,33,WebClient,0,1556118,3872686022,0,0
06:13:15,36,BackgroundJob,1534155245,0,0,6781,111609
06:13:15,33,WebClient,0,1556118,3872686022,0,0
06:13:15,36,BackgroundJob,1590798653,0,0,7109,112125
06:13:16,33,WebClient,0,1556118,3872686022,0,0
06:13:16,36,BackgroundJob,1696156541,0,0,7562,112625
06:13:16,33,WebClient,0,1556118,3872686022,0,0
06:13:16,36,BackgroundJob,1784523869,0,0,7937,113140
06:13:17,33,WebClient,0,1556118,3872686022,0,0
06:13:17,36,BackgroundJob,2038443261,0,0,8296,113656
06:13:17,33,WebClient,0,1556118,3872686022,0,0
06:13:17,36,BackgroundJob,2176008829,0,0,8531,114171
06:13:18,33,WebClient,0,1556118,3872686022,0,0
06:13:18,36,BackgroundJob,2346520797,0,0,8937,114687
06:13:18,33,WebClient,0,1556118,3872686022,0,0
06:13:18,36,BackgroundJob,2507750541,0,0,9234,115203
06:13:19,33,WebClient,0,1556118,3872686022,0,0
06:13:19,36,BackgroundJob,2624205645,0,0,9546,115718
06:13:19,33,WebClient,0,1556118,3872686022,0,0
06:13:19,36,BackgroundJob,2766023469,0,0,9843,116218
06:13:20,33,WebClient,0,1578590,3872708494,0,0
06:13:20,36,BackgroundJob,2868664509,0,0,10171,116734
06:13:20,33,WebClient,0,1578590,3872708494,0,0
06:13:20,36,BackgroundJob,2953122781,0,0,10375,117250
06:13:21,33,WebClient,0,1578590,3872708494,0,0
06:13:21,36,BackgroundJob,3216254845,0,0,10812,117765
06:13:21,33,WebClient,0,1578590,3872708494,0,0
06:13:21,36,BackgroundJob,3492257053,0,0,11312,118281
06:13:22,33,WebClient,0,1578590,3872708494,0,0
06:13:22,36,BackgroundJob,1803425509,0,0,11781,118796
06:13:23,33,WebClient,0,1578590,3872708494,0,0
06:13:23,36,BackgroundJob,1842353437,0,0,12203,119312
06:13:23,33,WebClient,0,1578590,3872708494,0,0
06:13:23,36,BackgroundJob,1882281709,0,0,12625,119812
06:13:24,33,WebClient,0,1578590,3872708494,0,0
06:13:24,36,BackgroundJob,1933507589,0,0,13093,120328
06:13:24,33,WebClient,0,1578590,3872708494,0,0
06:13:24,36,BackgroundJob,1987288861,0,0,13609,120843
06:13:25,33,WebClient,0,1578590,3872708494,0,0
06:13:25,36,BackgroundJob,2043050541,0,0,14109,121343
06:13:25,33,WebClient,0,1578590,3872708494,0,0
06:13:25,36,BackgroundJob,2103432861,0,0,14593,121859
06:13:26,33,WebClient,0,1578590,3872708494,0,0
06:13:26,36,BackgroundJob,2165322533,0,0,15093,122375
06:13:26,33,WebClient,0,1578590,3872708494,0,0
06:13:26,36,BackgroundJob,2230665437,0,0,15593,122875
06:13:27,33,WebClient,0,1578590,3872708494,0,0
06:13:27,36,BackgroundJob,2288763453,0,0,16031,123390
06:13:27,33,WebClient,0,1578590,3872708494,0,0
06:13:27,36,BackgroundJob,2318143309,0,0,16343,123906
06:13:28,33,WebClient,0,1578590,3872708494,0,0
06:13:28,36,BackgroundJob,2336530965,0,0,16593,124421
06:13:28,33,WebClient,0,1578590,3872708494,0,0
06:13:28,36,BackgroundJob,2367905821,0,0,16984,124921
06:13:29,33,WebClient,0,1578590,3872708494,0,0
06:13:29,36,BackgroundJob,2426140749,0,0,17453,125437
06:13:29,33,WebClient,0,1578590,3872708494,0,0
06:13:29,36,BackgroundJob,2482113957,0,0,17968,125953
06:13:30,33,WebClient,0,1578590,3872708494,0,0
06:13:30,36,BackgroundJob,2542915853,0,0,18468,126453
06:13:30,33,WebClient,0,1601062,3872730966,0,0
06:13:30,36,BackgroundJob,2602489965,0,0,18984,126968
06:13:31,33,WebClient,0,1601062,3872730966,0,0
06:13:31,36,BackgroundJob,2661269069,0,0,19484,127468
06:13:31,33,WebClient,0,1601062,3872730966,0,0
06:13:31,36,BackgroundJob,2714871653,0,0,19984,127984
06:13:32,33,WebClient,0,1601062,3872730966,0,0
06:13:32,36,BackgroundJob,2771369821,0,0,20500,128484
06:13:32,33,WebClient,0,1601062,3872730966,0,0
06:13:32,36,BackgroundJob,2825939301,0,0,21000,129000
06:13:33,33,WebClient,0,1601062,3872730966,0,0
06:13:33,36,BackgroundJob,2880293885,0,0,21515,129500
06:13:33,33,WebClient,0,1601062,3872730966,0,0
06:13:33,36,BackgroundJob,2912078965,0,0,21937,130015
06:13:34,33,WebClient,0,1601062,3872730966,0,0
06:13:34,36,BackgroundJob,2950753477,0,0,22406,130531
06:13:34,33,WebClient,0,1629398,3872759302,0,0
06:13:34,36,BackgroundJob,3000367077,0,0,22843,131031
06:13:35,33,WebClient,0,1629398,3872759302,0,0
06:13:35,36,BackgroundJob,3049147285,0,0,23312,131546
06:13:35,33,WebClient,0,1633286,3872763190,0,0
06:13:35,36,BackgroundJob,3098170757,0,0,23828,132062
06:13:36,33,WebClient,0,1633286,3872763190,0,0
06:13:36,36,BackgroundJob,3145174525,0,0,24328,132562
06:13:36,33,WebClient,0,1633286,3872763190,0,0
06:13:36,36,BackgroundJob,3192486557,0,0,24843,133078
06:13:37,33,WebClient,0,1633286,3872763190,0,0
06:13:37,36,BackgroundJob,3236633381,0,0,25343,133578
06:13:37,33,WebClient,0,1633286,3872763190,0,0
06:13:37,36,BackgroundJob,3280113293,0,0,25843,134093
06:13:38,33,WebClient,0,1633286,3872763190,0,0
06:13:38,36,BackgroundJob,3323842021,0,0,26343,134593
06:13:38,33,WebClient,0,1633286,3872763190,0,0
06:13:38,36,BackgroundJob,3367028493,0,0,26843,135109
06:13:39,33,WebClient,0,1633286,3872763190,0,0
06:13:39,36,BackgroundJob,3409928493,0,0,27359,135625
06:13:39,33,WebClient,0,1633286,3872763190,0,0
06:13:39,36,BackgroundJob,3451892805,0,0,27875,136125
06:13:40,33,WebClient,0,1633286,3872763190,0,0
06:13:40,36,BackgroundJob,3474034245,0,0,28218,136640
06:13:40,33,WebClient,0,1633286,3872763190,0,0
06:13:40,36,BackgroundJob,3507668605,0,0,28687,137140
06:13:41,33,WebClient,0,1633286,3872763190,0,0
06:13:41,36,BackgroundJob,3541802421,0,0,29171,137656
06:13:41,33,WebClient,0,1633286,3872763190,0,0
06:13:41,36,BackgroundJob,3582869117,0,0,29687,138171
06:13:42,33,WebClient,0,1633286,3872763190,0,0
06:13:42,36,BackgroundJob,3622156253,0,0,30187,138671
06:13:42,33,WebClient,0,1633286,3872763190,0,0
06:13:42,36,BackgroundJob,3661656253,0,0,30703,139187
06:13:43,33,WebClient,0,1633286,3872763190,0,0
06:13:43,36,BackgroundJob,3701935805,0,0,31203,139687
06:13:43,33,WebClient,0,1633286,3872763190,0,0
06:13:43,36,BackgroundJob,3741537245,0,0,31703,140203
06:13:44,33,WebClient,0,1633286,3872763190,0,0
06:13:44,36,BackgroundJob,3779619789,0,0,32218,140703
06:13:44,33,WebClient,0,1633286,3872763190,0,0
06:13:44,36,BackgroundJob,3817135557,0,0,32718,141218
06:13:45,33,WebClient,0,603318,3872763190,0,0
06:13:45,36,BackgroundJob,3854699461,0,0,33234,141718
06:13:45,33,WebClient,0,603318,3872763190,0,0
06:13:45,36,BackgroundJob,3891955925,0,0,33734,142234
06:13:46,33,WebClient,0,603318,3872763190,0,0
06:13:46,36,BackgroundJob,3928046237,0,0,34218,142750
06:13:46,33,WebClient,0,603318,3872763190,0,0
06:13:46,36,BackgroundJob,3963072981,0,0,34734,143250
06:13:47,33,WebClient,0,603318,3872763190,0,0
06:13:47,36,BackgroundJob,3999340261,0,0,35234,143765
06:13:47,33,WebClient,0,603318,3872763190,0,0
06:13:47,36,BackgroundJob,4035169821,0,0,35750,144281
06:13:48,33,WebClient,0,603318,3872763190,0,0
06:13:48,36,BackgroundJob,4067517909,0,0,36234,144781
06:13:49,33,WebClient,0,603318,3872763190,0,0
06:13:49,36,BackgroundJob,4100213013,0,0,36734,145296
06:13:49,33,WebClient,0,603318,3872763190,0,0
06:13:49,36,BackgroundJob,4132179757,0,0,37234,145796
06:13:50,33,WebClient,0,603318,3872763190,0,0
06:13:50,36,BackgroundJob,4162711933,0,0,37718,146312
06:13:50,33,WebClient,0,603318,3872763190,0,0
06:13:50,36,BackgroundJob,4190690781,0,0,38218,146812
06:13:51,33,WebClient,0,603318,3872763190,0,0
06:13:51,36,BackgroundJob,4218300837,0,0,38734,147328
06:13:51,33,WebClient,0,625790,3872785662,0,0
06:13:51,36,BackgroundJob,4244429781,0,0,39250,147828
06:13:52,33,WebClient,0,625790,3872785662,0,0
06:13:52,36,BackgroundJob,4272293501,0,0,39750,148343
06:13:52,33,WebClient,0,625790,3872785662,0,0
06:13:52,36,BackgroundJob,4299638397,0,0,40265,148843
06:13:53,33,WebClient,0,625790,3872785662,0,0
06:13:53,36,BackgroundJob,4326245861,0,0,40765,149359
06:13:53,33,WebClient,0,625790,3872785662,0,0
06:13:53,36,BackgroundJob,4352853925,0,0,41265,149859
06:13:54,33,WebClient,0,625790,3872785662,0,0
06:13:54,36,BackgroundJob,4378913085,0,0,41765,150375
06:13:54,33,WebClient,0,625790,3872785662,0,0
06:13:54,36,BackgroundJob,4405531317,0,0,42281,150890
06:13:55,33,WebClient,0,625790,3872785662,0,0
06:13:55,36,BackgroundJob,4429776173,0,0,42796,151406
06:13:55,33,WebClient,0,625790,3872785662,0,0
06:13:55,36,BackgroundJob,4457958717,0,0,43296,151906
06:13:56,33,WebClient,0,625790,3872785662,0,0
06:13:56,36,BackgroundJob,4484906349,0,0,43796,152421
06:13:56,33,WebClient,0,625790,3872785662,0,0
06:13:56,36,BackgroundJob,4512138021,0,0,44296,152921
06:13:57,33,WebClient,0,625790,3872785662,0,0
06:13:57,36,BackgroundJob,4540247829,0,0,44796,153437
06:13:57,33,WebClient,0,625790,3872785662,0,0
06:13:57,36,BackgroundJob,4569907941,0,0,45296,153953
06:13:58,33,WebClient,0,625790,3872785662,0,0
06:13:58,36,BackgroundJob,4597523157,0,0,45796,154453
06:13:58,33,WebClient,0,625790,3872785662,0,0
06:13:58,36,BackgroundJob,4625304733,0,0,46296,154968
06:13:59,33,WebClient,0,625790,3872785662,0,0
06:13:59,36,BackgroundJob,4653036973,0,0,46796,155484
06:13:59,33,WebClient,0,625790,3872785662,0,0
06:13:59,36,BackgroundJob,4675067725,0,0,47250,155984
06:14:00,33,WebClient,0,625790,3872785662,0,0
06:14:00,36,BackgroundJob,4702599629,0,0,47750,156500
06:14:00,33,WebClient,0,625790,3872785662,0,0
06:14:00,36,BackgroundJob,4731620381,0,0,48265,157015
06:14:01,33,WebClient,0,625790,3872785662,0,0
06:14:01,36,BackgroundJob,4759345261,0,0,48781,157515
06:14:01,33,WebClient,0,627494,3872809814,0,0
06:14:01,36,BackgroundJob,4785129829,0,0,49250,158031
06:14:02,33,WebClient,0,627494,3872809814,0,0
06:14:02,36,BackgroundJob,4810512893,0,0,49765,158546
06:14:02,33,WebClient,0,627494,3872809814,0,0
06:14:02,36,BackgroundJob,4835067941,0,0,50265,159046
06:14:03,33,WebClient,0,627494,3872809814,0,0
06:14:03,36,BackgroundJob,4862296661,0,0,50765,159562
06:14:03,33,WebClient,0,627494,3872809814,0,0
06:14:03,36,BackgroundJob,4889270301,0,0,51281,160062
06:14:04,33,WebClient,0,627494,3872809814,0,0
06:14:04,36,BackgroundJob,4915087685,0,0,51781,160578
06:14:04,33,WebClient,0,627494,3872809814,0,0
06:14:04,36,BackgroundJob,4941881557,0,0,52296,161078
06:14:05,33,WebClient,0,627494,3872809814,0,0
06:14:05,36,BackgroundJob,4969003165,0,0,52796,161593
06:14:05,33,WebClient,0,627494,3872809814,0,0
06:14:05,36,BackgroundJob,4994257789,0,0,53281,162109
06:14:06,33,WebClient,0,627494,3872809814,0,0
06:14:06,36,BackgroundJob,5019285909,0,0,53781,162609
06:14:06,33,WebClient,0,627494,3872809814,0,0
06:14:06,36,BackgroundJob,5044821117,0,0,54281,163125
06:14:07,33,WebClient,0,649966,3872832286,0,0
06:14:07,36,BackgroundJob,5068886677,0,0,54781,163640
06:14:07,33,WebClient,0,649966,3872832286,0,0
06:14:07,36,BackgroundJob,5092888013,0,0,55281,164156
06:14:08,33,WebClient,0,649966,3872832286,0,0
06:14:08,36,BackgroundJob,5114280157,0,0,55765,164671
06:14:08,33,WebClient,0,649966,3872832286,0,0
06:14:08,36,BackgroundJob,5132525757,0,0,56281,165187
06:14:09,33,WebClient,0,649966,3872832286,0,0
06:14:09,36,BackgroundJob,5145635597,0,0,56687,165703
06:14:09,33,WebClient,0,649966,3872832286,0,0
06:14:09,36,BackgroundJob,5160107125,0,0,57187,166203
06:14:10,33,WebClient,0,649966,3872832286,0,0
06:14:10,36,BackgroundJob,5174364717,0,0,57609,166734
06:14:10,33,WebClient,0,649966,3872832286,0,0
06:14:10,36,BackgroundJob,5190352861,0,0,58093,167250
06:14:11,33,WebClient,0,649966,3872832286,0,0
06:14:11,36,BackgroundJob,5201007405,0,0,58468,167765
06:14:11,33,WebClient,0,649966,3872832286,0,0
06:14:11,36,BackgroundJob,5218478805,0,0,58937,168281
06:14:12,33,WebClient,0,649966,3872832286,0,0
06:14:12,36,BackgroundJob,5240220381,0,0,59453,168796
06:14:13,33,WebClient,0,649966,3872832286,0,0
06:14:13,36,BackgroundJob,5258406277,0,0,59906,169312
06:14:13,33,WebClient,0,649966,3872832286,0,0
06:14:13,36,BackgroundJob,5269003725,0,0,60265,169828
06:14:14,33,WebClient,0,649966,3872832286,0,0
06:14:14,36,BackgroundJob,5285488213,0,0,60750,170343
06:14:14,33,WebClient,0,649966,3872832286,0,0
06:14:14,36,BackgroundJob,5299130413,0,0,61171,170859
06:14:15,33,WebClient,0,649966,3872832286,0,0
06:14:15,36,BackgroundJob,5312374701,0,0,61609,171375
06:14:15,33,WebClient,0,649966,3872832286,0,0
06:14:15,36,BackgroundJob,5328530813,0,0,62062,171890
06:14:16,33,WebClient,0,649966,3872832286,0,0
06:14:16,36,BackgroundJob,5348209373,0,0,62531,172406
06:14:16,33,WebClient,0,649966,3872832286,0,0
06:14:16,36,BackgroundJob,5364102677,0,0,62984,172921
06:14:17,33,WebClient,0,649966,3872832286,0,0
06:14:17,36,BackgroundJob,5378414509,0,0,63390,173437
06:14:17,33,WebClient,0,627542,3872854758,0,0
06:14:17,36,BackgroundJob,5390977341,0,0,63781,173953
06:14:18,33,WebClient,0,627542,3872854758,0,0
06:14:18,36,BackgroundJob,5406195661,0,0,64234,174484
06:14:18,33,WebClient,0,627542,3872854758,0,0
06:14:18,36,BackgroundJob,5421605301,0,0,64703,175015
06:14:19,33,WebClient,0,627542,3872854758,0,0
06:14:19,36,BackgroundJob,5434747573,0,0,65109,175531
06:14:19,33,WebClient,0,627542,3872854758,0,0
06:14:19,36,BackgroundJob,5448916733,0,0,65562,176046
06:14:20,33,WebClient,0,627542,3872854758,0,0
06:14:20,36,BackgroundJob,3685054141,0,0,66046,176562
06:14:20,33,WebClient,0,627542,3872854758,0,0
06:14:20,36,BackgroundJob,3702385901,0,0,66546,177078
06:14:21,33,WebClient,0,627542,3872854758,0,0
06:14:21,36,BackgroundJob,3720344629,0,0,67062,177593
06:14:21,33,WebClient,0,627542,3872854758,0,0
06:14:21,36,BackgroundJob,3735371917,0,0,67562,178109
06:14:22,33,WebClient,0,627542,3872854758,0,0
06:14:22,36,BackgroundJob,3749825565,0,0,68062,178625
06:14:22,33,WebClient,0,627542,3872854758,0,0
06:14:22,36,BackgroundJob,3763625197,0,0,68578,179140
06:14:23,33,WebClient,0,650011,3872877227,0,0
06:14:23,36,BackgroundJob,3776783557,0,0,69078,179656
06:14:23,33,WebClient,0,650011,3872877227,0,0
06:14:23,36,BackgroundJob,3790998629,0,0,69593,180171
06:14:24,33,WebClient,0,650011,3872877227,0,0
06:14:24,36,BackgroundJob,3802952789,0,0,70109,180687
06:14:24,33,WebClient,0,650011,3872877227,0,0
06:14:24,36,BackgroundJob,3814466885,0,0,70609,181203
06:14:25,33,WebClient,0,650011,3872877227,0,0
06:14:25,36,BackgroundJob,3823254821,0,0,71078,181703
06:14:25,33,WebClient,0,650011,3872877227,0,0
06:14:25,36,BackgroundJob,3834549933,0,0,71578,182218
06:14:26,33,WebClient,0,650011,3872877227,0,0
06:14:26,36,BackgroundJob,3843373925,0,0,72078,182734
06:14:26,33,WebClient,0,650011,3872877227,0,0
06:14:26,36,BackgroundJob,3852487981,0,0,72546,183250
06:14:27,33,WebClient,0,650011,3872877227,0,0
06:14:27,36,BackgroundJob,3861197765,0,0,73046,183765
06:14:27,33,WebClient,0,650011,3872877227,0,0
06:14:27,36,BackgroundJob,3869718757,0,0,73562,184281
06:14:28,33,WebClient,0,650011,3872877227,0,0
06:14:28,36,BackgroundJob,3877970621,0,0,74093,184812
06:14:29,33,WebClient,0,650011,3872877227,0,0
06:14:29,36,BackgroundJob,3885837445,0,0,74625,185343
06:14:29,33,WebClient,0,650011,3872877227,0,0
06:14:29,36,BackgroundJob,3891898541,0,0,75078,185859
06:14:30,33,WebClient,0,650011,3872877227,0,0
06:14:30,36,BackgroundJob,3899325045,0,0,75578,186375
06:14:30,33,WebClient,0,650011,3872877227,0,0
06:14:30,36,BackgroundJob,3906674125,0,0,76109,186890
06:14:31,33,WebClient,0,650011,3872877227,0,0
06:14:31,36,BackgroundJob,3917545445,0,0,76593,187421
06:14:31,33,WebClient,0,650011,3872877227,0,0
06:14:31,36,BackgroundJob,3924368429,0,0,77093,187921
06:14:32,33,WebClient,0,650011,3872877227,0,0
06:14:32,36,BackgroundJob,3931072213,0,0,77593,188437
06:14:32,33,WebClient,0,650011,3872877227,0,0
06:14:32,36,BackgroundJob,3937688349,0,0,78109,188953
06:14:33,33,WebClient,0,650011,3872877227,0,0
06:14:33,36,BackgroundJob,3944284269,0,0,78625,189453
06:14:33,33,WebClient,0,255953,3872886789,0,0
06:14:33,36,BackgroundJob,3950548669,0,0,79109,189968
06:14:34,33,WebClient,0,255953,3872886789,0,0
06:14:34,36,BackgroundJob,3956756837,0,0,79609,190484
06:14:34,33,WebClient,709856,278419,3872909255,15,375
06:14:34,36,BackgroundJob,3962799573,0,0,80093,191000
06:14:35,33,WebClient,0,267459,3872898295,0,0
06:14:35,36,BackgroundJob,3968709517,0,0,80593,191500
06:14:35,33,WebClient,0,267459,3872898295,0,0
06:14:35,36,BackgroundJob,3974386477,0,0,81093,192015
06:14:36,33,WebClient,0,267459,3872898295,0,0
06:14:36,36,BackgroundJob,3980057741,0,0,81609,192531
06:14:36,33,WebClient,0,267459,3872898295,0,0
06:14:36,36,BackgroundJob,3985714117,0,0,82109,193031
06:14:37,33,WebClient,0,267459,3872898295,0,0
06:14:37,36,BackgroundJob,3991323909,0,0,82593,193546
06:14:37,33,WebClient,0,267459,3872898295,0,0
06:14:37,36,BackgroundJob,3996770117,0,0,83109,194062
06:14:38,33,WebClient,0,267459,3872898295,0,0
06:14:38,36,BackgroundJob,4002098589,0,0,83625,194562
06:14:38,33,WebClient,0,267459,3872898295,0,0
06:14:38,36,BackgroundJob,4007494581,0,0,84125,195078
06:14:39,33,WebClient,0,267459,3872898295,0,0
06:14:39,36,BackgroundJob,4012798869,0,0,84640,195593
06:14:39,33,WebClient,0,267459,3872898295,0,0
06:14:39,36,BackgroundJob,4017609733,0,0,85140,196093
06:14:40,33,WebClient,0,267459,3872898295,0,0
06:14:40,36,BackgroundJob,4022607773,0,0,85640,196609
06:14:40,33,WebClient,0,267459,3872898295,0,0
06:14:40,36,BackgroundJob,4027742229,0,0,86156,197125
06:14:41,33,WebClient,0,267459,3872898295,0,0
06:14:41,36,BackgroundJob,4037730157,0,0,86671,197640
06:14:41,33,WebClient,0,267459,3872898295,0,0
06:14:41,36,BackgroundJob,4041578829,0,0,87156,198156
06:14:42,33,WebClient,0,267459,3872898295,0,0
06:14:42,36,BackgroundJob,4044322189,0,0,87609,198671
06:14:42,33,WebClient,0,267459,3872898295,0,0
06:14:42,36,BackgroundJob,4046729733,0,0,87984,199187
06:14:43,33,WebClient,0,267459,3872898295,0,0
06:14:43,36,BackgroundJob,4049407445,0,0,88390,199703
06:14:43,33,WebClient,0,267459,3872898295,0,0
06:14:43,36,BackgroundJob,4053172373,0,0,88906,200218
06:14:44,33,WebClient,0,267459,3872898295,0,0
06:14:44,36,BackgroundJob,4056444053,0,0,89406,200734
06:14:44,33,WebClient,0,267459,3872898295,0,0
06:14:44,36,BackgroundJob,4060192253,0,0,89906,201234
06:14:45,33,WebClient,0,267459,3872898295,0,0
06:14:45,36,BackgroundJob,4063976989,0,0,90390,201750
06:14:45,33,WebClient,0,267459,3872898295,0,0
06:14:45,36,BackgroundJob,4067721469,0,0,90890,202265
06:14:46,33,WebClient,0,267459,3872898295,0,0
06:14:46,36,BackgroundJob,4070960069,0,0,91296,202781
06:14:47,33,WebClient,0,267459,3872898295,0,0
06:14:47,36,BackgroundJob,4073805837,0,0,91750,203296
06:14:47,33,WebClient,0,267459,3872898295,0,0
06:14:47,36,BackgroundJob,4076196349,0,0,92140,203812
06:14:48,33,WebClient,0,267459,3872898295,0,0
06:14:48,36,BackgroundJob,4080030717,0,0,92656,204328
06:14:48,33,WebClient,0,267459,3872898295,0,0
06:14:48,36,BackgroundJob,4083499997,0,0,93140,204828
06:14:49,33,WebClient,0,267459,3872898295,0,0
06:14:49,36,BackgroundJob,4087526589,0,0,93640,205343
06:14:49,33,WebClient,0,194383,3872847673,0,0
06:14:49,36,BackgroundJob,4091305605,0,0,94140,205859
06:14:50,33,WebClient,0,194383,3872847673,0,0
06:14:50,36,BackgroundJob,4095185093,0,0,94656,206359
06:14:50,33,WebClient,0,194383,3872847673,0,0
06:14:50,36,BackgroundJob,4099279365,0,0,95156,206875
06:14:51,33,WebClient,0,194383,3872847673,0,0
06:14:51,36,BackgroundJob,4103471845,0,0,95656,207375
06:14:51,33,WebClient,0,194383,3872847673,0,0
06:14:51,36,BackgroundJob,4107391045,0,0,96156,207890
06:14:52,33,WebClient,0,194383,3872847673,0,0
06:14:52,36,BackgroundJob,4111450597,0,0,96609,208406
06:14:52,33,WebClient,0,194383,3872847673,0,0
06:14:52,36,BackgroundJob,4114809157,0,0,97062,208906
06:14:53,33,WebClient,0,194383,3872847673,0,0
06:14:53,36,BackgroundJob,4118367997,0,0,97531,209421
06:14:53,33,WebClient,0,194383,3872847673,0,0
06:14:53,36,BackgroundJob,4121508693,0,0,98015,209937
06:14:54,33,WebClient,0,194383,3872847673,0,0
06:14:54,36,BackgroundJob,4125081173,0,0,98515,210453
06:14:54,33,WebClient,0,216849,3872870139,0,0
06:14:54,36,BackgroundJob,4128303421,0,0,99000,210968
06:14:55,33,WebClient,0,216849,3872870139,0,0
06:14:55,36,BackgroundJob,4131463653,0,0,99453,211468
06:14:55,33,WebClient,0,216849,3872870139,0,0
06:14:55,36,BackgroundJob,4134701093,0,0,99953,211984
06:14:56,33,WebClient,0,216849,3872870139,0,0
06:14:56,36,BackgroundJob,4137890189,0,0,100453,212500
06:14:56,33,WebClient,0,216849,3872870139,0,0
06:14:56,36,BackgroundJob,4139557445,0,0,100796,213015
06:14:57,33,WebClient,0,216849,3872870139,0,0
06:14:57,36,BackgroundJob,4142408173,0,0,101250,213531
06:14:57,33,WebClient,0,216849,3872870139,0,0
06:14:57,36,BackgroundJob,4145418309,0,0,101734,214078
06:14:58,33,WebClient,0,216849,3872870139,0,0
06:14:58,36,BackgroundJob,4148311005,0,0,102156,214593
06:14:58,33,WebClient,0,216849,3872870139,0,0
06:14:58,36,BackgroundJob,4150585157,0,0,102546,215093
06:14:59,33,WebClient,0,216849,3872870139,0,0
06:14:59,36,BackgroundJob,4152008349,0,0,102828,215625
06:14:59,33,WebClient,0,216849,3872870139,0,0
06:14:59,36,BackgroundJob,4153890317,0,0,103281,216140
06:15:00,33,WebClient,0,216849,3872870139,0,0
06:15:00,36,BackgroundJob,4155617149,0,0,103609,216671
06:15:00,33,WebClient,0,216849,3872870139,0,0
06:15:00,36,BackgroundJob,4156905205,0,0,103937,217187
06:15:01,33,WebClient,0,216849,3872870139,0,0
06:15:01,36,BackgroundJob,4158041613,0,0,104171,217703
06:15:01,33,WebClient,0,216849,3872870139,0,0
06:15:01,36,BackgroundJob,4160496605,0,0,104640,218234
06:15:02,33,WebClient,0,216849,3872870139,0,0
06:15:02,36,BackgroundJob,4162608645,0,0,105062,218750
06:15:02,33,WebClient,0,216849,3872870139,0,0
06:15:02,36,BackgroundJob,4165314133,0,0,105562,219265
06:15:03,33,WebClient,0,216849,3872870139,0,0
06:15:03,36,BackgroundJob,4168338941,0,0,106046,219765
06:15:03,33,WebClient,0,216849,3872870139,0,0
06:15:03,36,BackgroundJob,4171443141,0,0,106531,220281
06:15:04,33,WebClient,0,216849,3872870139,0,0
06:15:04,36,BackgroundJob,4174463501,0,0,107046,220781
06:15:05,33,WebClient,0,216849,3872870139,0,0
06:15:05,36,BackgroundJob,4177557957,0,0,107546,221296
06:15:05,33,WebClient,0,196087,3872894285,0,0
06:15:05,36,BackgroundJob,4179709309,0,0,107953,221812
06:15:06,33,WebClient,0,196087,3872894285,0,0
06:15:06,36,BackgroundJob,4182777381,0,0,108468,222312
06:15:06,33,WebClient,0,196087,3872894285,0,0
06:15:06,36,BackgroundJob,4185651597,0,0,108937,222828
06:15:07,33,WebClient,0,196087,3872894285,0,0
06:15:07,36,BackgroundJob,4188573725,0,0,109468,223359
06:15:07,33,WebClient,0,196087,3872894285,0,0
06:15:07,36,BackgroundJob,4191533061,0,0,109984,223859
06:15:08,33,WebClient,0,196087,3872894285,0,0
06:15:08,36,BackgroundJob,4194496877,0,0,110453,224375
06:15:08,33,WebClient,0,196087,3872894285,0,0
06:15:08,36,BackgroundJob,4195985885,0,0,110781,224890
06:15:09,33,WebClient,0,196087,3872894285,0,0
06:15:09,36,BackgroundJob,4196238573,0,0,110890,225437
06:15:09,33,WebClient,0,196087,3872894285,0,0
06:15:09,36,BackgroundJob,4198842469,0,0,111359,225937
06:15:10,33,WebClient,0,196087,3872894285,0,0
06:15:10,36,BackgroundJob,4201631317,0,0,111859,226453
06:15:10,33,WebClient,0,218553,3872916751,0,0
06:15:10,36,BackgroundJob,4204384861,0,0,112375,226968
06:15:11,33,WebClient,0,218553,3872916751,0,0
06:15:11,36,BackgroundJob,4207130789,0,0,112875,227484
06:15:11,33,WebClient,0,218553,3872916751,0,0
06:15:11,36,BackgroundJob,4209551573,0,0,113375,227984
06:15:12,33,WebClient,0,218553,3872916751,0,0
06:15:12,36,BackgroundJob,4212238621,0,0,113875,228500
06:15:12,33,WebClient,0,218553,3872916751,0,0
06:15:12,36,BackgroundJob,4223278085,0,0,114375,229015
06:15:13,33,WebClient,0,218553,3872916751,0,0
06:15:13,36,BackgroundJob,4226206157,0,0,114890,229531
06:15:13,33,WebClient,0,218553,3872916751,0,0
06:15:13,36,BackgroundJob,4229176917,0,0,115375,230046
06:15:14,33,WebClient,0,218553,3872916751,0,0
06:15:14,36,BackgroundJob,4232220637,0,0,115890,230562
06:15:14,33,WebClient,0,218553,3872916751,0,0
06:15:14,36,BackgroundJob,4234544621,0,0,116328,231062
06:15:15,33,WebClient,0,218553,3872916751,0,0
06:15:15,36,BackgroundJob,4237105173,0,0,116828,231578
06:15:15,33,WebClient,0,218553,3872916751,0,0
06:15:15,36,BackgroundJob,4239068013,0,0,117265,232093
06:15:16,33,WebClient,0,218553,3872916751,0,0
06:15:16,36,BackgroundJob,4241741237,0,0,117781,232609
06:15:16,33,WebClient,0,218553,3872916751,0,0
06:15:16,36,BackgroundJob,4244196893,0,0,118265,233125
06:15:17,33,WebClient,0,218553,3872916751,0,0
06:15:17,36,BackgroundJob,4246775981,0,0,118765,233640
06:15:17,33,WebClient,0,218553,3872916751,0,0
06:15:17,36,BackgroundJob,4249392165,0,0,119281,234156
06:15:18,33,WebClient,0,218553,3872916751,0,0
06:15:18,36,BackgroundJob,4252160221,0,0,119796,234671
06:15:18,33,WebClient,0,218553,3872916751,0,0
06:15:18,36,BackgroundJob,4254815725,0,0,120312,235171
06:15:19,33,WebClient,0,218553,3872916751,0,0
06:15:19,36,BackgroundJob,4257303157,0,0,120796,235687
06:15:19,33,WebClient,0,218553,3872916751,0,0
06:15:19,36,BackgroundJob,4260155581,0,0,121281,236203
06:15:20,33,WebClient,0,220245,3872940897,0,0
06:15:20,36,BackgroundJob,4263142085,0,0,121796,236718
06:15:20,33,WebClient,0,220245,3872940897,0,0
06:15:20,36,BackgroundJob,4265768693,0,0,122296,237218
06:15:21,33,WebClient,0,220245,3872940897,0,0
06:15:21,36,BackgroundJob,4268570285,0,0,122796,237734
06:15:21,33,WebClient,0,220245,3872940897,0,0
06:15:21,36,BackgroundJob,4271115437,0,0,123296,238250
06:15:22,33,WebClient,0,220245,3872940897,0,0
06:15:22,36,BackgroundJob,4273828389,0,0,123765,238750
06:15:22,33,WebClient,0,220245,3872940897,0,0
06:15:22,36,BackgroundJob,4274877389,0,0,124062,239265
06:15:23,33,WebClient,0,220245,3872940897,0,0
06:15:23,36,BackgroundJob,4275548421,0,0,124250,239781
06:15:24,33,WebClient,0,220245,3872940897,0,0
06:15:24,36,BackgroundJob,4277400533,0,0,124609,240296
06:15:24,33,WebClient,0,220245,3872940897,0,0
06:15:24,36,BackgroundJob,4278094677,0,0,124890,240812
06:15:25,33,WebClient,0,220245,3872940897,0,0
06:15:25,36,BackgroundJob,4278361357,0,0,125062,241328
06:15:25,33,WebClient,194778,242711,3872963363,15,188
06:15:25,36,BackgroundJob,4278725165,0,0,125281,241828
06:15:26,33,WebClient,0,242711,3872963363,0,0
06:15:26,36,BackgroundJob,4279494885,0,0,125484,242343
06:15:26,33,WebClient,0,242711,3872963363,0,0
06:15:26,36,BackgroundJob,4282199149,0,0,126000,242859
06:15:27,33,WebClient,0,242711,3872963363,0,0
06:15:27,36,BackgroundJob,4284999005,0,0,126453,243359
06:15:27,33,WebClient,0,242711,3872963363,0,0
06:15:27,36,BackgroundJob,4287656133,0,0,126968,243875
06:15:28,33,WebClient,0,242711,3872963363,0,0
06:15:28,36,BackgroundJob,4290407085,0,0,127468,244375
06:15:28,33,WebClient,0,242711,3872963363,0,0
06:15:28,36,BackgroundJob,4292864333,0,0,127937,244890
06:15:29,33,WebClient,0,242711,3872963363,0,0
06:15:29,36,BackgroundJob,4295580021,0,0,128453,245406
06:15:29,33,WebClient,0,242711,3872963363,0,0
06:15:29,36,BackgroundJob,4297427989,0,0,128859,245906
06:15:30,33,WebClient,0,242711,3872963363,0,0
06:15:30,36,BackgroundJob,4299952997,0,0,129343,246421
06:15:30,33,WebClient,0,242711,3872963363,0,0
06:15:30,36,BackgroundJob,4302643373,0,0,129828,246937
06:15:31,33,WebClient,0,242711,3872963363,0,0
06:15:31,36,BackgroundJob,4305595285,0,0,130312,247437
06:15:31,33,WebClient,0,242711,3872963363,0,0
06:15:31,36,BackgroundJob,4308331357,0,0,130812,247953
06:15:32,33,WebClient,0,242711,3872963363,0,0
06:15:32,36,BackgroundJob,4311066669,0,0,131312,248453
06:15:32,33,WebClient,0,242711,3872963363,0,0
06:15:32,36,BackgroundJob,4313579957,0,0,131812,248968
06:15:33,33,WebClient,0,242711,3872963363,0,0
06:15:33,36,BackgroundJob,4316386973,0,0,132312,249484
06:15:33,33,WebClient,0,242711,3872963363,0,0
06:15:33,36,BackgroundJob,4319255013,0,0,132828,249984
06:15:34,33,WebClient,0,242711,3872963363,0,0
06:15:34,36,BackgroundJob,4322209589,0,0,133296,250500
06:15:34,33,WebClient,0,242711,3872963363,0,0
06:15:34,36,BackgroundJob,4325135229,0,0,133812,251000
06:15:35,33,WebClient,0,242711,3872963363,0,0
06:15:35,36,BackgroundJob,4328119877,0,0,134296,251515
06:15:35,33,WebClient,0,234850,3872993450,0,0
06:15:35,36,BackgroundJob,4330936365,0,0,134812,252031
06:15:36,33,WebClient,0,234850,3872993450,0,0
06:15:36,36,BackgroundJob,4333646581,0,0,135296,252531
06:15:36,33,WebClient,0,234850,3872993450,0,0
06:15:36,36,BackgroundJob,4336355357,0,0,135796,253046
06:15:37,33,WebClient,0,234850,3872993450,0,0
06:15:37,36,BackgroundJob,4339172045,0,0,136312,253562
06:15:37,33,WebClient,0,234850,3872993450,0,0
06:15:37,36,BackgroundJob,4341870485,0,0,136812,254062
06:15:38,33,WebClient,0,234850,3872993450,0,0
06:15:38,36,BackgroundJob,4344717117,0,0,137296,254593
06:15:38,33,WebClient,0,234850,3872993450,0,0
06:15:38,36,BackgroundJob,4347459141,0,0,137812,255109
06:15:39,33,WebClient,0,234850,3872993450,0,0
06:15:39,36,BackgroundJob,4350126597,0,0,138328,255609
06:15:39,33,WebClient,0,234850,3872993450,0,0
06:15:39,36,BackgroundJob,4352441901,0,0,138828,256125
06:15:40,33,WebClient,0,234850,3872993450,0,0
06:15:40,36,BackgroundJob,4354773229,0,0,139343,256640
06:15:40,33,WebClient,0,234850,3872993450,0,0
06:15:40,36,BackgroundJob,4356778205,0,0,139781,257171
06:15:41,33,WebClient,-3731691,238738,3872997338,15,62
06:15:41,36,BackgroundJob,4359325253,0,0,140296,257671
06:15:41,33,WebClient,0,238738,3872997338,0,0
06:15:41,36,BackgroundJob,4361667637,0,0,140765,258187
06:15:42,33,WebClient,0,238738,3872997338,0,0
06:15:42,36,BackgroundJob,4363590789,0,0,141281,258703
06:15:42,33,WebClient,0,238738,3872997338,0,0
06:15:42,36,BackgroundJob,4364774893,0,0,141656,259234
06:15:43,33,WebClient,0,238738,3872997338,0,0
06:15:43,36,BackgroundJob,4366638925,0,0,142140,259750
06:15:43,33,WebClient,0,238738,3872997338,0,0
06:15:43,36,BackgroundJob,4368516349,0,0,142656,260265
06:15:44,33,WebClient,0,238738,3872997338,0,0
06:15:44,36,BackgroundJob,4370373485,0,0,143125,260765
06:15:44,33,WebClient,0,238738,3872997338,0,0
06:15:44,36,BackgroundJob,4372338269,0,0,143640,261281
06:15:45,33,WebClient,0,238738,3872997338,0,0
06:15:45,36,BackgroundJob,4374152981,0,0,144156,261796
06:15:46,33,WebClient,0,238738,3872997338,0,0
06:15:46,36,BackgroundJob,4376196341,0,0,144671,262312
06:15:46,33,WebClient,0,238738,3872997338,0,0
06:15:46,36,BackgroundJob,4378177301,0,0,145156,262812
06:15:47,33,WebClient,0,238738,3872997338,0,0
06:15:47,36,BackgroundJob,4380298341,0,0,145609,263328
06:15:47,33,WebClient,0,238738,3872997338,0,0
06:15:47,36,BackgroundJob,4382705005,0,0,146125,263828
06:15:48,33,WebClient,0,238738,3872997338,0,0
06:15:48,36,BackgroundJob,4384921037,0,0,146625,264343
06:15:48,33,WebClient,0,238738,3872997338,0,0
06:15:48,36,BackgroundJob,4387104461,0,0,147140,264859
06:15:49,33,WebClient,0,238738,3872997338,0,0
06:15:49,36,BackgroundJob,4389511541,0,0,147640,265359
06:15:49,33,WebClient,0,238738,3872997338,0,0
06:15:49,36,BackgroundJob,4391656485,0,0,148156,265875
06:15:50,33,WebClient,0,238738,3872997338,0,0
06:15:50,36,BackgroundJob,4393820629,0,0,148656,266375
06:15:50,33,WebClient,0,238738,3872997338,0,0
06:15:50,36,BackgroundJob,4395719013,0,0,149140,266890
06:15:51,33,WebClient,0,238738,3872997338,0,0
06:15:51,36,BackgroundJob,4397813749,0,0,149640,267406
06:15:51,33,WebClient,0,-8361890,3864420847,0,0
06:15:51,36,BackgroundJob,4399999429,0,0,150140,267906
06:15:52,33,WebClient,0,-8361890,3864420847,0,0
06:15:52,36,BackgroundJob,4402433261,0,0,150640,268421
06:15:52,33,WebClient,0,-8361890,3864420847,0,0
06:15:52,36,BackgroundJob,4404803901,0,0,151140,268937
06:15:53,33,WebClient,0,-8361890,3864420847,0,0
06:15:53,36,BackgroundJob,4406925581,0,0,151656,269437
06:15:53,33,WebClient,0,-8361890,3864420847,0,0
06:15:53,36,BackgroundJob,4408977181,0,0,152171,269953
06:15:54,33,WebClient,0,-8361890,3864420847,0,0
06:15:54,36,BackgroundJob,4411035213,0,0,152671,270468
06:15:54,33,WebClient,0,-8361890,3864420847,0,0
06:15:54,36,BackgroundJob,4413345725,0,0,153187,270984
06:15:55,33,WebClient,0,-8361890,3864420847,0,0
06:15:55,36,BackgroundJob,4415614917,0,0,153703,271484
06:15:55,33,WebClient,0,-8361890,3864420847,0,0
06:15:55,36,BackgroundJob,4417842677,0,0,154203,272000
06:15:56,33,WebClient,0,-8361890,3864420847,0,0
06:15:56,36,BackgroundJob,4420137477,0,0,154703,272515
06:15:56,33,WebClient,0,-8361890,3864420847,0,0
06:15:56,36,BackgroundJob,4422246613,0,0,155203,273015
06:15:57,33,WebClient,0,-8361890,3864420847,0,0
06:15:57,36,BackgroundJob,4424387901,0,0,155703,273531
06:15:57,33,WebClient,0,-8339427,3864443310,0,0
06:15:57,36,BackgroundJob,4426713293,0,0,156218,274046
06:15:58,33,WebClient,0,-8339427,3864443310,0,0
06:15:58,36,BackgroundJob,4428931197,0,0,156734,274546
06:15:58,33,WebClient,0,-8339427,3864443310,0,0
06:15:58,36,BackgroundJob,4431099165,0,0,157234,275062
06:15:59,33,WebClient,0,-8339427,3864443310,0,0
06:15:59,36,BackgroundJob,4432942653,0,0,157750,275578
06:15:59,33,WebClient,0,-8339427,3864443310,0,0
06:15:59,36,BackgroundJob,4434123701,0,0,158125,276078
06:16:00,33,WebClient,0,-8339427,3864443310,0,0
06:16:00,36,BackgroundJob,4435925317,0,0,158625,276593
06:16:00,33,WebClient,0,-8339427,3864443310,0,0
06:16:00,36,BackgroundJob,4437302269,0,0,159125,277109
06:16:01,33,WebClient,0,-8339427,3864443310,0,0
06:16:01,36,BackgroundJob,4438822029,0,0,159640,277609
06:16:01,33,WebClient,0,-8339427,3864443310,0,0
06:16:01,36,BackgroundJob,4440300805,0,0,160125,278125
06:16:02,33,WebClient,0,-8339427,3864443310,0,0
06:16:02,36,BackgroundJob,4441877109,0,0,160625,278640
06:16:02,33,WebClient,0,-8339427,3864443310,0,0
06:16:02,36,BackgroundJob,4443263149,0,0,161125,279156
06:16:03,33,WebClient,0,-8339427,3864443310,0,0
06:16:03,36,BackgroundJob,4444702045,0,0,161625,279656
06:16:03,33,WebClient,0,-8339427,3864443310,0,0
06:16:03,36,BackgroundJob,4446224981,0,0,162125,280171
06:16:04,33,WebClient,0,-8339427,3864443310,0,0
06:16:04,36,BackgroundJob,4137905437,0,0,162593,280671
06:16:04,33,WebClient,0,-8339427,3864443310,0,0
06:16:04,36,BackgroundJob,3839335853,0,0,162984,281187
06:16:05,33,WebClient,0,-8339427,3864443310,0,0
06:16:05,36,BackgroundJob,3840686021,0,0,163000,281703
06:16:05,33,WebClient,0,-8339427,3864443310,0,0
06:16:05,36,BackgroundJob,3839630309,0,0,163234,282218
06:16:06,33,WebClient,0,-8339427,3864443310,0,0
06:16:06,36,BackgroundJob,3840667805,0,0,163609,282718
06:16:06,33,WebClient,0,-8339427,3864443310,0,0
06:16:06,36,BackgroundJob,3845634805,0,0,164109,283234
06:16:07,33,WebClient,0,-7729052,3864465773,0,0
06:16:07,36,BackgroundJob,3850618333,0,0,164546,283734
06:16:07,33,WebClient,0,-7729052,3864465773,0,0
06:16:07,36,BackgroundJob,3855290069,0,0,165015,284250
06:16:08,33,WebClient,0,-7729052,3864465773,0,0
06:16:08,36,BackgroundJob,3859314637,0,0,165531,284765
06:16:08,33,WebClient,0,-7729052,3864465773,0,0
06:16:08,36,BackgroundJob,3860994397,0,0,165828,285281
06:16:09,33,WebClient,0,-7729052,3864465773,0,0
06:16:09,36,BackgroundJob,3863582717,0,0,166265,285828
06:16:10,33,WebClient,0,-7729052,3864465773,0,0
06:16:10,36,BackgroundJob,3865197045,0,0,166531,286343
06:16:10,33,WebClient,0,-7729052,3864465773,0,0
06:16:10,36,BackgroundJob,3867052645,0,0,166875,286843
06:16:11,33,WebClient,0,-7729052,3864465773,0,0
06:16:11,36,BackgroundJob,3869761261,0,0,167281,287359
06:16:11,33,WebClient,0,-7729052,3864465773,0,0
06:16:11,36,BackgroundJob,3872515997,0,0,167703,287875
06:16:12,33,WebClient,0,-7729052,3864465773,0,0
06:16:12,36,BackgroundJob,3874968837,0,0,168109,288390
06:16:12,33,WebClient,0,-7706592,3864488233,0,0
06:16:12,36,BackgroundJob,3877096325,0,0,168453,288906
06:16:13,33,WebClient,0,-7706592,3864488233,0,0
06:16:13,36,BackgroundJob,3879318317,0,0,168875,289421
06:16:13,33,WebClient,0,-7706592,3864488233,0,0
06:16:13,36,BackgroundJob,3881933581,0,0,169296,289953
06:16:14,33,WebClient,0,-7706592,3864488233,0,0
06:16:14,36,BackgroundJob,3884699157,0,0,169718,290453
06:16:14,33,WebClient,0,-7706592,3864488233,0,0
06:16:14,36,BackgroundJob,3887536549,0,0,170171,290968
06:16:15,33,WebClient,0,-7706592,3864488233,0,0
06:16:15,36,BackgroundJob,3890078429,0,0,170500,291500
06:16:15,33,WebClient,0,-7706592,3864488233,0,0
06:16:15,36,BackgroundJob,3892952205,0,0,170937,292015
06:16:16,33,WebClient,0,-7706592,3864488233,0,0
06:16:16,36,BackgroundJob,3895628869,0,0,171281,292531
06:16:16,33,WebClient,0,-7706592,3864488233,0,0
06:16:16,36,BackgroundJob,3897772101,0,0,171640,293031
06:16:17,33,WebClient,0,-7706592,3864488233,0,0
06:16:17,36,BackgroundJob,3900341229,0,0,172109,293546
06:16:17,33,WebClient,0,-7706592,3864488233,0,0
06:16:17,36,BackgroundJob,3903168221,0,0,172515,294062
06:16:18,33,WebClient,0,-7706592,3864488233,0,0
06:16:18,36,BackgroundJob,3905816565,0,0,172984,294578
06:16:18,33,WebClient,0,-7706592,3864488233,0,0
06:16:18,36,BackgroundJob,3908535389,0,0,173484,295093
06:16:19,33,WebClient,0,-7706592,3864488233,0,0
06:16:19,36,BackgroundJob,3911158605,0,0,173953,295593
06:16:19,33,WebClient,0,-7706592,3864488233,0,0
06:16:19,36,BackgroundJob,3913617189,0,0,174453,296109
06:16:20,33,WebClient,0,-7706592,3864488233,0,0
06:16:20,36,BackgroundJob,3916507557,0,0,174828,296640
06:16:20,33,WebClient,0,-7706592,3864488233,0,0
06:16:20,36,BackgroundJob,3919463501,0,0,175281,297156
06:16:21,33,WebClient,0,-7706592,3864488233,0,0
06:16:21,36,BackgroundJob,3922473789,0,0,175671,297656
06:16:21,33,WebClient,0,-7706592,3864488233,0,0
06:16:21,36,BackgroundJob,3925416677,0,0,176109,298171
06:16:22,33,WebClient,0,-7706592,3864488233,0,0
06:16:22,36,BackgroundJob,3927456405,0,0,176484,298703
06:16:22,33,WebClient,0,-7706592,3864488233,0,0
06:16:22,36,BackgroundJob,3930326973,0,0,176921,299218
06:16:23,33,WebClient,0,-7704921,3864512370,0,0
06:16:23,36,BackgroundJob,3933602549,0,0,177359,299734
06:16:23,33,WebClient,0,-7704921,3864512370,0,0
06:16:23,36,BackgroundJob,3936831989,0,0,177812,300250
06:16:24,33,WebClient,0,-7704921,3864512370,0,0
06:16:24,36,BackgroundJob,3941733565,0,0,178250,300765
06:16:24,33,WebClient,0,-7704921,3864512370,0,0
06:16:24,36,BackgroundJob,3943578277,0,0,178578,301281
06:16:25,33,WebClient,0,-7704921,3864512370,0,0
06:16:25,36,BackgroundJob,3945684197,0,0,178921,301796
06:16:26,33,WebClient,0,-7704921,3864512370,0,0
06:16:26,36,BackgroundJob,3949390541,0,0,179343,302296
06:16:26,33,WebClient,0,-7704921,3864512370,0,0
06:16:26,36,BackgroundJob,3952067965,0,0,179750,302812
06:16:27,33,WebClient,0,-7704921,3864512370,0,0
06:16:27,36,BackgroundJob,3954697365,0,0,180109,303328
06:16:27,33,WebClient,0,-7704921,3864512370,0,0
06:16:27,36,BackgroundJob,3957245877,0,0,180515,303843
06:16:28,33,WebClient,0,-7704921,3864512370,0,0
06:16:28,36,BackgroundJob,3959478669,0,0,180984,304359
06:16:28,33,WebClient,0,-7682467,3864534824,0,0
06:16:28,36,BackgroundJob,3962426173,0,0,181406,304875
06:16:29,33,WebClient,0,-7682467,3864534824,0,0
06:16:29,36,BackgroundJob,3966105029,0,0,181875,305375
06:16:29,33,WebClient,0,-7682467,3864534824,0,0
06:16:29,36,BackgroundJob,3969403085,0,0,182375,305890
06:16:30,33,WebClient,0,-7682467,3864534824,0,0
06:16:30,36,BackgroundJob,3973735061,0,0,182875,306406
06:16:30,33,WebClient,0,-7682467,3864534824,0,0
06:16:30,36,BackgroundJob,3978446189,0,0,183375,306921
06:16:31,33,WebClient,0,-7682467,3864534824,0,0
06:16:31,36,BackgroundJob,3983410517,0,0,183875,307421
06:16:31,33,WebClient,0,-7682467,3864534824,0,0
06:16:31,36,BackgroundJob,3988100605,0,0,184375,307937
06:16:32,33,WebClient,0,-7682467,3864534824,0,0
06:16:32,36,BackgroundJob,3993127445,0,0,184890,308453
06:16:32,33,WebClient,0,-7682467,3864534824,0,0
06:16:32,36,BackgroundJob,3997952061,0,0,185406,308953
06:16:33,33,WebClient,0,-7682467,3864534824,0,0
06:16:33,36,BackgroundJob,4003108341,0,0,185890,309468
06:16:33,33,WebClient,0,-7682467,3864534824,0,0
06:16:33,36,BackgroundJob,4008454461,0,0,186390,309984
06:16:34,33,WebClient,0,-7682467,3864534824,0,0
06:16:34,36,BackgroundJob,4013970501,0,0,186906,310484
06:16:34,33,WebClient,0,-7682467,3864534824,0,0
06:16:34,36,BackgroundJob,4019214093,0,0,187406,311000
06:16:35,33,WebClient,0,-7682467,3864534824,0,0
06:16:35,36,BackgroundJob,4025054357,0,0,187906,311500
06:16:35,33,WebClient,0,-7841421,3864564804,0,0
06:16:35,36,BackgroundJob,4028985853,0,0,188296,312015
06:16:36,33,WebClient,0,-7841421,3864564804,0,0
06:16:36,36,BackgroundJob,4034027685,0,0,188796,312531
06:16:36,33,WebClient,0,-7841421,3864564804,0,0
06:16:36,36,BackgroundJob,4038757613,0,0,189281,313031
06:16:37,33,WebClient,0,-7841421,3864564804,0,0
06:16:37,36,BackgroundJob,4043871589,0,0,189781,313546
06:16:37,33,WebClient,0,-7841421,3864564804,0,0
06:16:37,36,BackgroundJob,4048580797,0,0,190296,314062
06:16:38,33,WebClient,0,-7841421,3864564804,0,0
06:16:38,36,BackgroundJob,4053918245,0,0,190812,314562
06:16:38,33,WebClient,0,-7841421,3864564804,0,0
06:16:38,36,BackgroundJob,4057272285,0,0,191296,315078
06:16:39,33,WebClient,0,-7841421,3864564804,0,0
06:16:39,36,BackgroundJob,4062029941,0,0,191781,315593
06:16:39,33,WebClient,0,-7841421,3864564804,0,0
06:16:39,36,BackgroundJob,4066283613,0,0,192187,316093
06:16:40,33,WebClient,0,-7841421,3864564804,0,0
06:16:40,36,BackgroundJob,4070368749,0,0,192656,316609
06:16:40,33,WebClient,0,-7841421,3864564804,0,0
06:16:40,36,BackgroundJob,4075046069,0,0,193156,317125
06:16:41,33,WebClient,0,-7841421,3864564804,0,0
06:16:41,36,BackgroundJob,4079798013,0,0,193640,317625
06:16:41,33,WebClient,0,-7841421,3864564804,0,0
06:16:41,36,BackgroundJob,4085012453,0,0,194140,318140
06:16:42,33,WebClient,0,-7841421,3864564804,0,0
06:16:42,36,BackgroundJob,4090026333,0,0,194656,318656
06:16:42,33,WebClient,0,-7841421,3864564804,0,0
06:16:42,36,BackgroundJob,4094915557,0,0,195156,319156
06:16:43,33,WebClient,0,-7841421,3864564804,0,0
06:16:43,36,BackgroundJob,4100030029,0,0,195625,319671
06:16:43,33,WebClient,0,-7841421,3864564804,0,0
06:16:43,36,BackgroundJob,4104573429,0,0,196078,320171
06:16:44,33,WebClient,0,-7882474,3864568692,0,0
06:16:44,36,BackgroundJob,4109922957,0,0,196578,320687
06:16:44,33,WebClient,0,-7882474,3864568692,0,0
06:16:44,36,BackgroundJob,4114166581,0,0,197000,321203
06:16:45,33,WebClient,0,-7882474,3864568692,0,0
06:16:45,36,BackgroundJob,4119220301,0,0,197500,321703
06:16:45,33,WebClient,0,-7882474,3864568692,0,0
06:16:45,36,BackgroundJob,4124242805,0,0,197984,322218
06:16:46,33,WebClient,0,-7882474,3864568692,0,0
06:16:46,36,BackgroundJob,4129234445,0,0,198468,322734
06:16:46,33,WebClient,0,-7882474,3864568692,0,0
06:16:46,36,BackgroundJob,4134795333,0,0,198953,323234
06:16:47,33,WebClient,0,-7882474,3864568692,0,0
06:16:47,36,BackgroundJob,4140174189,0,0,199468,323750
06:16:47,33,WebClient,0,-7882474,3864568692,0,0
06:16:47,36,BackgroundJob,4145489613,0,0,199968,324250
06:16:48,33,WebClient,0,-7882474,3864568692,0,0
06:16:48,36,BackgroundJob,4149659261,0,0,200453,324765
06:16:48,33,WebClient,0,-7882474,3864568692,0,0
06:16:48,36,BackgroundJob,4154972629,0,0,200968,325281
06:16:49,33,WebClient,0,-7882474,3864568692,0,0
06:16:49,36,BackgroundJob,4159935821,0,0,201484,325781
06:16:50,33,WebClient,0,-7882474,3864568692,0,0
06:16:50,36,BackgroundJob,4164658309,0,0,201984,326296
06:16:50,33,WebClient,0,-7882474,3864568692,0,0
06:16:50,36,BackgroundJob,4169233325,0,0,202468,326812
06:16:51,33,WebClient,0,-7882474,3864568692,0,0
06:16:51,36,BackgroundJob,4174347413,0,0,202984,327312
06:16:51,33,WebClient,0,-7882474,3864568692,0,0
06:16:51,36,BackgroundJob,4179248269,0,0,203484,327828
06:16:52,33,WebClient,0,-7882474,3864568692,0,0
06:16:52,36,BackgroundJob,4184747301,0,0,203984,328328
06:16:52,33,WebClient,0,-7882474,3864568692,0,0
06:16:52,36,BackgroundJob,4189549677,0,0,204406,328843
06:16:53,33,WebClient,0,-7882474,3864568692,0,0
06:16:53,36,BackgroundJob,4194544373,0,0,204843,329359
06:16:53,33,WebClient,0,-7882474,3864568692,0,0
06:16:53,36,BackgroundJob,4200405381,0,0,205328,329859
06:16:54,33,WebClient,0,-7882474,3864568692,0,0
06:16:54,36,BackgroundJob,4204546597,0,0,205734,330375
06:16:54,33,WebClient,0,-7884175,3864592823,0,0
06:16:54,36,BackgroundJob,4210021077,0,0,206187,330890
06:16:55,33,WebClient,0,-7884175,3864592823,0,0
06:16:55,36,BackgroundJob,4215167373,0,0,206687,331390
06:16:55,33,WebClient,0,-7884175,3864592823,0,0
06:16:55,36,BackgroundJob,4220925109,0,0,207203,331906
06:16:56,33,WebClient,0,-7884175,3864592823,0,0
06:16:56,36,BackgroundJob,4224151717,0,0,207468,332406
06:16:56,33,WebClient,0,-7884175,3864592823,0,0
06:16:56,36,BackgroundJob,4228482477,0,0,207859,332921
06:16:57,33,WebClient,0,-7884175,3864592823,0,0
06:16:57,36,BackgroundJob,4234142293,0,0,208359,333421
06:16:57,33,WebClient,0,-7884175,3864592823,0,0
06:16:57,36,BackgroundJob,4238055485,0,0,208828,333937
06:16:58,33,WebClient,0,-7884175,3864592823,0,0
06:16:58,36,BackgroundJob,4242454805,0,0,209234,334453
06:16:58,33,WebClient,0,-7884175,3864592823,0,0
06:16:58,36,BackgroundJob,4247774413,0,0,209718,334953
06:16:59,33,WebClient,0,-7884175,3864592823,0,0
06:16:59,36,BackgroundJob,4253349685,0,0,210187,335468
06:16:59,33,WebClient,0,-7884175,3864592823,0,0
06:16:59,36,BackgroundJob,4258434093,0,0,210687,335968
06:17:00,33,WebClient,0,-7884175,3864592823,0,0
06:17:00,36,BackgroundJob,4263417573,0,0,211078,336484
06:17:00,33,WebClient,0,-7861724,3864615274,0,0
06:17:00,36,BackgroundJob,4268203645,0,0,211562,336984
06:17:01,33,WebClient,0,-7861724,3864615274,0,0
06:17:01,36,BackgroundJob,4274117517,0,0,212031,337500
06:17:01,33,WebClient,0,-7861724,3864615274,0,0
06:17:01,36,BackgroundJob,4279863253,0,0,212515,338000
06:17:02,33,WebClient,0,-7861724,3864615274,0,0
06:17:02,36,BackgroundJob,4285536173,0,0,213000,338515
06:17:02,33,WebClient,0,-7861724,3864615274,0,0
06:17:02,36,BackgroundJob,4290978293,0,0,213515,339031
06:17:03,33,WebClient,0,-7861724,3864615274,0,0
06:17:03,36,BackgroundJob,4296726189,0,0,214015,339531
06:17:03,33,WebClient,0,-7861724,3864615274,0,0
06:17:03,36,BackgroundJob,4301423333,0,0,214437,340046
06:17:04,33,WebClient,0,-7861724,3864615274,0,0
06:17:04,36,BackgroundJob,4306986749,0,0,214937,340546
06:17:04,33,WebClient,0,-7861724,3864615274,0,0
06:17:04,36,BackgroundJob,4312779173,0,0,215437,341062
06:17:05,33,WebClient,0,-7861724,3864615274,0,0
06:17:05,36,BackgroundJob,4317948685,0,0,215906,341562
06:17:05,33,WebClient,0,-7861724,3864615274,0,0
06:17:05,36,BackgroundJob,4323332189,0,0,216375,342078
06:17:06,33,WebClient,0,-7861724,3864615274,0,0
06:17:06,36,BackgroundJob,4329086213,0,0,216875,342593
06:17:06,33,WebClient,0,-7861724,3864615274,0,0
06:17:06,36,BackgroundJob,4334809501,0,0,217359,343093
06:17:07,33,WebClient,0,-7861724,3864615274,0,0
06:17:07,36,BackgroundJob,4340440661,0,0,217843,343609
06:17:07,33,WebClient,0,-7861724,3864615274,0,0
06:17:07,36,BackgroundJob,4345958957,0,0,218359,344109
06:17:08,33,WebClient,0,-7861724,3864615274,0,0
06:17:08,36,BackgroundJob,4351382773,0,0,218843,344625
06:17:08,33,WebClient,0,-7861724,3864615274,0,0
06:17:08,36,BackgroundJob,4356934237,0,0,219359,345140
06:17:09,33,WebClient,0,-7861724,3864615274,0,0
06:17:09,36,BackgroundJob,4362686485,0,0,219843,345640
06:17:09,33,WebClient,0,-7861724,3864615274,0,0
06:17:09,36,BackgroundJob,4368299733,0,0,220343,346156
06:17:10,33,WebClient,0,-7865633,3864637725,0,0
06:17:10,36,BackgroundJob,4373768109,0,0,220843,346656
06:17:10,33,WebClient,0,-7865633,3864637725,0,0
06:17:10,36,BackgroundJob,4377703989,0,0,221265,347171
06:17:11,33,WebClient,0,-7865633,3864637725,0,0
06:17:11,36,BackgroundJob,4380206533,0,0,221671,347687
06:17:11,33,WebClient,0,-7865633,3864637725,0,0
06:17:11,36,BackgroundJob,4385135677,0,0,222156,348187
06:17:12,33,WebClient,0,-7865633,3864637725,0,0
06:17:12,36,BackgroundJob,4388257765,0,0,222546,348703
06:17:12,33,WebClient,0,-7865633,3864637725,0,0
06:17:12,36,BackgroundJob,4392491997,0,0,222937,349218
06:17:13,33,WebClient,0,-7865633,3864637725,0,0
06:17:13,36,BackgroundJob,4396619933,0,0,223343,349718
06:17:13,33,WebClient,0,-7865633,3864637725,0,0
06:17:13,36,BackgroundJob,4399334373,0,0,223687,350234
06:17:14,33,WebClient,0,-7865633,3864637725,0,0
06:17:14,36,BackgroundJob,4400818325,0,0,223890,350750
06:17:14,33,WebClient,0,-7865633,3864637725,0,0
06:17:14,36,BackgroundJob,4401282133,0,0,224109,351265
06:17:15,33,WebClient,0,-7865633,3864637725,0,0
06:17:15,36,BackgroundJob,4401848165,0,0,224250,351781
06:17:16,33,WebClient,0,-7865633,3864637725,0,0
06:17:16,36,BackgroundJob,4401942533,0,0,224312,352296
06:17:16,33,WebClient,0,-7843182,3864660176,0,0
06:17:16,36,BackgroundJob,4404146541,0,0,224609,352796
06:17:17,33,WebClient,0,-7843182,3864660176,0,0
06:17:17,36,BackgroundJob,4407084925,0,0,224968,353312
06:17:17,33,WebClient,0,-7843182,3864660176,0,0
06:17:17,36,BackgroundJob,4411293221,0,0,225390,353828
06:17:18,33,WebClient,0,-7843182,3864660176,0,0
06:17:18,36,BackgroundJob,4415508189,0,0,225843,354343
06:17:18,33,WebClient,0,-7843182,3864660176,0,0
06:17:18,36,BackgroundJob,4419766389,0,0,226296,354843
06:17:19,33,WebClient,0,-7843182,3864660176,0,0
06:17:19,36,BackgroundJob,4423949245,0,0,226750,355359
06:17:19,33,WebClient,0,-7843182,3864660176,0,0
06:17:19,36,BackgroundJob,4426640445,0,0,227062,355875
06:17:20,33,WebClient,0,-7843182,3864660176,0,0
06:17:20,36,BackgroundJob,4427014853,0,0,227187,356390
06:17:20,33,WebClient,0,-7843182,3864660176,0,0
06:17:20,36,BackgroundJob,4428329957,0,0,227468,356906
06:17:21,33,WebClient,0,-7843182,3864660176,0,0
06:17:21,36,BackgroundJob,4430083637,0,0,227812,357421
06:17:21,33,WebClient,0,-7843182,3864660176,0,0
06:17:21,36,BackgroundJob,4430540213,0,0,228000,357937
06:17:22,33,WebClient,0,-7843182,3864660176,0,0
06:17:22,36,BackgroundJob,4430901349,0,0,228234,358453
06:17:22,33,WebClient,0,-7843182,3864660176,0,0
06:17:22,36,BackgroundJob,4431265381,0,0,228468,358968
06:17:23,33,WebClient,0,-7843182,3864660176,0,0
06:17:23,36,BackgroundJob,4433190221,0,0,228796,359468
06:17:23,33,WebClient,0,-7843182,3864660176,0,0
06:17:23,36,BackgroundJob,4437139989,0,0,229296,360000
06:17:24,33,WebClient,0,-7843182,3864660176,0,0
06:17:24,36,BackgroundJob,4441712773,0,0,229750,360500
06:17:24,33,WebClient,0,-7843182,3864660176,0,0
06:17:24,36,BackgroundJob,4445488813,0,0,230187,361015
06:17:25,33,WebClient,0,-7843182,3864660176,0,0
06:17:25,36,BackgroundJob,4447848021,0,0,230578,361531
06:17:25,33,WebClient,0,-7843182,3864660176,0,0
06:17:25,36,BackgroundJob,4450441445,0,0,230984,362046
06:17:26,33,WebClient,0,-7843182,3864660176,0,0
06:17:26,36,BackgroundJob,4454787517,0,0,231437,362562
06:17:26,33,WebClient,0,-7863995,3864684307,0,0
06:17:26,36,BackgroundJob,4458529525,0,0,231859,363078
06:17:27,33,WebClient,0,-7863995,3864684307,0,0
06:17:27,36,BackgroundJob,4461718269,0,0,232234,363578
06:17:27,33,WebClient,0,-7863995,3864684307,0,0
06:17:27,36,BackgroundJob,4464611773,0,0,232609,364093
06:17:28,33,WebClient,0,-7863995,3864684307,0,0
06:17:28,36,BackgroundJob,4467585349,0,0,233031,364609
06:17:28,33,WebClient,0,-7863995,3864684307,0,0
06:17:28,36,BackgroundJob,4469308757,0,0,233359,365140
06:17:29,33,WebClient,0,-7863995,3864684307,0,0
06:17:29,36,BackgroundJob,4470710725,0,0,233593,365656
06:17:29,33,WebClient,0,-7863995,3864684307,0,0
06:17:29,36,BackgroundJob,4471807341,0,0,233843,366171
06:17:30,33,WebClient,0,-7863995,3864684307,0,0
06:17:30,36,BackgroundJob,4475020125,0,0,234328,366671
06:17:30,33,WebClient,0,-7863995,3864684307,0,0
06:17:30,36,BackgroundJob,4479992293,0,0,234828,367187
06:17:31,33,WebClient,0,-7863995,3864684307,0,0
06:17:31,36,BackgroundJob,4482840957,0,0,235203,367703
06:17:31,33,WebClient,0,-7863995,3864684307,0,0
06:17:31,36,BackgroundJob,4487909109,0,0,235718,368203
06:17:32,33,WebClient,0,-7839960,3864708342,0,0
06:17:32,36,BackgroundJob,4493306093,0,0,236218,368718
06:17:32,33,WebClient,0,-7839960,3864708342,0,0
06:17:32,36,BackgroundJob,4498557381,0,0,236718,369234
06:17:33,33,WebClient,0,-7839960,3864708342,0,0
06:17:33,36,BackgroundJob,4504032877,0,0,237218,369734
06:17:33,33,WebClient,0,-7839960,3864708342,0,0
06:17:33,36,BackgroundJob,4509544965,0,0,237718,370250
06:17:34,33,WebClient,0,-7839960,3864708342,0,0
06:17:34,36,BackgroundJob,4515022509,0,0,238234,370750
06:17:34,33,WebClient,0,-7839960,3864708342,0,0
06:17:34,36,BackgroundJob,4520459957,0,0,238734,371265
06:17:35,33,WebClient,0,-7839960,3864708342,0,0
06:17:35,36,BackgroundJob,4525677101,0,0,239234,371781
06:17:35,33,WebClient,0,-7839960,3864708342,0,0
06:17:35,36,BackgroundJob,4531056717,0,0,239718,372281
06:17:36,33,WebClient,0,-7843506,3864738396,0,0
06:17:36,36,BackgroundJob,4536323733,0,0,240234,372796
06:17:37,33,WebClient,0,-7843506,3864738396,0,0
06:17:37,36,BackgroundJob,4541235725,0,0,240734,373296
06:17:37,33,WebClient,0,-7843506,3864738396,0,0
06:17:37,36,BackgroundJob,4546280773,0,0,241203,373812
06:17:38,33,WebClient,0,-7843506,3864738396,0,0
06:17:38,36,BackgroundJob,4551305453,0,0,241718,374328
06:17:38,33,WebClient,0,-7843506,3864738396,0,0
06:17:38,36,BackgroundJob,4555834741,0,0,242187,374828
06:17:39,33,WebClient,0,-7843506,3864738396,0,0
06:17:39,36,BackgroundJob,4560155861,0,0,242671,375343
06:17:39,33,WebClient,0,-7843506,3864738396,0,0
06:17:39,36,BackgroundJob,4564814253,0,0,243187,375859
06:17:40,33,WebClient,0,-7843506,3864738396,0,0
06:17:40,36,BackgroundJob,4569875349,0,0,243703,376359
06:17:40,33,WebClient,0,-7843506,3864738396,0,0
06:17:40,36,BackgroundJob,4574308429,0,0,244171,376890
06:17:41,33,WebClient,0,-7843506,3864738396,0,0
06:17:41,36,BackgroundJob,4579517877,0,0,244671,377390
06:17:41,33,WebClient,0,-7843506,3864738396,0,0
06:17:41,36,BackgroundJob,4584894653,0,0,245171,377906
06:17:42,33,WebClient,0,-7843506,3864738396,0,0
06:17:42,36,BackgroundJob,4590625901,0,0,245687,378421
06:17:42,33,WebClient,0,-7843506,3864738396,0,0
06:17:42,36,BackgroundJob,4596237365,0,0,246187,378921
06:17:43,33,WebClient,0,-7843506,3864738396,0,0
06:17:43,36,BackgroundJob,4601833117,0,0,246703,379437
06:17:43,33,WebClient,0,-7843506,3864738396,0,0
06:17:43,36,BackgroundJob,4606782933,0,0,247203,379937
06:17:44,33,WebClient,0,-7843506,3864738396,0,0
06:17:44,36,BackgroundJob,4612420589,0,0,247718,380453
06:17:44,33,WebClient,0,-7843506,3864738396,0,0
06:17:44,36,BackgroundJob,4617540693,0,0,248187,380953
06:17:45,33,WebClient,0,-7843506,3864738396,0,0
06:17:45,36,BackgroundJob,4622604717,0,0,248687,381468
06:17:45,33,WebClient,0,-7843506,3864738396,0,0
06:17:45,36,BackgroundJob,4627462965,0,0,249203,381968
06:17:46,33,WebClient,0,-7843506,3864738396,0,0
06:17:46,36,BackgroundJob,4632232701,0,0,249703,382484
06:17:46,33,WebClient,0,-7843506,3864738396,0,0
06:17:46,36,BackgroundJob,4636742421,0,0,250218,382984
06:17:47,33,WebClient,0,-7843506,3864738396,0,0
06:17:47,36,BackgroundJob,4641650477,0,0,250718,383500
06:17:47,33,WebClient,0,-7895434,3864742284,0,0
06:17:47,36,BackgroundJob,4646432133,0,0,251234,384015
06:17:48,33,WebClient,0,-7895434,3864742284,0,0
06:17:48,36,BackgroundJob,4650763485,0,0,251734,384515
06:17:48,33,WebClient,0,-7872983,3864764735,0,0
06:17:48,36,BackgroundJob,4654315141,0,0,252140,385031
06:17:49,33,WebClient,0,-7872983,3864764735,0,0
06:17:49,36,BackgroundJob,4658433733,0,0,252656,385546
06:17:49,33,WebClient,0,-7872983,3864764735,0,0
06:17:49,36,BackgroundJob,4662668941,0,0,253171,386062
06:17:50,33,WebClient,0,-7872983,3864764735,0,0
06:17:50,36,BackgroundJob,4667039077,0,0,253671,386562
06:17:50,33,WebClient,0,-7872983,3864764735,0,0
06:17:50,36,BackgroundJob,4671492333,0,0,254156,387078
06:17:51,33,WebClient,0,-7872983,3864764735,0,0
06:17:51,36,BackgroundJob,4675744629,0,0,254656,387593
06:17:51,33,WebClient,0,-7872983,3864764735,0,0
06:17:51,36,BackgroundJob,4680502573,0,0,255156,388093
06:17:52,33,WebClient,0,-7872983,3864764735,0,0
06:17:52,36,BackgroundJob,4685320037,0,0,255656,388609
06:17:52,33,WebClient,0,-7872983,3864764735,0,0
06:17:52,36,BackgroundJob,4690442045,0,0,256156,389125
06:17:53,33,WebClient,0,-7872983,3864764735,0,0
06:17:53,36,BackgroundJob,4695689925,0,0,256656,389640
06:17:53,33,WebClient,0,-7872983,3864764735,0,0
06:17:53,36,BackgroundJob,4701166957,0,0,257171,390140
06:17:54,33,WebClient,0,-7872983,3864764735,0,0
06:17:54,36,BackgroundJob,4706436165,0,0,257671,390656
06:17:54,33,WebClient,0,-7872983,3864764735,0,0
06:17:54,36,BackgroundJob,4711769933,0,0,258187,391156
06:17:55,33,WebClient,0,-7872983,3864764735,0,0
06:17:55,36,BackgroundJob,4717083269,0,0,258687,391671
06:17:55,33,WebClient,0,-7872983,3864764735,0,0
06:17:55,36,BackgroundJob,4722507213,0,0,259203,392187
06:17:56,33,WebClient,0,-7872983,3864764735,0,0
06:17:56,36,BackgroundJob,4726981269,0,0,259718,392718
06:17:56,33,WebClient,0,-7872983,3864764735,0,0
06:17:56,36,BackgroundJob,4732154365,0,0,260234,393218
06:17:57,33,WebClient,0,-7872983,3864764735,0,0
06:17:57,36,BackgroundJob,4736903717,0,0,260718,393734
06:17:57,33,WebClient,0,-7872983,3864764735,0,0
06:17:57,36,BackgroundJob,4741328381,0,0,261203,394250
06:17:58,33,WebClient,0,-7872983,3864764735,0,0
06:17:58,36,BackgroundJob,4744731925,0,0,261625,394765
06:17:58,33,WebClient,0,-7865735,3864771983,0,0
06:17:58,36,BackgroundJob,4749138893,0,0,262093,395281
06:17:59,33,WebClient,0,-7865735,3864771983,0,0
06:17:59,36,BackgroundJob,4753735669,0,0,262609,395781
06:18:00,33,WebClient,0,-7865735,3864771983,0,0
06:18:00,36,BackgroundJob,4757715029,0,0,263078,396296
06:18:00,33,WebClient,0,-7865735,3864771983,0,0
06:18:00,36,BackgroundJob,4762420189,0,0,263593,396812
06:18:01,33,WebClient,0,-7865735,3864771983,0,0
06:18:01,36,BackgroundJob,4767206549,0,0,264078,397312
06:18:01,33,WebClient,0,-7865735,3864771983,0,0
06:18:01,36,BackgroundJob,4772268109,0,0,264578,397828
06:18:02,33,WebClient,0,-7865735,3864771983,0,0
06:18:02,36,BackgroundJob,4777172821,0,0,265078,398343
06:18:02,33,WebClient,0,-7865735,3864771983,0,0
06:18:02,36,BackgroundJob,4781862173,0,0,265593,398843
06:18:03,33,WebClient,0,-7865735,3864771983,0,0
06:18:03,36,BackgroundJob,4786700805,0,0,266078,399359
06:18:03,33,WebClient,0,-7865735,3864771983,0,0
06:18:03,36,BackgroundJob,4791879981,0,0,266593,399875
06:18:04,33,WebClient,0,-7865735,3864771983,0,0
06:18:04,36,BackgroundJob,4796986037,0,0,267093,400375
06:18:04,33,WebClient,0,-7843284,3864794434,0,0
06:18:04,36,BackgroundJob,4800694461,0,0,267593,400890
06:18:05,33,WebClient,0,-7843284,3864794434,0,0
06:18:05,36,BackgroundJob,4804523061,0,0,268109,401406
06:18:05,33,WebClient,0,-7843284,3864794434,0,0
06:18:05,36,BackgroundJob,4808748765,0,0,268609,401906
06:18:06,33,WebClient,0,-7843284,3864794434,0,0
06:18:06,36,BackgroundJob,4813612533,0,0,269109,402421
06:18:06,33,WebClient,0,-7843284,3864794434,0,0
06:18:06,36,BackgroundJob,4818041533,0,0,269609,402953
06:18:07,33,WebClient,0,-7843284,3864794434,0,0
06:18:07,36,BackgroundJob,4821893693,0,0,270078,403468
06:18:07,33,WebClient,0,-7843284,3864794434,0,0
06:18:07,36,BackgroundJob,4826775285,0,0,270578,403968
06:18:08,33,WebClient,0,-7843284,3864794434,0,0
06:18:08,36,BackgroundJob,4830534157,0,0,271062,404484
06:18:08,33,WebClient,0,-7843284,3864794434,0,0
06:18:08,36,BackgroundJob,4833652861,0,0,271531,405000
06:18:09,33,WebClient,0,-7843284,3864794434,0,0
06:18:09,36,BackgroundJob,4837063037,0,0,272031,405515
06:18:09,33,WebClient,0,-7843284,3864794434,0,0
06:18:09,36,BackgroundJob,4842238581,0,0,272578,406046
06:18:10,33,WebClient,0,-7843284,3864794434,0,0
06:18:10,36,BackgroundJob,4846270357,0,0,273062,406562
06:18:10,33,WebClient,0,-7843284,3864794434,0,0
06:18:10,36,BackgroundJob,4851538205,0,0,273578,407078
06:18:11,33,WebClient,0,-7843284,3864794434,0,0
06:18:11,36,BackgroundJob,4855937957,0,0,274078,407578
06:18:11,33,WebClient,0,-7843284,3864794434,0,0
06:18:11,36,BackgroundJob,4861020477,0,0,274578,408093
06:18:12,33,WebClient,0,-7843284,3864794434,0,0
06:18:12,36,BackgroundJob,4866333797,0,0,275062,408593
06:18:12,33,WebClient,0,-7843284,3864794434,0,0
06:18:12,36,BackgroundJob,4871261805,0,0,275546,409109
06:18:13,33,WebClient,0,-7843284,3864794434,0,0
06:18:13,36,BackgroundJob,4876508821,0,0,276062,409625
06:18:13,33,WebClient,0,-7843284,3864794434,0,0
06:18:13,36,BackgroundJob,4881567413,0,0,276546,410125
06:18:14,33,WebClient,0,-7843284,3864794434,0,0
06:18:14,36,BackgroundJob,4886682189,0,0,277062,410640
06:18:14,33,WebClient,0,-7843284,3864794434,0,0
06:18:14,36,BackgroundJob,4892054469,0,0,277578,411140
06:18:15,33,WebClient,0,-7914081,3864816885,0,0
06:18:15,36,BackgroundJob,4897273613,0,0,278078,411656
06:18:15,33,WebClient,0,-7914081,3864816885,0,0
06:18:15,36,BackgroundJob,4902418293,0,0,278593,412171
06:18:16,33,WebClient,0,-7914081,3864816885,0,0
06:18:16,36,BackgroundJob,4905424645,0,0,279046,412671
06:18:16,33,WebClient,0,-7914081,3864816885,0,0
06:18:16,36,BackgroundJob,4910523181,0,0,279562,413187
06:18:17,33,WebClient,0,-7914081,3864816885,0,0
06:18:17,36,BackgroundJob,4915295877,0,0,280062,413703
06:18:17,33,WebClient,0,-7914081,3864816885,0,0
06:18:17,36,BackgroundJob,4919510637,0,0,280578,414203
06:18:18,33,WebClient,0,-7914081,3864816885,0,0
06:18:18,36,BackgroundJob,4923717653,0,0,281062,414718
06:18:18,33,WebClient,0,-7914081,3864816885,0,0
06:18:18,36,BackgroundJob,4928106237,0,0,281562,415234
06:18:19,33,WebClient,0,-7914081,3864816885,0,0
06:18:19,36,BackgroundJob,4932236661,0,0,282046,415734
06:18:19,33,WebClient,0,-7914081,3864816885,0,0
06:18:19,36,BackgroundJob,4936523613,0,0,282562,416250
06:18:20,33,WebClient,0,-7891663,3864839303,0,0
06:18:20,36,BackgroundJob,4940675805,0,0,283062,416750
06:18:20,33,WebClient,0,-7891663,3864839303,0,0
06:18:20,36,BackgroundJob,4944864389,0,0,283546,417265
06:18:21,33,WebClient,0,-7891663,3864839303,0,0
06:18:21,36,BackgroundJob,4948742605,0,0,284046,417765
06:18:21,33,WebClient,0,-7891663,3864839303,0,0
06:18:21,36,BackgroundJob,4953011301,0,0,284531,418281
06:18:22,33,WebClient,0,-7891663,3864839303,0,0
06:18:22,36,BackgroundJob,4957109981,0,0,285031,418781
06:18:23,33,WebClient,0,-7891663,3864839303,0,0
06:18:23,36,BackgroundJob,4961628693,0,0,285531,419296
06:18:23,33,WebClient,0,-7891663,3864839303,0,0
06:18:23,36,BackgroundJob,4966683325,0,0,286046,419796
06:18:24,33,WebClient,0,-7891663,3864839303,0,0
06:18:24,36,BackgroundJob,4971903829,0,0,286546,420312
06:18:24,33,WebClient,0,-7891663,3864839303,0,0
06:18:24,36,BackgroundJob,4976819565,0,0,287031,420812
06:18:25,33,WebClient,0,-7891663,3864839303,0,0
06:18:25,36,BackgroundJob,4981832869,0,0,287546,421328
06:18:25,33,WebClient,0,-7891663,3864839303,0,0
06:18:25,36,BackgroundJob,4986986317,0,0,288046,421828
06:18:26,33,WebClient,0,-7891663,3864839303,0,0
06:18:26,36,BackgroundJob,4992207397,0,0,288546,422343
06:18:26,33,WebClient,0,-7891663,3864839303,0,0
06:18:26,36,BackgroundJob,4997086397,0,0,289062,422843
06:18:27,33,WebClient,0,-7891663,3864839303,0,0
06:18:27,36,BackgroundJob,5002127477,0,0,289546,423359
06:18:27,33,WebClient,0,-7891663,3864839303,0,0
06:18:27,36,BackgroundJob,5007143101,0,0,290062,423875
06:18:28,33,WebClient,0,-7891663,3864839303,0,0
06:18:28,36,BackgroundJob,5012245701,0,0,290546,424375
06:18:28,33,WebClient,0,-7891663,3864839303,0,0
06:18:28,36,BackgroundJob,5017210605,0,0,291046,424890
06:18:29,33,WebClient,0,-7891663,3864839303,0,0
06:18:29,36,BackgroundJob,5022265077,0,0,291546,425390
06:18:29,33,WebClient,0,-7891663,3864839303,0,0
06:18:29,36,BackgroundJob,5027018365,0,0,292046,425906
06:18:30,33,WebClient,0,-7891663,3864839303,0,0
06:18:30,36,BackgroundJob,5032025685,0,0,292531,426406
06:18:30,33,WebClient,0,-7901469,3864861721,0,0
06:18:30,36,BackgroundJob,5036810269,0,0,293046,426921
06:18:31,33,WebClient,0,-7901469,3864861721,0,0
06:18:31,36,BackgroundJob,5041664501,0,0,293546,427437
06:18:31,33,WebClient,0,-7901469,3864861721,0,0
06:18:31,36,BackgroundJob,5046448093,0,0,294031,427937
06:18:32,33,WebClient,0,-7901469,3864861721,0,0
06:18:32,36,BackgroundJob,5051208405,0,0,294468,428453
06:18:32,33,WebClient,0,-7901469,3864861721,0,0
06:18:32,36,BackgroundJob,5056220285,0,0,294968,428968
06:18:33,33,WebClient,0,-7901469,3864861721,0,0
06:18:33,36,BackgroundJob,5061258373,0,0,295468,429468
06:18:33,33,WebClient,0,-7901469,3864861721,0,0
06:18:33,36,BackgroundJob,5066328141,0,0,295984,429984
06:18:34,33,WebClient,0,-7901469,3864861721,0,0
06:18:34,36,BackgroundJob,5071006277,0,0,296468,430500
06:18:34,33,WebClient,0,-7901469,3864861721,0,0
06:18:34,36,BackgroundJob,5075742477,0,0,296968,431000
06:18:35,33,WebClient,0,-7901469,3864861721,0,0
06:18:35,36,BackgroundJob,5080548373,0,0,297468,431515
06:18:35,33,WebClient,0,-7901469,3864861721,0,0
06:18:35,36,BackgroundJob,5085573789,0,0,297968,432015
06:18:36,33,WebClient,0,-7901469,3864861721,0,0
06:18:36,36,BackgroundJob,5090742869,0,0,298484,432515
06:18:36,33,WebClient,0,-13019739,3859743451,0,0
06:18:36,36,BackgroundJob,5095734573,0,0,298984,433031
06:18:37,33,WebClient,0,-13019739,3859743451,0,0
06:18:37,36,BackgroundJob,5100746773,0,0,299484,433531
06:18:37,33,WebClient,0,-13006681,3859756509,0,0
06:18:37,36,BackgroundJob,5105465085,0,0,299984,434046
06:18:38,33,WebClient,0,-13006681,3859756509,0,0
06:18:38,36,BackgroundJob,5110474309,0,0,300500,434562
06:18:38,33,WebClient,0,-13006681,3859756509,0,0
06:18:38,36,BackgroundJob,5115199485,0,0,301000,435062
06:18:39,33,WebClient,0,-13006681,3859756509,0,0
06:18:39,36,BackgroundJob,5120174997,0,0,301515,435578
06:18:39,33,WebClient,0,-13006681,3859756509,0,0
06:18:39,36,BackgroundJob,5125097789,0,0,302015,436078
06:18:40,33,WebClient,0,-13006681,3859756509,0,0
06:18:40,36,BackgroundJob,5130008133,0,0,302531,436593
06:18:40,33,WebClient,0,-13006681,3859756509,0,0
06:18:40,36,BackgroundJob,5134660573,0,0,303031,437093
06:18:41,33,WebClient,0,-13006681,3859756509,0,0
06:18:41,36,BackgroundJob,5139197621,0,0,303546,437609
06:18:41,33,WebClient,0,-13006681,3859756509,0,0
06:18:41,36,BackgroundJob,5144282461,0,0,304046,438109
06:18:42,33,WebClient,0,-13006681,3859756509,0,0
06:18:42,36,BackgroundJob,5149205685,0,0,304562,438625
06:18:42,33,WebClient,0,-13006681,3859756509,0,0
06:18:42,36,BackgroundJob,5154085821,0,0,305078,439125
06:18:43,33,WebClient,0,-13006681,3859756509,0,0
06:18:43,36,BackgroundJob,5159034805,0,0,305578,439640
06:18:43,33,WebClient,0,-13006681,3859756509,0,0
06:18:43,36,BackgroundJob,5164066477,0,0,306093,440156
06:18:44,33,WebClient,0,-13006681,3859756509,0,0
06:18:44,36,BackgroundJob,5168932229,0,0,306578,440656
06:18:44,33,WebClient,0,-13006681,3859756509,0,0
06:18:44,36,BackgroundJob,5173933693,0,0,307078,441171
06:18:45,33,WebClient,0,-13006681,3859756509,0,0
06:18:45,36,BackgroundJob,5178776533,0,0,307562,441671
06:18:45,33,WebClient,0,-13006681,3859756509,0,0
06:18:45,36,BackgroundJob,5183671837,0,0,308062,442187
06:18:46,33,WebClient,0,-13006681,3859756509,0,0
06:18:46,36,BackgroundJob,5188594821,0,0,308562,442687
06:18:46,33,WebClient,0,-13006681,3859756509,0,0
06:18:46,36,BackgroundJob,5193438797,0,0,309078,443203
06:18:47,33,WebClient,0,-13006681,3859756509,0,0
06:18:47,36,BackgroundJob,5196129501,0,0,309500,443718
06:18:47,33,WebClient,0,-13006681,3859756509,0,0
06:18:47,36,BackgroundJob,5200542069,0,0,310015,444218
06:18:48,33,WebClient,0,-13029153,3859756509,0,0
06:18:48,36,BackgroundJob,5204380701,0,0,310484,444734
06:18:48,33,WebClient,0,-13029153,3859756509,0,0
06:18:48,36,BackgroundJob,5208562213,0,0,311000,445234
06:18:49,33,WebClient,0,-13029153,3859756509,0,0
06:18:49,36,BackgroundJob,5213191997,0,0,311500,445750
06:18:49,33,WebClient,0,-13029153,3859756509,0,0
06:18:49,36,BackgroundJob,5217859925,0,0,312015,446265
06:18:50,33,WebClient,0,-13029153,3859756509,0,0
06:18:50,36,BackgroundJob,5222655421,0,0,312515,446765
06:18:50,33,WebClient,0,-13029153,3859756509,0,0
06:18:50,36,BackgroundJob,5227753301,0,0,313031,447281
06:18:51,33,WebClient,0,-13029153,3859756509,0,0
06:18:51,36,BackgroundJob,5232492765,0,0,313531,447781
06:18:52,33,WebClient,0,-13029153,3859756509,0,0
06:18:52,36,BackgroundJob,5237568981,0,0,314031,448296
06:18:52,33,WebClient,0,-13006735,3859778927,0,0
06:18:52,36,BackgroundJob,5242554893,0,0,314531,448796
06:18:53,33,WebClient,0,-13006735,3859778927,0,0
06:18:53,36,BackgroundJob,5247177413,0,0,315046,449312
06:18:53,33,WebClient,0,-13006735,3859778927,0,0
06:18:53,36,BackgroundJob,5251547205,0,0,315546,449812
06:18:54,33,WebClient,0,-13006735,3859778927,0,0
06:18:54,36,BackgroundJob,5256463117,0,0,316062,450328
06:18:54,33,WebClient,0,-13006735,3859778927,0,0
06:18:54,36,BackgroundJob,5260911493,0,0,316578,450828
06:18:55,33,WebClient,0,-13006735,3859778927,0,0
06:18:55,36,BackgroundJob,5265778157,0,0,317078,451343
06:18:55,33,WebClient,0,-13006735,3859778927,0,0
06:18:55,36,BackgroundJob,5270578645,0,0,317578,451843
06:18:56,33,WebClient,0,-13006735,3859778927,0,0
06:18:56,36,BackgroundJob,5275666365,0,0,318078,452359
06:18:56,33,WebClient,0,-13006735,3859778927,0,0
06:18:56,36,BackgroundJob,5280575877,0,0,318578,452875
06:18:57,33,WebClient,0,-13006735,3859778927,0,0
06:18:57,36,BackgroundJob,5285337901,0,0,319078,453375
06:18:57,33,WebClient,0,-13006735,3859778927,0,0
06:18:57,36,BackgroundJob,5290131797,0,0,319593,453890
06:18:58,33,WebClient,0,-13006735,3859778927,0,0
06:18:58,36,BackgroundJob,5295021933,0,0,320093,454390
06:18:58,33,WebClient,0,-13006735,3859778927,0,0
06:18:58,36,BackgroundJob,5299776373,0,0,320578,454906
06:18:59,33,WebClient,0,-13006735,3859778927,0,0
06:18:59,36,BackgroundJob,5304601469,0,0,321078,455406
06:18:59,33,WebClient,0,-13006735,3859778927,0,0
06:18:59,36,BackgroundJob,5309171685,0,0,321593,455921
06:19:00,33,WebClient,0,-13006735,3859778927,0,0
06:19:00,36,BackgroundJob,5313922509,0,0,322078,456421
06:19:00,33,WebClient,0,-13006735,3859778927,0,0
06:19:00,36,BackgroundJob,5318679013,0,0,322593,456937
06:19:01,33,WebClient,0,-13006735,3859778927,0,0
06:19:01,36,BackgroundJob,5323655229,0,0,323078,457437
06:19:01,33,WebClient,0,-13006735,3859778927,0,0
06:19:01,36,BackgroundJob,5328247973,0,0,323562,457953
06:19:02,33,WebClient,0,-13006735,3859778927,0,0
06:19:02,36,BackgroundJob,5333187661,0,0,324062,458453
06:19:02,33,WebClient,0,-13030941,3859801345,0,0
06:19:02,36,BackgroundJob,5337505109,0,0,324578,458953
06:19:03,33,WebClient,0,-13030941,3859801345,0,0
06:19:03,36,BackgroundJob,5342321149,0,0,325062,459468
06:19:03,33,WebClient,0,-13030941,3859801345,0,0
06:19:03,36,BackgroundJob,5347037109,0,0,325578,459984
06:19:04,33,WebClient,0,-13030941,3859801345,0,0
06:19:04,36,BackgroundJob,5351825309,0,0,326046,460484
06:19:04,33,WebClient,0,-13030941,3859801345,0,0
06:19:04,36,BackgroundJob,5356399957,0,0,326562,461000
06:19:05,33,WebClient,0,-13030941,3859801345,0,0
06:19:05,36,BackgroundJob,5361155181,0,0,327062,461500
06:19:05,33,WebClient,0,-13030941,3859801345,0,0
06:19:05,36,BackgroundJob,5365961125,0,0,327578,462015
06:19:06,33,WebClient,0,-13030941,3859801345,0,0
06:19:06,36,BackgroundJob,5370913325,0,0,328078,462515
06:19:06,33,WebClient,0,-13030941,3859801345,0,0
06:19:06,36,BackgroundJob,5375641077,0,0,328593,463031
06:19:07,33,WebClient,0,-13030941,3859801345,0,0
06:19:07,36,BackgroundJob,5380448133,0,0,329109,463531
06:19:07,33,WebClient,0,-13030941,3859801345,0,0
06:19:07,36,BackgroundJob,5385185437,0,0,329593,464046
06:19:08,33,WebClient,0,-13030941,3859801345,0,0
06:19:08,36,BackgroundJob,5390056661,0,0,330109,464546
06:19:08,33,WebClient,0,-13008523,3859823763,0,0
06:19:08,36,BackgroundJob,5394603741,0,0,330609,465062
06:19:09,33,WebClient,0,-13008523,3859823763,0,0
06:19:09,36,BackgroundJob,5399450213,0,0,331125,465562
06:19:09,33,WebClient,0,-13008523,3859823763,0,0
06:19:09,36,BackgroundJob,5404208445,0,0,331625,466078
06:19:10,33,WebClient,0,-13008523,3859823763,0,0
06:19:10,36,BackgroundJob,5408982037,0,0,332109,466578
06:19:10,33,WebClient,0,-13008523,3859823763,0,0
06:19:10,36,BackgroundJob,5413666525,0,0,332609,467093
06:19:11,33,WebClient,0,-13008523,3859823763,0,0
06:19:11,36,BackgroundJob,5418573813,0,0,333078,467609
06:19:11,33,WebClient,0,-13008523,3859823763,0,0
06:19:11,36,BackgroundJob,5423074429,0,0,333578,468109
06:19:12,33,WebClient,0,-13008523,3859823763,0,0
06:19:12,36,BackgroundJob,5427819733,0,0,334093,468625
06:19:12,33,WebClient,0,-13008523,3859823763,0,0
06:19:12,36,BackgroundJob,5432602525,0,0,334609,469125
06:19:13,33,WebClient,0,-13008523,3859823763,0,0
06:19:13,36,BackgroundJob,5437344005,0,0,335109,469640
06:19:13,33,WebClient,0,-13008523,3859823763,0,0
06:19:13,36,BackgroundJob,5442076733,0,0,335625,470140
06:19:14,33,WebClient,0,-13008523,3859823763,0,0
06:19:14,36,BackgroundJob,5446798997,0,0,336109,470656
06:19:14,33,WebClient,0,-13008523,3859823763,0,0
06:19:14,36,BackgroundJob,5451335741,0,0,336609,471171
06:19:15,33,WebClient,0,-13008523,3859823763,0,0
06:19:15,36,BackgroundJob,5456024165,0,0,337109,471671
06:19:15,33,WebClient,0,-13008523,3859823763,0,0
06:19:15,36,BackgroundJob,5460899997,0,0,337625,472187
06:19:16,33,WebClient,0,-13008523,3859823763,0,0
06:19:16,36,BackgroundJob,5465755797,0,0,338125,472687
06:19:16,33,WebClient,0,-13008523,3859823763,0,0
06:19:16,36,BackgroundJob,5470362253,0,0,338640,473203
06:19:17,33,WebClient,0,-13008523,3859823763,0,0
06:19:17,36,BackgroundJob,5475016101,0,0,339156,473703
06:19:17,33,WebClient,0,-13008523,3859823763,0,0
06:19:17,36,BackgroundJob,5479822941,0,0,339656,474218
06:19:18,33,WebClient,0,-13029366,3859847861,0,0
06:19:18,36,BackgroundJob,5484390661,0,0,340156,474718
06:19:18,33,WebClient,0,-13029366,3859847861,0,0
06:19:18,36,BackgroundJob,5489180581,0,0,340656,475234
06:19:19,33,WebClient,0,-13029366,3859847861,0,0
06:19:19,36,BackgroundJob,5493236093,0,0,341140,475734
06:19:19,33,WebClient,0,-13029366,3859847861,0,0
06:19:19,36,BackgroundJob,5496247301,0,0,341546,476250
06:19:20,33,WebClient,0,-13029366,3859847861,0,0
06:19:20,36,BackgroundJob,5500379309,0,0,342062,476765
06:19:20,33,WebClient,0,-13029366,3859847861,0,0
06:19:20,36,BackgroundJob,5504572661,0,0,342578,477265
06:19:21,33,WebClient,0,-13029366,3859847861,0,0
06:19:21,36,BackgroundJob,5509047581,0,0,343062,477781
06:19:22,33,WebClient,0,-13029366,3859847861,0,0
06:19:22,36,BackgroundJob,5513185885,0,0,343578,478296
06:19:22,33,WebClient,0,-13029366,3859847861,0,0
06:19:22,36,BackgroundJob,5517641189,0,0,344078,478796
06:19:23,33,WebClient,0,-13029366,3859847861,0,0
06:19:23,36,BackgroundJob,5522023581,0,0,344593,479312
06:19:23,33,WebClient,0,-13029366,3859847861,0,0
06:19:23,36,BackgroundJob,5526292197,0,0,345093,479812
06:19:24,33,WebClient,0,-13029366,3859847861,0,0
06:19:24,36,BackgroundJob,5530622829,0,0,345593,480328
06:19:24,33,WebClient,0,-13005268,3859871959,0,0
06:19:24,36,BackgroundJob,5534518821,0,0,346093,480828
06:19:25,33,WebClient,0,-13005268,3859871959,0,0
06:19:25,36,BackgroundJob,5538782029,0,0,346593,481343
06:19:25,33,WebClient,0,-13005268,3859871959,0,0
06:19:25,36,BackgroundJob,5543112605,0,0,347109,481859
06:19:26,33,WebClient,0,-13005268,3859871959,0,0
06:19:26,36,BackgroundJob,5547552309,0,0,347609,482359
06:19:26,33,WebClient,0,-13005268,3859871959,0,0
06:19:26,36,BackgroundJob,5551656093,0,0,348125,482875
06:19:27,33,WebClient,0,-13005268,3859871959,0,0
06:19:27,36,BackgroundJob,5556022421,0,0,348625,483375
06:19:27,33,WebClient,0,-13005268,3859871959,0,0
06:19:27,36,BackgroundJob,5560064957,0,0,349125,483890
06:19:28,33,WebClient,0,-13005268,3859871959,0,0
06:19:28,36,BackgroundJob,5564758085,0,0,349625,484390
06:19:28,33,WebClient,0,-13005268,3859871959,0,0
06:19:28,36,BackgroundJob,5569361773,0,0,350140,484906
06:19:29,33,WebClient,0,-13005268,3859871959,0,0
06:19:29,36,BackgroundJob,5573006669,0,0,350625,485406
06:19:29,33,WebClient,0,-13005268,3859871959,0,0
06:19:29,36,BackgroundJob,5576996149,0,0,351125,485921
06:19:30,33,WebClient,0,-13005268,3859871959,0,0
06:19:30,36,BackgroundJob,5580905245,0,0,351625,486437
06:19:30,33,WebClient,0,-13005268,3859871959,0,0
06:19:30,36,BackgroundJob,5585232565,0,0,352109,486937
06:19:31,33,WebClient,0,-13005268,3859871959,0,0
06:19:31,36,BackgroundJob,5589785037,0,0,352625,487453
06:19:31,33,WebClient,0,-13005268,3859871959,0,0
06:19:31,36,BackgroundJob,5594777285,0,0,353125,487953
06:19:32,33,WebClient,0,-13005268,3859871959,0,0
06:19:32,36,BackgroundJob,5599381309,0,0,353625,488468
06:19:32,33,WebClient,0,-13005268,3859871959,0,0
06:19:32,36,BackgroundJob,5603626341,0,0,354109,488968
06:19:33,33,WebClient,0,-13005268,3859871959,0,0
06:19:33,36,BackgroundJob,5608319677,0,0,354609,489484
06:19:33,33,WebClient,0,-13005268,3859871959,0,0
06:19:33,36,BackgroundJob,5612966229,0,0,355125,489984
06:19:34,33,WebClient,0,-13005268,3859871959,0,0
06:19:34,36,BackgroundJob,5617680885,0,0,355625,490500
06:19:34,33,WebClient,0,-13002235,3859896060,0,0
06:19:34,36,BackgroundJob,5622286653,0,0,356125,491000
06:19:35,33,WebClient,0,-13002235,3859896060,0,0
06:19:35,36,BackgroundJob,5626979861,0,0,356625,491515
06:19:35,33,WebClient,0,-13002235,3859896060,0,0
06:19:35,36,BackgroundJob,5631769165,0,0,357140,492015
06:19:36,33,WebClient,0,-13002235,3859896060,0,0
06:19:36,36,BackgroundJob,5636420741,0,0,357625,492531
06:19:36,33,WebClient,0,-13002235,3859896060,0,0
06:19:36,36,BackgroundJob,5641120733,0,0,358125,493046
06:19:37,33,WebClient,0,-13002235,3859896060,0,0
06:19:37,36,BackgroundJob,5645947893,0,0,358609,493546
06:19:37,33,WebClient,0,-12972241,3859926054,0,0
06:19:37,36,BackgroundJob,5650587213,0,0,359109,494062
06:19:38,33,WebClient,0,-12972241,3859926054,0,0
06:19:38,36,BackgroundJob,5655435717,0,0,359609,494562
06:19:38,33,WebClient,0,-12972241,3859926054,0,0
06:19:38,36,BackgroundJob,5659830237,0,0,360125,495078
06:19:39,33,WebClient,0,-12972241,3859926054,0,0
06:19:39,36,BackgroundJob,5664642069,0,0,360609,495578
06:19:39,33,WebClient,0,-12972241,3859926054,0,0
06:19:39,36,BackgroundJob,5669484029,0,0,361125,496093
06:19:40,33,WebClient,0,-12972241,3859926054,0,0
06:19:40,36,BackgroundJob,5674138741,0,0,361625,496593
06:19:40,33,WebClient,0,-12968353,3859929942,0,0
06:19:40,36,BackgroundJob,5678798605,0,0,362140,497109
06:19:41,33,WebClient,0,-12968353,3859929942,0,0
06:19:41,36,BackgroundJob,5683478757,0,0,362640,497609
06:19:41,33,WebClient,0,-12968353,3859929942,0,0
06:19:41,36,BackgroundJob,5688185309,0,0,363156,498125
06:19:42,33,WebClient,0,-12968353,3859929942,0,0
06:19:42,36,BackgroundJob,5692781429,0,0,363671,498625
06:19:42,33,WebClient,0,-12968353,3859929942,0,0
06:19:42,36,BackgroundJob,5697305965,0,0,364171,499140
06:19:43,33,WebClient,0,-12968353,3859929942,0,0
06:19:43,36,BackgroundJob,5702018549,0,0,364687,499640
06:19:43,33,WebClient,0,-12968353,3859929942,0,0
06:19:43,36,BackgroundJob,5706670605,0,0,365187,500156
06:19:44,33,WebClient,0,-12968353,3859929942,0,0
06:19:44,36,BackgroundJob,5711302989,0,0,365687,500656
06:19:44,33,WebClient,0,-12968353,3859929942,0,0
06:19:44,36,BackgroundJob,5715714021,0,0,366187,501171
06:19:45,33,WebClient,0,-12968353,3859929942,0,0
06:19:45,36,BackgroundJob,5720129917,0,0,366687,501687
06:19:45,33,WebClient,0,-12968353,3859929942,0,0
06:19:45,36,BackgroundJob,5724322885,0,0,367203,502187
06:19:46,33,WebClient,0,-12968353,3859929942,0,0
06:19:46,36,BackgroundJob,5728656957,0,0,367703,502703
06:19:46,33,WebClient,0,-12968353,3859929942,0,0
06:19:46,36,BackgroundJob,5732984677,0,0,368187,503218
06:19:47,33,WebClient,0,-12968353,3859929942,0,0
06:19:47,36,BackgroundJob,5736737437,0,0,368687,503718
06:19:47,33,WebClient,0,-12968353,3859929942,0,0
06:19:47,36,BackgroundJob,5740274205,0,0,369156,504234
06:19:48,33,WebClient,0,-12968353,3859929942,0,0
06:19:48,36,BackgroundJob,5744900709,0,0,369656,504734
06:19:48,33,WebClient,0,-12968353,3859929942,0,0
06:19:48,36,BackgroundJob,5749958973,0,0,370156,505250
06:19:49,33,WebClient,0,-12968353,3859929942,0,0
06:19:49,36,BackgroundJob,5753097541,0,0,370562,505765
06:19:49,33,WebClient,0,-12968353,3859929942,0,0
06:19:49,36,BackgroundJob,5756760621,0,0,371046,506265
06:19:50,33,WebClient,0,-12941919,3859952366,0,0
06:19:50,36,BackgroundJob,5761037669,0,0,371531,506781
06:19:51,33,WebClient,0,-12941919,3859952366,0,0
06:19:51,36,BackgroundJob,5766205645,0,0,372046,507296
06:19:51,33,WebClient,0,-12941919,3859952366,0,0
06:19:51,36,BackgroundJob,5771154837,0,0,372546,507796
06:19:52,33,WebClient,0,-12941919,3859952366,0,0
06:19:52,36,BackgroundJob,5776328605,0,0,373062,508312
06:19:52,33,WebClient,0,-12941919,3859952366,0,0
06:19:52,36,BackgroundJob,5781194293,0,0,373562,508812
06:19:53,33,WebClient,0,-12941919,3859952366,0,0
06:19:53,36,BackgroundJob,5786198077,0,0,374062,509328
06:19:53,33,WebClient,0,-12941919,3859952366,0,0
06:19:53,36,BackgroundJob,5790808853,0,0,374546,509828
06:19:54,33,WebClient,0,-12941919,3859952366,0,0
06:19:54,36,BackgroundJob,5793906757,0,0,375046,510343
06:19:54,33,WebClient,0,-12941919,3859952366,0,0
06:19:54,36,BackgroundJob,5798213629,0,0,375515,510859
06:19:55,33,WebClient,0,-12941919,3859952366,0,0
06:19:55,36,BackgroundJob,5803330229,0,0,376015,511359
06:19:55,33,WebClient,0,-12941919,3859952366,0,0
06:19:55,36,BackgroundJob,5808484957,0,0,376515,511875
06:19:56,33,WebClient,0,-12941919,3859952366,0,0
06:19:56,36,BackgroundJob,5813664485,0,0,377015,512375
06:19:56,33,WebClient,0,-12919495,3859974790,0,0
06:19:56,36,BackgroundJob,5818810861,0,0,377515,512890
06:19:57,33,WebClient,0,-12919495,3859974790,0,0
06:19:57,36,BackgroundJob,5824048421,0,0,378015,513390
06:19:57,33,WebClient,0,-12919495,3859974790,0,0
06:19:57,36,BackgroundJob,5829157341,0,0,378515,513906
06:19:58,33,WebClient,0,-12919495,3859974790,0,0
06:19:58,36,BackgroundJob,5834114741,0,0,379031,514406
06:19:58,33,WebClient,0,-12919495,3859974790,0,0
06:19:58,36,BackgroundJob,5838700813,0,0,379531,514921
06:19:59,33,WebClient,0,-12919495,3859974790,0,0
06:19:59,36,BackgroundJob,5843521909,0,0,380046,515437
06:19:59,33,WebClient,0,-12919495,3859974790,0,0
06:19:59,36,BackgroundJob,5847981485,0,0,380515,515937
06:20:00,33,WebClient,0,-12919495,3859974790,0,0
06:20:00,36,BackgroundJob,5852333109,0,0,381000,516453
06:20:00,33,WebClient,0,-12919495,3859974790,0,0
06:20:00,36,BackgroundJob,5856396141,0,0,381515,516953
06:20:01,33,WebClient,0,-12919495,3859974790,0,0
06:20:01,36,BackgroundJob,5860618085,0,0,382000,517468
06:20:01,33,WebClient,0,-12919495,3859974790,0,0
06:20:01,36,BackgroundJob,5864780525,0,0,382500,517984
06:20:02,33,WebClient,0,-12919495,3859974790,0,0
06:20:02,36,BackgroundJob,5868210349,0,0,382984,518500
06:20:02,33,WebClient,0,-12919495,3859974790,0,0
06:20:02,36,BackgroundJob,5868611357,0,0,383109,519000
06:20:03,33,WebClient,0,-12919495,3859974790,0,0
06:20:03,36,BackgroundJob,5868857549,0,0,383203,519515
06:20:03,33,WebClient,0,-12919495,3859974790,0,0
06:20:03,36,BackgroundJob,5871564101,0,0,383593,520031
06:20:04,33,WebClient,0,-12919495,3859974790,0,0
06:20:04,36,BackgroundJob,5875233277,0,0,384109,520546
06:20:04,33,WebClient,0,-12919495,3859974790,0,0
06:20:04,36,BackgroundJob,5879471133,0,0,384625,521046
06:20:05,33,WebClient,0,-12919495,3859974790,0,0
06:20:05,36,BackgroundJob,5883159701,0,0,385109,521562
06:20:05,33,WebClient,0,-12919495,3859974790,0,0
06:20:05,36,BackgroundJob,5887371629,0,0,385609,522062
06:20:06,33,WebClient,0,-12919495,3859974790,0,0
06:20:06,36,BackgroundJob,5891760437,0,0,386109,522578
06:20:06,33,WebClient,0,-12942003,3859998894,0,0
06:20:06,36,BackgroundJob,5895390493,0,0,386609,523093
06:20:07,33,WebClient,0,-12942003,3859998894,0,0
06:20:07,36,BackgroundJob,5899832005,0,0,387093,523593
06:20:07,33,WebClient,0,-12942003,3859998894,0,0
06:20:07,36,BackgroundJob,5904179621,0,0,387593,524109
06:20:08,33,WebClient,0,-12942003,3859998894,0,0
06:20:08,36,BackgroundJob,5908029789,0,0,388109,524609
06:20:08,33,WebClient,0,-12942003,3859998894,0,0
06:20:08,36,BackgroundJob,5911721797,0,0,388593,525125
06:20:09,33,WebClient,0,-12942003,3859998894,0,0
06:20:09,36,BackgroundJob,5915866061,0,0,389109,525640
06:20:09,33,WebClient,0,-12942003,3859998894,0,0
06:20:09,36,BackgroundJob,5920215989,0,0,389625,526140
06:20:10,33,WebClient,0,-12942003,3859998894,0,0
06:20:10,36,BackgroundJob,5924807197,0,0,390125,526656
06:20:10,33,WebClient,0,-12942003,3859998894,0,0
06:20:10,36,BackgroundJob,5929409573,0,0,390640,527156
06:20:11,33,WebClient,0,-12942003,3859998894,0,0
06:20:11,36,BackgroundJob,5933932429,0,0,391140,527671
06:20:11,33,WebClient,0,-12942003,3859998894,0,0
06:20:11,36,BackgroundJob,5937945629,0,0,391656,528187
06:20:12,33,WebClient,0,-12919579,3860021318,0,0
06:20:12,36,BackgroundJob,5942074053,0,0,392156,528687
06:20:12,33,WebClient,0,-12919579,3860021318,0,0
06:20:12,36,BackgroundJob,5945850941,0,0,392656,529203
06:20:13,33,WebClient,0,-12919579,3860021318,0,0
06:20:13,36,BackgroundJob,5950238517,0,0,393156,529703
06:20:13,33,WebClient,0,-12919579,3860021318,0,0
06:20:13,36,BackgroundJob,5954450301,0,0,393671,530218
06:20:14,33,WebClient,0,-12919579,3860021318,0,0
06:20:14,36,BackgroundJob,5958548701,0,0,394187,530718
06:20:14,33,WebClient,0,-12919579,3860021318,0,0
06:20:14,36,BackgroundJob,5962490341,0,0,394671,531234
06:20:15,33,WebClient,0,-12919579,3860021318,0,0
06:20:15,36,BackgroundJob,5966209197,0,0,395156,531750
06:20:15,33,WebClient,0,-12919579,3860021318,0,0
06:20:15,36,BackgroundJob,5968131533,0,0,395562,532265
06:20:16,33,WebClient,0,-12919579,3860021318,0,0
06:20:16,36,BackgroundJob,5970053125,0,0,395859,532781
06:20:17,33,WebClient,0,-12919579,3860021318,0,0
06:20:17,36,BackgroundJob,5971538837,0,0,396203,533296
06:20:17,33,WebClient,0,-12919579,3860021318,0,0
06:20:17,36,BackgroundJob,5973854077,0,0,396609,533812
06:20:18,33,WebClient,0,-12919579,3860021318,0,0
06:20:18,36,BackgroundJob,5976289469,0,0,397046,534312
06:20:18,33,WebClient,0,-12919579,3860021318,0,0
06:20:18,36,BackgroundJob,5979907781,0,0,397546,534828
06:20:19,33,WebClient,0,-12919579,3860021318,0,0
06:20:19,36,BackgroundJob,5983743133,0,0,398046,535343
06:20:19,33,WebClient,0,-12919579,3860021318,0,0
06:20:19,36,BackgroundJob,5986770557,0,0,398515,535859
06:20:20,33,WebClient,0,-12919579,3860021318,0,0
06:20:20,36,BackgroundJob,5991056389,0,0,399000,536359
06:20:20,33,WebClient,0,-12919579,3860021318,0,0
06:20:20,36,BackgroundJob,5994868813,0,0,399468,536875
06:20:21,33,WebClient,0,-12919579,3860021318,0,0
06:20:21,36,BackgroundJob,5998863749,0,0,399953,537375
06:20:21,33,WebClient,0,-12919579,3860021318,0,0
06:20:21,36,BackgroundJob,6003235069,0,0,400453,537890
06:20:22,33,WebClient,0,-12919579,3860021318,0,0
06:20:22,36,BackgroundJob,6007650429,0,0,400968,538406
06:20:22,33,WebClient,0,-12940407,3860045422,0,0
06:20:22,36,BackgroundJob,6011747621,0,0,401468,538906
06:20:23,33,WebClient,0,-12940407,3860045422,0,0
06:20:23,36,BackgroundJob,6016297309,0,0,401984,539421
06:20:23,33,WebClient,0,-12940407,3860045422,0,0
06:20:23,36,BackgroundJob,6020878453,0,0,402500,539921
06:20:24,33,WebClient,0,-12940407,3860045422,0,0
06:20:24,36,BackgroundJob,6021114677,0,0,402640,540437
06:20:24,33,WebClient,0,-12940407,3860045422,0,0
06:20:24,36,BackgroundJob,6024059997,0,0,403078,540953
06:20:25,33,WebClient,0,-12940407,3860045422,0,0
06:20:25,36,BackgroundJob,6028577381,0,0,403593,541453
06:20:25,33,WebClient,0,-12940407,3860045422,0,0
06:20:25,36,BackgroundJob,6032900557,0,0,404093,541968
06:20:26,33,WebClient,0,-12940407,3860045422,0,0
06:20:26,36,BackgroundJob,6035871565,0,0,404484,542484
06:20:26,33,WebClient,0,-12940407,3860045422,0,0
06:20:26,36,BackgroundJob,6036306701,0,0,404703,542984
06:20:27,33,WebClient,0,-12940407,3860045422,0,0
06:20:27,36,BackgroundJob,6037164125,0,0,405000,543500
06:20:27,33,WebClient,0,-12940407,3860045422,0,0
06:20:27,36,BackgroundJob,6038332405,0,0,405281,544031
06:20:28,33,WebClient,0,-12940407,3860045422,0,0
06:20:28,36,BackgroundJob,6040733701,0,0,405640,544531
06:20:28,33,WebClient,0,-12917983,3860067846,0,0
06:20:28,36,BackgroundJob,6044274605,0,0,406140,545046
06:20:29,33,WebClient,0,-12917983,3860067846,0,0
06:20:29,36,BackgroundJob,6048336245,0,0,406625,545546
06:20:29,33,WebClient,0,-12917983,3860067846,0,0
06:20:29,36,BackgroundJob,6052451333,0,0,407125,546062
06:20:30,33,WebClient,0,-12917983,3860067846,0,0
06:20:30,36,BackgroundJob,6056805949,0,0,407640,546578
06:20:30,33,WebClient,0,-12917983,3860067846,0,0
06:20:30,36,BackgroundJob,6060998581,0,0,408140,547078
06:20:31,33,WebClient,0,-12917983,3860067846,0,0
06:20:31,36,BackgroundJob,6065120589,0,0,408656,547593
06:20:31,33,WebClient,0,-12917983,3860067846,0,0
06:20:31,36,BackgroundJob,6069186709,0,0,409156,548093
06:20:32,33,WebClient,0,-12917983,3860067846,0,0
06:20:32,36,BackgroundJob,6073388173,0,0,409671,548609
06:20:32,33,WebClient,0,-12917983,3860067846,0,0
06:20:32,36,BackgroundJob,6077493685,0,0,410187,549109
06:20:33,33,WebClient,0,-12917983,3860067846,0,0
06:20:33,36,BackgroundJob,6082444077,0,0,410671,549625
06:20:33,33,WebClient,0,-12917983,3860067846,0,0
06:20:33,36,BackgroundJob,6087428853,0,0,411171,550125
06:20:34,33,WebClient,0,-12917983,3860067846,0,0
06:20:34,36,BackgroundJob,6092506013,0,0,411656,550640
06:20:34,33,WebClient,0,-12917983,3860067846,0,0
06:20:34,36,BackgroundJob,6097002629,0,0,412156,551140
06:20:35,33,WebClient,0,-12917983,3860067846,0,0
06:20:35,36,BackgroundJob,6102057245,0,0,412656,551656
06:20:35,33,WebClient,0,-12917983,3860067846,0,0
06:20:35,36,BackgroundJob,6107075269,0,0,413156,552156
06:20:36,33,WebClient,0,-12917983,3860067846,0,0
06:20:36,36,BackgroundJob,6111969437,0,0,413671,552671
06:20:36,33,WebClient,0,-12917983,3860067846,0,0
06:20:36,36,BackgroundJob,6117088821,0,0,414171,553171
06:20:37,33,WebClient,0,-12905385,3860091953,0,0
06:20:37,36,BackgroundJob,6122161069,0,0,414687,553687
06:20:37,33,WebClient,0,-12905385,3860091953,0,0
06:20:37,36,BackgroundJob,6127259957,0,0,415171,554187
06:20:38,33,WebClient,0,-12905385,3860091953,0,0
06:20:38,36,BackgroundJob,6132316093,0,0,415656,554703
06:20:38,33,WebClient,0,-12905385,3860091953,0,0
06:20:38,36,BackgroundJob,6137400965,0,0,416156,555203
06:20:39,33,WebClient,0,-12905385,3860091953,0,0
06:20:39,36,BackgroundJob,5326689061,0,0,416625,555718
06:20:39,33,WebClient,0,-12905385,3860091953,0,0
06:20:39,36,BackgroundJob,4244413773,0,0,417093,556218
06:20:40,33,WebClient,0,-12905385,3860091953,0,0
06:20:40,36,BackgroundJob,3299331565,0,0,417562,556734
06:20:40,33,WebClient,0,-12905385,3860091953,0,0
06:20:40,36,BackgroundJob,2359996645,0,0,418046,557234
06:20:41,33,WebClient,0,-12905385,3860091953,0,0
06:20:41,36,BackgroundJob,1423941325,0,0,418546,557734
06:20:41,33,WebClient,0,-12905385,3860091953,0,0
06:20:41,36,BackgroundJob,444148173,0,0,419031,558250
06:20:42,33,WebClient,0,-12905385,3860091953,0,0
06:20:42,33,WebClient,0,-12905385,3860091953,0,0
06:20:43,33,WebClient,0,-12905385,3860091953,0,0
06:20:43,33,WebClient,0,-12905385,3860091953,0,0
06:20:44,33,WebClient,138024,-4299219,3860121628,15,47
06:20:45,33,WebClient,100752,-4299219,3860121628,31,562
06:20:45,33,WebClient,0,-4299219,3860121628,0,0
06:20:46,33,WebClient,0,-4299219,3860121628,0,0
06:20:46,33,WebClient,0,-4299219,3860121628,0,0
06:20:47,33,WebClient,0,-4299219,3860121628,0,0
06:20:47,33,WebClient,0,-4299219,3860121628,0,0
06:20:48,33,WebClient,0,-4299219,3860121628,0,0
06:20:48,33,WebClient,0,-4299219,3860121628,0,0
06:20:49,33,WebClient,0,-4299219,3860121628,0,0
06:20:49,33,WebClient,0,-4293043,3860127804,0,0
06:20:50,33,WebClient,0,-4293043,3860127804,0,0
06:20:50,33,WebClient,0,-4293043,3860127804,0,0
06:20:51,33,WebClient,0,-4293043,3860127804,0,0
06:20:51,33,WebClient,0,-4293043,3860127804,0,0
06:20:52,33,WebClient,0,-4293043,3860127804,0,0
06:20:52,33,WebClient,0,-4293043,3860127804,0,0
06:20:53,33,WebClient,0,-4293043,3860127804,0,0
06:20:53,33,WebClient,0,-4293043,3860127804,0,0
06:20:54,33,WebClient,0,-4293043,3860127804,0,0
06:20:54,33,WebClient,0,-4293043,3860127804,0,0
06:20:55,33,WebClient,0,-4293043,3860127804,0,0
06:20:55,33,WebClient,0,-4293043,3860127804,0,0
06:20:56,33,WebClient,0,-4293043,3860127804,0,0
06:20:56,33,WebClient,0,-4293043,3860127804,0,0
06:20:57,33,WebClient,0,-4293043,3860127804,0,0
06:20:57,33,WebClient,0,-4293043,3860127804,0,0
06:20:58,33,WebClient,0,-4293043,3860127804,0,0
06:20:58,33,WebClient,0,-4293043,3860127804,0,0
06:20:59,33,WebClient,0,-4293043,3860127804,0,0
06:20:59,33,WebClient,0,-4388060,3860077713,0,0
06:21:00,33,WebClient,0,-4388060,3860077713,0,0
06:21:00,33,WebClient,0,-4388060,3860077713,0,0
06:21:01,33,WebClient,0,-4388060,3860077713,0,0
06:21:01,33,WebClient,0,-4388060,3860077713,0,0
06:21:02,33,WebClient,0,-4388060,3860077713,0,0
06:21:02,33,WebClient,0,-4388060,3860077713,0,0
06:21:03,33,WebClient,0,-4388060,3860077713,0,0
06:21:03,33,WebClient,0,-4388060,3860077713,0,0
06:21:04,33,WebClient,0,-4388060,3860077713,0,0
06:21:04,33,WebClient,0,-4388060,3860077713,0,0
06:21:05,33,WebClient,0,-4388060,3860077713,0,0
06:21:05,33,WebClient,0,-4388060,3860077713,0,0
06:21:06,33,WebClient,0,-4388060,3860077713,0,0
06:21:06,33,WebClient,0,-4388060,3860077713,0,0
06:21:07,33,WebClient,0,-4388060,3860077713,0,0
06:21:07,33,WebClient,0,-4388060,3860077713,0,0
06:21:08,33,WebClient,0,-4388060,3860077713,0,0
06:21:08,33,WebClient,0,-4388060,3860077713,0,0
06:21:09,33,WebClient,0,-4410517,3860101853,0,0
06:21:09,33,WebClient,0,-4410517,3860101853,0,0
06:21:10,33,WebClient,0,-4410517,3860101853,0,0
06:21:10,33,WebClient,0,-4410517,3860101853,0,0
06:21:11,33,WebClient,0,-4410517,3860101853,0,0
06:21:12,33,WebClient,0,-4410517,3860101853,0,0
06:21:12,33,WebClient,0,-4410517,3860101853,0,0
06:21:13,33,WebClient,0,-4410517,3860101853,0,0
06:21:13,33,WebClient,0,-4410517,3860101853,0,0
06:21:14,33,WebClient,0,-4410517,3860101853,0,0
06:21:14,33,WebClient,0,-4410517,3860101853,0,0
06:21:15,33,WebClient,0,-4410517,3860101853,0,0
06:21:15,33,WebClient,0,-4410517,3860101853,0,0
06:21:16,33,WebClient,0,-4410517,3860101853,0,0
06:21:16,33,WebClient,0,-4410517,3860101853,0,0
06:21:17,33,WebClient,0,-4410517,3860101853,0,0
06:21:17,33,WebClient,0,-4410517,3860101853,0,0
06:21:18,33,WebClient,0,-4410517,3860101853,0,0
06:21:18,33,WebClient,0,-4410517,3860101853,0,0
06:21:19,33,WebClient,0,-4410517,3860101853,0,0
06:21:19,33,WebClient,0,-4386377,3860125993,0,0
06:21:20,33,WebClient,0,-4386377,3860125993,0,0
06:21:20,33,WebClient,0,-4386377,3860125993,0,0
06:21:21,33,WebClient,0,-4386377,3860125993,0,0
06:21:21,33,WebClient,0,-4386377,3860125993,0,0
06:21:22,33,WebClient,0,-4386377,3860125993,0,0
06:21:22,33,WebClient,0,-4386377,3860125993,0,0
06:21:23,33,WebClient,0,-4386377,3860125993,0,0
06:21:23,33,WebClient,0,-4386377,3860125993,0,0
06:21:24,33,WebClient,0,-4386377,3860125993,0,0
06:21:24,33,WebClient,0,-4386377,3860125993,0,0
06:21:25,33,WebClient,0,-4386377,3860125993,0,0
06:21:25,33,WebClient,0,-4386377,3860125993,0,0
06:21:26,33,WebClient,0,-4386377,3860125993,0,0
06:21:26,33,WebClient,0,-4386377,3860125993,0,0
06:21:27,33,WebClient,0,-4386377,3860125993,0,0
06:21:27,33,WebClient,0,-4386377,3860125993,0,0
06:21:28,33,WebClient,0,-4386377,3860125993,0,0
06:21:28,33,WebClient,0,-4386377,3860125993,0,0
06:21:29,33,WebClient,0,-4406465,3860150813,0,0
06:21:29,33,WebClient,0,-4406465,3860150813,0,0
06:21:30,33,WebClient,0,-4406465,3860150813,0,0
06:21:30,33,WebClient,0,-4406465,3860150813,0,0
06:21:31,33,WebClient,0,-4406465,3860150813,0,0
06:21:31,33,WebClient,0,-4406465,3860150813,0,0
06:21:32,33,WebClient,0,-4406465,3860150813,0,0
06:21:32,33,WebClient,0,-4406465,3860150813,0,0
06:21:33,33,WebClient,0,-4406465,3860150813,0,0
06:21:34,33,WebClient,0,-4406465,3860150813,0,0
06:21:34,33,WebClient,0,-4406465,3860150813,0,0
06:21:35,33,WebClient,0,-4406465,3860150813,0,0
06:21:35,33,WebClient,0,-4406465,3860150813,0,0
06:21:36,33,WebClient,0,-4406465,3860150813,0,0
06:21:36,33,WebClient,0,-4406465,3860150813,0,0
06:21:37,33,WebClient,0,-4406465,3860150813,0,0
06:21:37,33,WebClient,0,-4385487,3860183205,0,0
06:21:38,33,WebClient,0,-4385487,3860183205,0,0
06:21:38,33,WebClient,0,-4385487,3860183205,0,0
06:21:39,33,WebClient,0,-4385487,3860183205,0,0
06:21:39,33,WebClient,0,-4385487,3860183205,0,0
06:21:40,33,WebClient,0,-4385487,3860183205,0,0
06:21:40,33,WebClient,0,-4385487,3860183205,0,0
06:21:41,33,WebClient,0,-4385487,3860183205,0,0
06:21:41,33,WebClient,0,-4385487,3860183205,0,0
06:21:42,33,WebClient,0,-4385487,3860183205,0,0
06:21:42,33,WebClient,0,-4385487,3860183205,0,0
06:21:43,33,WebClient,0,-4385487,3860183205,0,0
06:21:43,33,WebClient,0,-4385487,3860183205,0,0
06:21:44,33,WebClient,0,-4385487,3860183205,0,0
06:21:44,33,WebClient,0,-4385487,3860183205,0,0
06:21:45,33,WebClient,0,-4385487,3860183205,0,0
06:21:45,33,WebClient,0,-4385487,3860183205,0,0
06:21:46,33,WebClient,0,-4385487,3860183205,0,0
06:21:46,33,WebClient,0,-4385487,3860183205,0,0
06:21:47,33,WebClient,0,-4385487,3860183205,0,0
06:21:47,33,WebClient,0,-4385487,3860183205,0,0
06:21:48,33,WebClient,0,-4405730,3860187093,0,0
06:21:48,33,WebClient,0,-4405730,3860187093,0,0
06:21:49,33,WebClient,0,-4405730,3860187093,0,0
06:21:49,33,WebClient,0,-4405730,3860187093,0,0
06:21:50,33,WebClient,0,-4405730,3860187093,0,0
06:21:50,33,WebClient,0,-4405730,3860187093,0,0
06:21:51,33,WebClient,0,-4405730,3860187093,0,0
06:21:51,33,WebClient,0,-4405730,3860187093,0,0
06:21:52,33,WebClient,0,-4405730,3860187093,0,0
06:21:52,33,WebClient,0,-4405730,3860187093,0,0
06:21:53,33,WebClient,0,-4405730,3860187093,0,0
06:21:53,33,WebClient,0,-4405730,3860187093,0,0
06:21:54,33,WebClient,0,-4405730,3860187093,0,0
06:21:54,33,WebClient,0,-4405730,3860187093,0,0
06:21:55,33,WebClient,0,-4405730,3860187093,0,0
06:21:56,33,WebClient,0,-4405730,3860187093,0,0
06:21:56,33,WebClient,0,-4405730,3860187093,0,0
06:21:57,33,WebClient,0,-4405730,3860187093,0,0
06:21:57,33,WebClient,0,-4405730,3860187093,0,0
06:21:58,33,WebClient,0,-4405730,3860187093,0,0
06:21:58,33,WebClient,0,-4418849,3860196425,0,0
06:21:59,33,WebClient,0,-4418849,3860196425,0,0
06:21:59,33,WebClient,0,-4418849,3860196425,0,0
06:22:00,33,WebClient,0,-4418849,3860196425,0,0
06:22:00,33,WebClient,0,-4418849,3860196425,0,0
06:22:01,33,WebClient,0,-4418849,3860196425,0,0
06:22:01,33,WebClient,0,-4418849,3860196425,0,0
06:22:02,33,WebClient,0,-4418849,3860196425,0,0
06:22:02,33,WebClient,0,-4418849,3860196425,0,0
06:22:03,33,WebClient,0,-4418849,3860196425,0,0
06:22:03,33,WebClient,0,-4418849,3860196425,0,0
06:22:04,33,WebClient,0,-4418849,3860196425,0,0
06:22:04,33,WebClient,0,-4418849,3860196425,0,0
06:22:05,33,WebClient,0,-4418849,3860196425,0,0
06:22:05,33,WebClient,0,-4418849,3860196425,0,0
06:22:06,33,WebClient,0,-4418849,3860196425,0,0
06:22:06,33,WebClient,0,-4418849,3860196425,0,0
06:22:07,33,WebClient,0,-4418849,3860196425,0,0
06:22:07,33,WebClient,0,-4418849,3860196425,0,0
06:22:08,33,WebClient,0,-4418849,3860196425,0,0
06:22:08,33,WebClient,0,-4418840,3860218885,0,0
06:22:09,33,WebClient,0,-4418840,3860218885,0,0
06:22:09,33,WebClient,0,-4418840,3860218885,0,0
06:22:10,33,WebClient,0,-4418840,3860218885,0,0
06:22:10,33,WebClient,0,-4418840,3860218885,0,0
06:22:11,33,WebClient,0,-4418840,3860218885,0,0
06:22:11,33,WebClient,0,-4418840,3860218885,0,0
06:22:12,33,WebClient,0,-4418840,3860218885,0,0
06:22:12,33,WebClient,0,-4418840,3860218885,0,0
06:22:13,33,WebClient,0,-4418840,3860218885,0,0
06:22:13,33,WebClient,0,-4418840,3860218885,0,0
06:22:14,33,WebClient,0,-4418840,3860218885,0,0
06:22:14,33,WebClient,0,-4418840,3860218885,0,0
06:22:15,33,WebClient,0,-4418840,3860218885,0,0
06:22:15,33,WebClient,0,-4418840,3860218885,0,0
06:22:16,33,WebClient,0,-4418840,3860218885,0,0
06:22:16,33,WebClient,0,-4418840,3860218885,0,0
06:22:17,33,WebClient,0,-4418840,3860218885,0,0
06:22:17,33,WebClient,0,-4418840,3860218885,0,0
06:22:18,33,WebClient,0,-4441282,3860243025,0,0
06:22:18,33,WebClient,0,-4441282,3860243025,0,0
06:22:19,33,WebClient,0,-4441282,3860243025,0,0
06:22:20,33,WebClient,0,-4441282,3860243025,0,0
06:22:20,33,WebClient,0,-4441282,3860243025,0,0
06:22:21,33,WebClient,0,-4441282,3860243025,0,0
06:22:21,33,WebClient,0,-4441282,3860243025,0,0
06:22:22,33,WebClient,0,-4441282,3860243025,0,0
06:22:22,33,WebClient,0,-4441282,3860243025,0,0
06:22:23,33,WebClient,0,-4441282,3860243025,0,0
06:22:23,33,WebClient,0,-4441282,3860243025,0,0
06:22:24,33,WebClient,0,-4441282,3860243025,0,0
06:22:24,33,WebClient,0,-4441282,3860243025,0,0
06:22:25,33,WebClient,0,-4441282,3860243025,0,0
06:22:25,33,WebClient,0,-4441282,3860243025,0,0
06:22:26,33,WebClient,0,-4441282,3860243025,0,0
06:22:26,33,WebClient,0,-4441282,3860243025,0,0
06:22:27,33,WebClient,0,-4441282,3860243025,0,0
06:22:27,33,WebClient,0,-4441282,3860243025,0,0
06:22:28,33,WebClient,0,-4441282,3860243025,0,0
06:22:28,33,WebClient,0,-4465308,3860265485,0,0
06:22:29,33,WebClient,0,-4465308,3860265485,0,0
06:22:29,33,WebClient,0,-4465308,3860265485,0,0
06:22:30,33,WebClient,0,-4465308,3860265485,0,0
06:22:30,33,WebClient,0,-4465308,3860265485,0,0
06:22:31,33,WebClient,0,-4465308,3860265485,0,0
06:22:31,33,WebClient,0,-4465308,3860265485,0,0
06:22:32,33,WebClient,0,-4465308,3860265485,0,0
06:22:32,33,WebClient,0,-4465308,3860265485,0,0
06:22:33,33,WebClient,0,-4465308,3860265485,0,0
06:22:33,33,WebClient,0,-4465308,3860265485,0,0
06:22:34,33,WebClient,0,-4465308,3860265485,0,0
06:22:34,33,WebClient,0,-4465308,3860265485,0,0
06:22:35,33,WebClient,0,-4465308,3860265485,0,0
06:22:35,33,WebClient,0,-4465308,3860265485,0,0
06:22:36,33,WebClient,0,-4465308,3860265485,0,0
06:22:36,33,WebClient,0,-4465308,3860265485,0,0
06:22:37,33,WebClient,730748,-4454339,3860287945,0,31
06:22:37,33,WebClient,0,-4444407,3860297877,0,0
06:22:38,33,WebClient,0,-4444407,3860297877,0,0
06:22:38,33,WebClient,0,-4444407,3860297877,0,0
06:22:39,33,WebClient,0,-4444407,3860297877,0,0
06:22:39,33,WebClient,0,-4444407,3860297877,0,0
06:22:40,33,WebClient,0,-4444407,3860297877,0,0
06:22:40,33,WebClient,0,-4444407,3860297877,0,0
06:22:41,33,WebClient,0,-4444407,3860297877,0,0
06:22:41,33,WebClient,0,-4444407,3860297877,0,0
06:22:42,33,WebClient,0,-4444407,3860297877,0,0
06:22:43,33,WebClient,0,-4444407,3860297877,0,0
06:22:43,33,WebClient,0,-4444407,3860297877,0,0
06:22:44,33,WebClient,0,-4444407,3860297877,0,0
06:22:44,33,WebClient,0,-4444407,3860297877,0,0
06:22:45,33,WebClient,0,-4444407,3860297877,0,0
06:22:45,33,WebClient,0,-4444407,3860297877,0,0
06:22:46,33,WebClient,0,-4444407,3860297877,0,0
06:22:46,33,WebClient,0,-4444407,3860297877,0,0
06:22:47,33,WebClient,0,-4444407,3860297877,0,0
06:22:47,33,WebClient,0,-4470218,3860301765,0,0
06:22:48,33,WebClient,0,-4470218,3860301765,0,0
06:22:48,33,WebClient,0,-4470218,3860301765,0,0
06:22:49,33,WebClient,0,-4470218,3860301765,0,0
06:22:49,33,WebClient,0,-4470218,3860301765,0,0
06:22:50,33,WebClient,0,-4470218,3860301765,0,0
06:22:50,33,WebClient,0,-4470218,3860301765,0,0
06:22:51,33,WebClient,0,-4470218,3860301765,0,0
06:22:51,33,WebClient,0,-4470218,3860301765,0,0
06:22:52,33,WebClient,0,-4470218,3860301765,0,0
06:22:52,33,WebClient,0,-4470218,3860301765,0,0
