Summary,Issue key,Issue id,Parent id,Issue Type,Status,Project key,Project name,Project type,Project lead,Project description,Project url,Priority,Resolution,Assignee,Reporter,Creator,Created,Updated,Last Viewed,Resolved,Fix Version/s,Component/s,Due Date,Labels,Labels,Labels,Description,Watchers,Watchers,Watchers,Watchers,Watchers,Watchers,Watchers,Watchers,Log Work,Log Work,Log Work,Log Work,Log Work,Log Work,Log Work,Log Work,Log Work,Log Work,Log Work,Log Work,Log Work,Log Work,Log Work,Log Work,Log Work,Log Work,Log Work,Log Work,Log Work,Log Work,Log Work,Log Work,Log Work,Original Estimate,Remaining Estimate,Time Spent,Work Ratio,Σ Original Estimate,Σ Remaining Estimate,Σ Time Spent,Security Level,Inward issue link (Blocks),Inward issue link (Cause),Inward issue link (Cause),Outward issue link (Cause),Inward issue link (Dependency),Outward issue link (Dependency),Outward issue link (Dependency),Inward issue link (Duplicate),Outward issue link (Duplicate),Inward issue link (Fix),Inward issue link (Fix),Inward issue link (Fix),Inward issue link (Parent-Child),Outward issue link (Parent-Child),Outward issue link (Parent-Child),Inward issue link (Relates),Inward issue link (Relates),Outward issue link (Relates),Attachment,Attachment,Attachment,Attachment,Attachment,Attachment,Attachment,Attachment,Attachment,Attachment,Attachment,Attachment,Attachment,Attachment,Attachment,Attachment,Attachment,Attachment,Attachment,Attachment,Attachment,Attachment,Attachment,Attachment,Attachment,Attachment,Custom field (AD Department),Custom field (Action Plan),Custom field (Amount),Custom field (Analyse Estimation),Custom field (Analyst),Custom field (BSS Comment),Custom field (Borrower),Custom field (Business Line),Custom field (Business Tester),Custom field (CPSDEV_UsersFromFIBA),Custom field (Class of Task/Bug),Custom field (Client email),Custom field (Closed in SCSM),Custom field (Closure Meeting Date),Custom field (Code reviewer),Custom field (Commit Name),Custom field (Conditions of approval),Custom field (Cost Center),Custom field (Critical Category),Custom field (Critical Risk Details),Custom field (Currency),Custom field (Customer),Custom field (Date End),Custom field (Date Start),Custom field (DeadLine),Custom field (Deadline Date),Custom field (Developer),Custom field (Developer estimation),Custom field (Due Date),Custom field (End date),Custom field (Epic Colour),Custom field (Epic Link),Custom field (Epic Name),Custom field (Epic Status),Custom field (Ext Due Date),Custom field (Ext Estimate),Custom field (External Ref),Custom field (External Reporter),Custom field (Flagged),Custom field (Go-Live Strategy),Custom field (Group name),Custom field (HDH Business Approver),Custom field (IM Department),Custom field (IM Department (list)),Custom field (IT Comment),Custom field (IT Dept. estimation),Custom field (IT Tester),Custom field (ITR Comment),Custom field (Implementation estimated end time),Custom field (Infra Portal link),Custom field (Initiation Date),Custom field (Issue),Custom field (Kick Off Meeting Date),Custom field (LinkedIssuesAssignees),Custom field (LinkedIssuesReporters),Custom field (LinkedUsersToNotify),Custom field (ManualWorkaround),Custom field (NVB Single DB values picker),Custom field (NVB Values Picker),Custom field (New Business Request),Custom field (Ord),Custom field (Order Number),Custom field (Original Target Date),Custom field (Paid),Custom field (Patch number for rollback),Custom field (Path to Dump),Custom field (Portal link),Custom field (Priority in Release),Custom field (Rank),Custom field (Redevelopment Count),Custom field (Repository),Custom field (RepositoryNumber),Custom field (Requested by),Custom field (Resolution),Custom field (Responsible IT Team),Custom field (Responsible ITOPs Team),Custom field (Revised Target Date),Custom field (SCSM Ticket number),Custom field (Sprint goal),Custom field (Stage SLA Date),Custom field (Status Details),Custom field (Status Details Date),Custom field (Story Points),Custom field (Structure Index Monitor),Custom field (Task category),Custom field (Test Case ID),Custom field (Test Estimation),Custom field (Testing),Custom field (Ticket Number),Custom field (To be passed to UAT),Custom field (Vendor name),Custom field (WebSite),Custom field (Webwatcher Module),Custom field (Описание решения),Custom field (Ответственный за UAT от бизнеса),Custom field (Плановый старт UAT),Custom field (Плановый финиш UAT),Custom field (Подрядчик),Custom field (Предполагаемая дата начала работ),Custom field (Предполагаемая дата передачи в тестирование),Custom field (Проблема регулярная),Custom field (Размер задачи),Custom field (Ручной расчёт стоимости реализации),Custom field (Статус UAT),Custom field (Стоимость реализации),Custom field (Стоимость ресурса),Comment,Comment,Comment,Comment,Comment,Comment,Comment,Comment,Comment,Comment,Comment,Comment,Comment,Comment,Comment,Comment,Comment,Comment,Comment,Comment,Comment,Comment,Comment,Comment,Comment,Comment,Comment,Comment,Comment,Comment,Comment,Comment,Comment,Comment,Comment,Comment,Comment,Comment,Comment,Comment,Comment
"Оптимизировать процесс загрузка договоров РДУ за дату Т, карточки клиента, автозаполнение аналитики для ВУ",IMDEV-9105,1195406,,Change Request,Deploying to Prod,IMDEV,IM Development,software,AKonstantinov,,,Medium,Done,AChmykhalov,SKhromov,SKhromov,24/Jun/26 13:06 +0300,17/Aug/26 9:16 +0300,14/Sep/26 5:32 +0300,29/Jul/26 8:19 +0300,,AvancoreDU,,Retail_DU,,,"Оптимизировать процесс загрузка договоров РДУ за дату Т, карточки клиента, автозаполнение аналитики для ВУ",AChmykhalov,SKhromov,YYurasheva,,,,,,"Изучение задачи, анализ источников, подготовке к ведению проекта по задаче;07/Jul/26 7:36 +0300;AChmykhalov;5400",,,,,,,,,,,,,,,,,,,,,,,,,420,0,5400,"1,285%",420,0,5400,,,,,,,,,IMDEV-9316,,IMAPPS-38417,,,,,,,,,"15/Jul/26 9:45 +0300;AChmykhalov;IMDEV-9105_TZ_indexing_Avancor.html;https://jira/secure/attachment/2787351/IMDEV-9105_TZ_indexing_Avancor.html","20/Jul/26 13:32 +0300;AChmykhalov;ИТ Тест 9105.docx;https://jira/secure/attachment/2794220/%D0%98%D0%A2+%D0%A2%D0%B5%D1%81%D1%82+9105.docx","14/Jul/26 16:11 +0300;AChmykhalov;Отладчик_100.pff;https://jira/secure/attachment/2786337/%D0%9E%D1%82%D0%BB%D0%B0%D0%B4%D1%87%D0%B8%D0%BA_100.pff","15/Jul/26 9:33 +0300;AChmykhalov;Отладчик_100_Индексация.pff;https://jira/secure/attachment/2787296/%D0%9E%D1%82%D0%BB%D0%B0%D0%B4%D1%87%D0%B8%D0%BA_100_%D0%98%D0%BD%D0%B4%D0%B5%D0%BA%D1%81%D0%B0%D1%86%D0%B8%D1%8F.pff","14/Jul/26 16:11 +0300;AChmykhalov;Сообщения_100.txt;https://jira/secure/attachment/2786338/%D0%A1%D0%BE%D0%BE%D0%B1%D1%89%D0%B5%D0%BD%D0%B8%D1%8F_100.txt","15/Jul/26 9:33 +0300;AChmykhalov;Сообщения_100_Индекс.txt;https://jira/secure/attachment/2787297/%D0%A1%D0%BE%D0%BE%D0%B1%D1%89%D0%B5%D0%BD%D0%B8%D1%8F_100_%D0%98%D0%BD%D0%B4%D0%B5%D0%BA%D1%81.txt","14/Jul/26 16:11 +0300;AChmykhalov;Тест_100ДоговоровДУ.png;https://jira/secure/attachment/2786336/%D0%A2%D0%B5%D1%81%D1%82_100%D0%94%D0%BE%D0%B3%D0%BE%D0%B2%D0%BE%D1%80%D0%BE%D0%B2%D0%94%D0%A3.png","15/Jul/26 9:33 +0300;AChmykhalov;Тест_100ДоговоровДУ_ПослеИндексирования.png;https://jira/secure/attachment/2787295/%D0%A2%D0%B5%D1%81%D1%82_100%D0%94%D0%BE%D0%B3%D0%BE%D0%B2%D0%BE%D1%80%D0%BE%D0%B2%D0%94%D0%A3_%D0%9F%D0%BE%D1%81%D0%BB%D0%B5%D0%98%D0%BD%D0%B4%D0%B5%D0%BA%D1%81%D0%B8%D1%80%D0%BE%D0%B2%D0%B0%D0%BD%D0%B8%D1%8F.png",,,,,,,,,,,,,,,,,,,,,,,,,,WIM,,,,,,,,,,,,,,,,,,,,,,,,IMDEV-8633,,,,,https://lk.avancore.ru/tasks/ASP-210782,,,,,,IM IT,IM IT,,,,,,,,,,,,,,,,,,,,no,,,,,"0|i3g3pf:9",0.0,,,,,,,,,,,,,,,,,,,,,,,,,,,,,,,Да,normal,,,,,"14/Jul/26 16:09 +0300;AChmykhalov;h3. IMDEV-9105 — производительность загрузки договоров РДУ (гипотеза и замер «как было»)

*Сценарий:* загрузка 100 договоров РДУ (путь как в {{СинхронизацияНСИ}}: СоздатьНСИ → аналитика → поручение на перевод). Без ДО, без ПП, откат транзакции. База Srvr=""SMSK02MG138U:6541"";Ref=""AVC_REGR_CLEAN_DU"";, 14.07.2026 14:30.

----

h4. Замер «как было» (без индекса)

* ИТОГО: *311,5 с* (~5 мин), ~3,03 с на договор, 0,33 дог/с
* Блок «СоздатьНСИ + аналитика + поручение»: *303,3 с (97%)*
* Генерация ТЧ: 6,5 с (2%) — не узкое место

----

h4. Гипотеза

По профилю отладчика (PFF) *55,7%* всего прогона (*172 с*) уходит на *один и тот же* запрос к справочнику {{ДоговорыКонтрагентов}} (два call-site, ~500 вызовов на 100 договоров):

{code}
ВЫБРАТЬ ДоговорыКонтрагентов.Ссылка
ИЗ Справочник.ДоговорыКонтрагентов
ГДЕ Владелец = &Владелец
  И ДоговорДУ = &ДоговорДУ
  И РольДоговора = &РольДоговора
{code}

* L3335 ({{ДоговорКонтрагента}}): 128,4 с (41,6%), N=400
* L3199 (торговый код / ЕБС): 43,6 с (14,1%), N=100

У реквизитов {{ДоговорДУ}} и {{РольДоговора}} индексирование *выключено* ({{DontIndex}}). Предположение: включение индекса уберёт ~172 с и заметно сократит общий прогон.

*Подробности / скриншоты / ТЗ Аванкору:*  !Тест_100ДоговоровДУ.png|thumbnail! 
","15/Jul/26 9:45 +0300;AChmykhalov;h3. IMDEV-9105 — производительность загрузки договоров РДУ (замер «как стало» после индекса)

*Сценарий:* тот же, что в замере «как было»: загрузка 100 договоров РДУ (путь как в {{СинхронизацияНСИ}}: СоздатьНСИ → аналитика → поручение на перевод). Без ДО, без ПП, откат транзакции. База {{Srvr=""SMSK02MG138U:6541"";Ref=""AVC_REGR_CLEAN_DU"";}}, 14.07.2026 15:41. На реквизитах {{ДоговорДУ}} и {{РольДоговора}} включено индексирование (тестовый стенд).

----

h4. Замер «как стало» (с индексом)

* ИТОГО: *132,4 с* (~2,2 мин), ~1,32 с на договор, 0,76 дог/с
* Блок «СоздатьНСИ + аналитика + поручение»: *123,9 с (94%)*
* Генерация ТЧ: 6,9 с (5%) — по-прежнему не узкое место

----

h4. Сравнение с «как было»

||Показатель||Было (без индекса)||Стало (с индексом)||Эффект||
|ИТОГО|311,5 с|132,4 с|−58%, ×2,35|
|Блок СоздатьНСИ…|303,3 с|123,9 с|−59%|
|На 1 договор|~3,03 с|~1,32 с|−56%|
|Горячий SELECT (L3335+L3199)|172 с (55,7%)|1,20 с (~0,9%)|−171 с (−99%)|

----

h4. Профиль PFF — тот же запрос к {{ДоговорыКонтрагентов}}

{code}
ВЫБРАТЬ ДоговорыКонтрагентов.Ссылка
ИЗ Справочник.ДоговорыКонтрагентов
ГДЕ Владелец = &Владелец
  И ДоговорДУ = &ДоговорДУ
  И РольДоговора = &РольДоговора
{code}

* L3335 ({{ДоговорКонтрагента}}): *0,96 с* (было 128,4 с), N=400 — ×133
* L3199 (торговый код / ЕБС): *0,24 с* (было 43,6 с), N=100 — ×184
* Сумма TOP-2: *1,20 с* (было 172 с)

Экономия по ИТОГО (−179 с) практически равна исчезновению двух горячих строк (−171 с). *Гипотеза подтверждена численно.*

----

h4. Вывод / дальше

Индекс на {{ДоговорДУ}} / {{РольДоговора}} ушёл главный тормоз загрузки. Остаточный TOP (вторичный слой): подписка выгрузки CSV (~10 с), L3380 «АналитическийПризнакиБрокерскогоСчета» (~8,6 с), записи/проведения УП и поручений. Приоритет — закрепить индекс в базовой конфигурации (ТЗ Аванкору).
","15/Jul/26 9:46 +0300;AChmykhalov;Задача на Аванкор  [^IMDEV-9105_TZ_indexing_Avancor.html] 
https://lk.avancore.ru/tasks/ASP-210782
","16/Jul/26 14:36 +0300;AChmykhalov; 
Еременко Константин 16.07.26 14:23:06 
 
	Доступно в релизе 1.5.29.3

 

","20/Jul/26 13:33 +0300;AChmykhalov;Проведено успешное тестирование доработок Аванкор  [^ИТ Тест 9105.docx] ","28/Jul/26 8:15 +0300;AChmykhalov;*Предусловия внедрения*
 * Паспорт объекта внедрения слинкован с задачей: 
 * MergeRequest прошел ревью и принят в MAIN:
 * Слинкована DEPLOY-задача: Да

*План внедрения*
 * Тип объекта внедрения : Конфигурация
 * Название объекта внедрения: DU
 * Объект внедрения новый (да/нет): Нет
 * База внедрения (если применимо: указать название): PROD_AVC_DU
 * MergeRequest в GIT или номер коммита в DEV-хранилище: -
 * Помещено в каталог автозагрузки (если применимо: указать путь до файла): -
 * Версия (если применимо: указать внедряемый номер): *не ниже 1.5.29.3*
 * График внедрения (планово, срочно): планово

*Дополнительные действия*
 * Выполнить настройки (если применимо: указать параметры настроек): Выполнять настройки не нужно
 * Дополнительные действия при внедрении : нет","28/Jul/26 11:56 +0300;YYurasheva;без проверки BSS",,,,,,,,,,,,,,,,,,,,,,,,,,,,,,,,,,
Оптимизация загрузки отчетов брокера,IMDEV-9095,1195365,,Change Request,Deploying to Prod,IMDEV,IM Development,software,AKonstantinov,,,Medium,Done,AChmykhalov,SKhromov,SKhromov,24/Jun/26 12:17 +0300,29/Jul/26 8:31 +0300,28/Aug/26 11:19 +0300,29/Jul/26 8:19 +0300,,AvancoreDU,,Retail_DU,,,"Проанализировать процедуры загрузки отчета брокера и оптимизировать время загрузки в расчете на богльшое количество сделок и клиентов.

Обработка ""Распределение доходов по ценным бумагам""",AChmykhalov,SKhromov,YYurasheva,,,,,,"Изучение задачи, анализ источников, подготовке к ведению проекта по задаче;07/Jul/26 7:35 +0300;AChmykhalov;5400","Анализ медленных мест после замеров;08/Jul/26 13:25 +0300;AChmykhalov;21600","Тестирование вариантов доработок для ускорения;09/Jul/26 13:24 +0300;AChmykhalov;21600","Тест;10/Jul/26 12:52 +0300;AChmykhalov;7200",,,,,,,,,,,,,,,,,,,,,,201600,145800,55800,27%,201600,145800,55800,,,,,,,,,,,IMAPPS-38417,,,,,,,,,"09/Jul/26 13:22 +0300;AChmykhalov;imdev_9095_test_results_01_06_2026.html;https://jira/secure/attachment/2774726/imdev_9095_test_results_01_06_2026.html","10/Jul/26 16:48 +0300;AChmykhalov;IMDEV-9095_ТЗ_индексация_ДокументОснование_Аванкор.html;https://jira/secure/attachment/2777304/IMDEV-9095_%D0%A2%D0%97_%D0%B8%D0%BD%D0%B4%D0%B5%D0%BA%D1%81%D0%B0%D1%86%D0%B8%D1%8F_%D0%94%D0%BE%D0%BA%D1%83%D0%BC%D0%B5%D0%BD%D1%82%D0%9E%D1%81%D0%BD%D0%BE%D0%B2%D0%B0%D0%BD%D0%B8%D0%B5_%D0%90%D0%B2%D0%B0%D0%BD%D0%BA%D0%BE%D1%80.html","09/Jul/26 13:23 +0300;AChmykhalov;Выберем.docx;https://jira/secure/attachment/2774730/%D0%92%D1%8B%D0%B1%D0%B5%D1%80%D0%B5%D0%BC.docx","20/Jul/26 14:21 +0300;AChmykhalov;ПланТестированияАванкор_9095.docx;https://jira/secure/attachment/2794342/%D0%9F%D0%BB%D0%B0%D0%BD%D0%A2%D0%B5%D1%81%D1%82%D0%B8%D1%80%D0%BE%D0%B2%D0%B0%D0%BD%D0%B8%D1%8F%D0%90%D0%B2%D0%B0%D0%BD%D0%BA%D0%BE%D1%80_9095.docx","08/Jul/26 13:25 +0300;AChmykhalov;Тестирование времени.docx;https://jira/secure/attachment/2772608/%D0%A2%D0%B5%D1%81%D1%82%D0%B8%D1%80%D0%BE%D0%B2%D0%B0%D0%BD%D0%B8%D0%B5+%D0%B2%D1%80%D0%B5%D0%BC%D0%B5%D0%BD%D0%B8.docx",,,,,,,,,,,,,,,,,,,,,,,,,,,,,WIM,,,,,,,,,,,,,,,,,,,,,,,,IMDEV-8633,,,,,https://lk.avancore.ru/tasks/ASP-210782,,,,,,IM IT,IM IT,,,,,,,,,,,,,,,,,,,,no,,,,,"0|i3g3pf:c",0.0,,,,,,,,,,,,,,,,,,,,,,,,,,,,,,,Да,normal,,,,,"08/Jul/26 13:26 +0300;AChmykhalov;Замеры медленных мест  [^Тестирование времени.docx] ","09/Jul/26 13:22 +0300;AChmykhalov;Результаты проверки гипотиз, тестирование  [^Выберем.docx] выбранного варианта  [^imdev_9095_test_results_01_06_2026.html] ","10/Jul/26 16:49 +0300;AChmykhalov;Задание для Аванкор  [^IMDEV-9095_ТЗ_индексация_ДокументОснование_Аванкор.html] 

Ссылка на задачу https://lk.avancore.ru/tasks/ASP-210782","16/Jul/26 14:36 +0300;AChmykhalov; 
Еременко Константин 16.07.26 14:23:06 
 
	Доступно в релизе 1.5.29.3

 

","20/Jul/26 14:22 +0300;AChmykhalov;Проверены доработки Аванкор (успешно)  [^ПланТестированияАванкор_9095.docx] ","28/Jul/26 8:13 +0300;AChmykhalov;*Предусловия внедрения*
 * Паспорт объекта внедрения слинкован с задачей: 
 * MergeRequest прошел ревью и принят в MAIN:
 * Слинкована DEPLOY-задача: Да

*План внедрения*
 * Тип объекта внедрения : Конфигурация
 * Название объекта внедрения: DU
 * Объект внедрения новый (да/нет): Нет
 * База внедрения (если применимо: указать название): PROD_AVC_DU
 * MergeRequest в GIT или номер коммита в DEV-хранилище: -
 * Помещено в каталог автозагрузки (если применимо: указать путь до файла): -
 * Версия (если применимо: указать внедряемый номер): *не ниже 1.5.29.3*
 * График внедрения (планово, срочно): планово

*Дополнительные действия*
 * Выполнить настройки (если применимо: указать параметры настроек): Выполнять настройки не нужно
 * Дополнительные действия при внедрении : нет","28/Jul/26 11:56 +0300;YYurasheva;без проверки BSS",,,,,,,,,,,,,,,,,,,,,,,,,,,,,,,,,,
Добавить в конфигурацию и во внешние обработки / отчеты вызов замеров производительности,IMDEV-8979,1181589,,Change Request,Closed,IMDEV,IM Development,software,AKonstantinov,,,Medium,Done,AChmykhalov,SKhromov,SKhromov,28/May/26 9:33 +0300,05/Aug/26 21:00 +0300,14/Sep/26 5:35 +0300,29/Jul/26 8:19 +0300,,AvancoreDU,,Retail_DU,,,"Список метаданных, в котороые надо добавить замеры взять из задачи https://jira/browse/IMDEV-8927

В каждом замере необходимо указать вес замера - количество сущностей (договоров, сделок, ЦБ и т.д.), которые были обработаны в алгоритмах",AChmykhalov,AKonstantinov,JiraAutomate,SKhromov,YYurasheva,,,,"Вставка и тестирование замеров для операций 16-18  из задачи https://jira/browse/IMDEV-8927  . Расширение zko;29/May/26 5:43 +0300;AChmykhalov;21600","Вставка в код обработок замеров производительности:
Загрузка сделок
Сверка денежных средств
Сверка денежных средств на ЕРС
Загрузка котировок ц/б
Отчет контроль котировок
Сверка ценных бумаг
Расчет вознаграждения розничного ДУ
Экспорт данных кабиент HNWI (DU)
Отчет управляющего ДУ, согласно 482П_новая версия отчёта, использовать с 01.10.2017 (ускор.);01/Jun/26 13:10 +0300;AChmykhalov;21600","Протестировано формирование замеров для:
Загрузка сделок
Сверка денежных средств
Сверка денежных средств на ЕРС
Загрузка котировок ц/б
Отчет контроль котировок
Сверка ценных бумаг
Расчет вознаграждения розничного ДУ
Экспорт данных кабиент HNWI (DU)
Отчет управляющего ДУ, согласно 482П_новая версия отчёта, использовать с 01.10.2017 (ускор.);03/Jun/26 8:28 +0300;AChmykhalov;28800","Доработка обработок, вставка замеров производительности для:
Исполнение сделок Т+n ДУ1
Пакетный отчет брокера ДУ
Загрузка выписок
Распределение доходов по ценным бумагам
Синхронизация НСИ с ДО
Сверка cделок ДУ с отчетом брокера
Расторжение договоров розничного ДУ
Оплата КЗ по клиентам РДУ;03/Jun/26 11:39 +0300;AChmykhalov;21600","Доработки в замерах для:
Расторжение договоров розничного ДУ
Оплата КЗ по клиентам РДУ
+
Тестирование всех обработок на то что замеры пишутся в систему;04/Jun/26 7:12 +0300;AChmykhalov;21600",,,,,,,,,,,,,,,,,,,,,144000,0,115200,80%,144000,0,115200,,,,,,,,,,,IMAPPS-38359,,,IMDEV-8927,,,IMAPPS-36254,,,"04/Jun/26 7:09 +0300;AChmykhalov;imdev8927_postanovka_zadachi_avancor_zko.html;https://jira/secure/attachment/2724084/imdev8927_postanovka_zadachi_avancor_zko.html","29/May/26 8:38 +0300;AChmykhalov;KudaVstavitiZamer_DU15.xlsx;https://jira/secure/attachment/2716569/KudaVstavitiZamer_DU15.xlsx","09/Jun/26 9:31 +0300;AChmykhalov;RE  Согласование расходов по доработкам Аванкор в рамках Розничного ДУ.msg;https://jira/secure/attachment/2730677/RE++%D0%A1%D0%BE%D0%B3%D0%BB%D0%B0%D1%81%D0%BE%D0%B2%D0%B0%D0%BD%D0%B8%D0%B5+%D1%80%D0%B0%D1%81%D1%85%D0%BE%D0%B4%D0%BE%D0%B2+%D0%BF%D0%BE+%D0%B4%D0%BE%D1%80%D0%B0%D0%B1%D0%BE%D1%82%D0%BA%D0%B0%D0%BC+%D0%90%D0%B2%D0%B0%D0%BD%D0%BA%D0%BE%D1%80+%D0%B2+%D1%80%D0%B0%D0%BC%D0%BA%D0%B0%D1%85+%D0%A0%D0%BE%D0%B7%D0%BD%D0%B8%D1%87%D0%BD%D0%BE%D0%B3%D0%BE+%D0%94%D0%A3.msg","11/Jun/26 16:36 +0300;AChmykhalov;screenshot-1.png;https://jira/secure/attachment/2735701/screenshot-1.png","29/May/26 8:39 +0300;AChmykhalov;zko.cfe;https://jira/secure/attachment/2716570/zko.cfe","01/Jun/26 11:54 +0300;AChmykhalov;СравнениеОбработокGIT_ПРОД.xlsx;https://jira/secure/attachment/2718811/%D0%A1%D1%80%D0%B0%D0%B2%D0%BD%D0%B5%D0%BD%D0%B8%D0%B5%D0%9E%D0%B1%D1%80%D0%B0%D0%B1%D0%BE%D1%82%D0%BE%D0%BAGIT_%D0%9F%D0%A0%D0%9E%D0%94.xlsx","17/Jun/26 11:22 +0300;AChmykhalov;Тестирование 16-18 Аванкор.docx;https://jira/secure/attachment/2741707/%D0%A2%D0%B5%D1%81%D1%82%D0%B8%D1%80%D0%BE%D0%B2%D0%B0%D0%BD%D0%B8%D0%B5+16-18+%D0%90%D0%B2%D0%B0%D0%BD%D0%BA%D0%BE%D1%80.docx","29/May/26 8:36 +0300;AChmykhalov;Тестирование 16-18.docx;https://jira/secure/attachment/2716568/%D0%A2%D0%B5%D1%81%D1%82%D0%B8%D1%80%D0%BE%D0%B2%D0%B0%D0%BD%D0%B8%D0%B5+16-18.docx","03/Jun/26 8:25 +0300;AChmykhalov;Тестирование замеров во внешних обработках 8927 - ч1.docx;https://jira/secure/attachment/2722095/%D0%A2%D0%B5%D1%81%D1%82%D0%B8%D1%80%D0%BE%D0%B2%D0%B0%D0%BD%D0%B8%D0%B5+%D0%B7%D0%B0%D0%BC%D0%B5%D1%80%D0%BE%D0%B2+%D0%B2%D0%BE+%D0%B2%D0%BD%D0%B5%D1%88%D0%BD%D0%B8%D1%85+%D0%BE%D0%B1%D1%80%D0%B0%D0%B1%D0%BE%D1%82%D0%BA%D0%B0%D1%85+8927+-+%D1%871.docx","05/Jun/26 9:34 +0300;AChmykhalov;Тестирование замеров во внешних обработках 8927 - ч2.docx;https://jira/secure/attachment/2726184/%D0%A2%D0%B5%D1%81%D1%82%D0%B8%D1%80%D0%BE%D0%B2%D0%B0%D0%BD%D0%B8%D0%B5+%D0%B7%D0%B0%D0%BC%D0%B5%D1%80%D0%BE%D0%B2+%D0%B2%D0%BE+%D0%B2%D0%BD%D0%B5%D1%88%D0%BD%D0%B8%D1%85+%D0%BE%D0%B1%D1%80%D0%B0%D0%B1%D0%BE%D1%82%D0%BA%D0%B0%D1%85+8927+-+%D1%872.docx",,,,,,,,,,,,,,,,,,,,,,,,WIM,,,,,,,,,,pmhn,,,,,,,,,,,,,,IMDEV-8633,,,,2 нормо-часа. Стоимость составляет 7 800 руб.,https://lk.avancore.ru/tasks/ASP-207844,,,,,,IM IT,IM IT,,,,,,,,,,,,,,,,,,,,yes,,,,,"0|i3g3pf:f",0.0,,,,,Цифровизация,,,,,,,,,,,,,,,,,,,,,,,,,,Да,normal,,,,,"29/May/26 8:35 +0300;AChmykhalov;h1. Артефакты замеров IMDEV-8927 — EPF и расширение zko

{panel:title=Кратко|borderStyle=solid|borderColor=#17a2b8|titleBGColor=#d1ecf1|bgColor=#ffffff}
*17 внешних обработок (EPF)* — исходники и собранные файлы в каталоге проекта {{Обработки/}}.
*Операции №16, №17, №18* — не EPF, замеры через *расширение конфигурации* {{zko}} (перехват формирования регламентных операций).
{panel}

----

h2. Внешние обработки (17 EPF, 15 строк соответствия)

{panel:title=Соответствие ключевых операций и каталогов|borderStyle=solid|borderColor=#A8C5DA|titleBGColor=#C5D9E8|bgColor=#F0F6FA}
|| № || Каталог в {{Обработки/}} ||
| 1 | {{внИсполнениеСделокТ+2_ДУ_epf/}} |
| 2 | {{внЗагрузкаСделокDU-NEW_epf/}} |
| 3 | {{внПакетныйОтчетБрокераДУ_XML_epf/}} |
| 3/4 | {{внЗагрузкаВыписокДУ_epf/}} |
| 3 | {{внРаспределениеДоходовПоЦеннымБумагам_epf/}} |
| 5 | {{внСверкаДенежныхСредств_обр_epf/}} |
| 6 | {{внСверкаДенежныхСредствНаЕРС_обр_epf/}} |
| 7, 15 | {{внСинхронизацияНСИ_epf/}} |
| 8, 10 | {{внЗагрузкаКотировокДУ_epf/}} |
| 9 | {{внОтчетКонтрольКотировок_epf/}} |
| 11 | {{внСверкаCделокДУСОтчетомБрокера_epf/}} |
| 12 | {{внСверкаЦБ_epf/}} |
| 14 | {{внРасторжениеДоговоровРозничногоДУ_epf/}} |
| 19 | {{внРасчетВознагражденияРозничногоДУ_epf/}}, {{внОплатаКЗПоКлиентамРДУ_epf/}} |
| 20 | {{внЗапускПоРасписаниюОтчетаУправляющегоДУ_epf/}}, {{внЭкспортДанныхКабиентHNWI_DU_epf/}} |

_Примечание:_ одна EPF может соответствовать нескольким ключевым операциям (разные команды / РЗ). Операция №13 (API-сверка) — EPF нет, [IMDEV-8274|https://jira/browse/IMDEV-8274]. Собранные файлы: {{Обработки/<имя>.epf}}.
{panel}

----

h2. Операции №16, №17, №18 — расширение zko

{panel:title=Регламентные операции (не EPF)|borderStyle=solid|borderColor=#6f42c1|titleBGColor=#ede7f6|bgColor=#faf8ff}
*Общее:* расширение {{zko}}, перехват {{СформироватьРегламентныеОперации}} ({{Справочник.РегламентныеПериоды}}), длительный замер БСП по пачкам договоров.

*№16* — вечерние регламентные, расчет РСА/СЧА за Т-1.

*№17* — утренние регламентные: начисления % по депозитам, РЕПО, НКД, погашения.

*№18* — начисление вознаграждения (ежеквартально, тот же контур {{zko}}).
{panel}

----

{panel:title=Итого|borderStyle=solid|borderColor=#28a745|titleBGColor=#d4edda|bgColor=#f8fff9}
|| Тип || Кол-во || Операции ||
| EPF (каталоги {{*_epf/}}) | 17 | 1-12, 14-15, 19-20 (см. таблицу выше) |
| Расширение {{zko}} | 1 | *16, 17, 18* |
| Не реализовано | — | 13 (IMDEV-8274) |

Задачи: [IMDEV-8927|https://jira/browse/IMDEV-8927], [IMDEV-8471|https://jira/browse/IMDEV-8471]
{panel}
","29/May/26 8:36 +0300;AChmykhalov;План тестирования операций 16,17,18  (изменение конфигурации через расширение  [^zko.cfe] )   [^Тестирование 16-18.docx] ","29/May/26 8:37 +0300;AChmykhalov;Получение последних версий обработок из копии ПРОД + сравнение с git    [^СравнениеОбработокGIT_ПРОД.xlsx]   - будет учтено при обновлении
","01/Jun/26 11:56 +0300;AChmykhalov;*Вставка замеров ч1* 

Загрузка сделок
Сверка денежных средств
Сверка денежных средств на ЕРС
Загрузка котировок ц/б
Отчет контроль котировок
Сверка ценных бумаг
Расчет вознаграждения розничного ДУ
Экспорт данных кабиент HNWI (DU)
Отчет управляющего ДУ, согласно 482П_новая версия отчёта, использовать с 01.10.2017 (ускор.)

Выполнено и протестировано:  [^Тестирование замеров во внешних обработках 8927 - ч1.docx] ","01/Jun/26 11:57 +0300;AChmykhalov;*Вставка замеров ч2 (из 2х)*  ..  в процессе с 03.06 по 04.06

Исполнение сделок Т+n ДУ1
Пакетный отчет брокера ДУ
Загрузка выписок
Распределение доходов по ценным бумагам
Синхронизация НСИ с ДО
Сверка cделок ДУ с отчетом брокера
Расторжение договоров розничного ДУ
Оплата КЗ по клиентам РДУ

Выполнено и протестировано:  [^Тестирование замеров во внешних обработках 8927 - ч2.docx] 
","04/Jun/26 7:10 +0300;AChmykhalov;Для внесения изменений в конфигурацию (ключевые операции 16-18) создана задача на Аванкор https://lk.avancore.ru/tasks/ASP-207844
Описание задачи: [^imdev8927_postanovka_zadachi_avancor_zko.html] 
Доработки переданы на Аванкор в виде расширения  [^zko.cfe] ","04/Jun/26 12:10 +0300;AChmykhalov;Коновка Антон 04.06.26 11:46:10 
 
Добрый день. Проведем анализ на сл неделе
","08/Jun/26 16:06 +0300;AChmykhalov;Еременко Константин
Еременко Константин
6/8/2026, 3:46:45 PM
Оценка: 2h
Срок: 10 раб.дней после согласования ФТ","09/Jun/26 5:56 +0300;AChmykhalov;Столова Екатерина
Столова Екатерина
6/8/2026, 5:11:49 PM
Чмыхалов Алексей (ВИМ ИНВЕСТИЦИИ АО) Добрый день!
Данный заказ оценили в 2 нормо-часа. Стоимость составляет 7 800 руб.
В случае положительного решения, напишите ""Оценка согласована"".
Ожидаем согласование оценки до 17.06.2026, далее заказ без подтверждения будет закрыт со статусом - ""Не будет решаться"".
Если в дальнейшем Вами будет принято решение продолжить работы по требованию, сообщите нам и мы возобновим работы по задаче.
Хорошего дня!","09/Jun/26 9:31 +0300;AChmykhalov;Согласован cost центр pmhn   [^RE  Согласование расходов по доработкам Аванкор в рамках Розничного ДУ.msg] ","09/Jun/26 10:57 +0300;AChmykhalov; 
Еременко Константин 09.06.26 10:44:40 
 
	Принято в работу. Будет решено до 24/06/26.
","11/Jun/26 16:36 +0300;AChmykhalov;Схема работы с регистром сведений ЗамерыВремени:
 !screenshot-1.png! ","16/Jun/26 10:20 +0300;AChmykhalov;Еременко Константин 16.06.26 10:09:07 
 
Доступно в релизе 1.5.28.10
","17/Jun/26 11:23 +0300;AChmykhalov;Проведено ИТ тестирование доработок Аванкор из релиза 1.5.28.10  [^Тестирование 16-18 Аванкор.docx]   (успешно).
Тестирование выполнялось под пользователем без полных прав (но с установленной новой ролью ""Настройка и оценка производительности"")","24/Jul/26 9:01 +0300;AChmykhalov;Добавлен MR https://git/wiminvest/ent1s/trust/du/-/merge_requests/670","28/Jul/26 8:44 +0300;AChmykhalov;*Предусловия внедрения:*
 Паспорт объекта внедрения слинкован с задачей: 
 MergeRequest прошел ревью и принят в MAIN: да
 Слинкована DEPLOY-задача: да

*План внедрения:*
 * 
 ** Тип объекта внедрения: обработки!
 ** Название объекта внедрения: 
 * 

src/epf/внЗагрузкаКотировокДУ_epf/*внЗагрузкаКотировокДУ*.xml *2.23*
src/epf/внЗагрузкаСделокDU-NEW_epf/*внЗагрузкаСделокDU-NEW*/Ext/ObjectModule.bsl *4.50*
src/epf/внИсполнениеСделокТ+2_ДУ_epf/*внИсполнениеСделокТ+2_ДУ*.xml *1.16*
src/epf/внОплатаКЗПоКлиентамРДУ_epf/*внОплатаКЗПоКлиентамРДУ*/Ext/ObjectModule.bsl *1.20*
src/epf/внОтчетКонтрольКотировок_epf/*внОтчетКонтрольКотировок*/Ext/ObjectModule.bsl *1.07*
src/epf/внПакетныйОтчетБрокераДУ_ДВО_epf/*внПакетныйОтчетБрокераДУ_ДВО*/Ext/ObjectModule.bsl *2.42*
src/epf/внРаспределениеДоходовПоЦеннымБумагам_epf/*внРаспределениеДоходовПоЦеннымБумагам*/Ext/ObjectModule.bsl *1.03*
src/epf/внРасчетВознагражденияРозничногоДУ_epf/*внРасчетВознагражденияРозничногоДУ*/Ext/ObjectModule.bsl *1.02*
src/epf/внСверкаCделокДУСОтчетомБрокера_epf/*внСверкаCделокДУСОтчетомБрокера*/Ext/ObjectModule.bsl *1.25*
src/epf/внСверкаДенежныхСредств_обр_epf/*внСверкаДенежныхСредств_обр*/Ext/ObjectModule.bsl *1.07*
src/epf/внСверкаДенежныхСредствНаЕРС_обр_epf/*внСверкаДенежныхСредствНаЕРС_обр*/Ext/ObjectModule.bsl *1.03*
src/epf/внСверкаЦБ_epf/*внСверкаЦБ*/Ext/ObjectModule.bsl *1.06*
src/epf/внСинхронизацияНСИ_epf/*внСинхронизацияНСИ*/Ext/ObjectModule.bsl *0.70*
src/epf/внЭкспортДанныхКабиентHNWI_DU_epf/*внЭкспортДанныхКабиентHNWI_DU*/Ext/ObjectModule.bsl *1.09*

 
 *  
 ** Объект внедрения новый: нет
 ** База внедрения: PROD_AVC_DU
 ** MergeRequest в GIT или номер коммита в DEV-хранилище: [https://git/wiminvest/ent1s/trust/du/-/merge_requests/670] 
 ** Помещено в каталог автозагрузки: -
 ** Версия: см.выше
 ** График внедрения: планово

         *Дополнительные действия:*
 * 
 ** Выполнить настройки: -
 ** Дополнительные действия при внедрении: -","28/Jul/26 11:59 +0300;YYurasheva;Без теста BSS","28/Jul/26 15:27 +0300;AChmykhalov;+ Доп действия на ПРОД:  включить константу ""Выполнять замеры производительности""","05/Aug/26 21:00 +0300;JiraAutomate;The issue was closed automaticaly due to staying in status ""Resolved"" more than 7 days",,,,,,,,,,,,,,,,,,,,,,
Формирование регламентных операций падает с ошибкой по памяти (+ОжидатьЗавершения) в ДУ,IMDEV-8926,1175985,,Bug,Closed,IMDEV,IM Development,software,AKonstantinov,,,High,Done,AChmykhalov,KIkonnikov,KIkonnikov,19/May/26 14:09 +0300,12/Aug/26 19:27 +0300,14/Sep/26 5:36 +0300,24/Jul/26 8:28 +0300,,AvancoreDU,,Retail_DU,,,"Формирование регламентных операций падает с ошибкой по памяти (+ОжидатьЗавершения) в ДУ

 

!image-2026-05-19-14-09-44-877.png|thumbnail!",AChmykhalov,ELoevets,JiraAutomate,KIkonnikov,VKukushkin,YYurasheva,,,"Анализ задачи, тестирование, разработка расширения по внесению изменений;20/May/26 8:35 +0300;AChmykhalov;21600",,,,,,,,,,,,,,,,,,,,,,,,,0,0,21600,"9,223,372,036,854,775,807%",0,0,21600,,,IMAPPS-35037,IMAPPS-35039,,,,,,,IMAPPS-37291,IMAPPS-37194,,,,,IMDEV-9314,,,"19/May/26 14:09 +0300;KIkonnikov;image-2026-05-19-14-09-44-877.png;https://jira/secure/attachment/2701675/image-2026-05-19-14-09-44-877.png","19/May/26 21:48 +0300;AChmykhalov;imdev8926_jira_comment_rus.txt;https://jira/secure/attachment/2702466/imdev8926_jira_comment_rus.txt","21/May/26 9:21 +0300;ELoevets;RE   JIRA  Updates for IMDEV-8926  Формирование регламентных операций падает с ошибкой по памяти (+ОжидатьЗавершения) в ДУ.msg;https://jira/secure/attachment/2704375/RE+++JIRA++Updates+for+IMDEV-8926++%D0%A4%D0%BE%D1%80%D0%BC%D0%B8%D1%80%D0%BE%D0%B2%D0%B0%D0%BD%D0%B8%D0%B5+%D1%80%D0%B5%D0%B3%D0%BB%D0%B0%D0%BC%D0%B5%D0%BD%D1%82%D0%BD%D1%8B%D1%85+%D0%BE%D0%BF%D0%B5%D1%80%D0%B0%D1%86%D0%B8%D0%B9+%D0%BF%D0%B0%D0%B4%D0%B0%D0%B5%D1%82+%D1%81+%D0%BE%D1%88%D0%B8%D0%B1%D0%BA%D0%BE%D0%B9+%D0%BF%D0%BE+%D0%BF%D0%B0%D0%BC%D1%8F%D1%82%D0%B8+%28%2B%D0%9E%D0%B6%D0%B8%D0%B4%D0%B0%D1%82%D1%8C%D0%97%D0%B0%D0%B2%D0%B5%D1%80%D1%88%D0%B5%D0%BD%D0%B8%D1%8F%29+%D0%B2+%D0%94%D0%A3.msg","20/May/26 8:21 +0300;AChmykhalov;revM.cfe;https://jira/secure/attachment/2702535/revM.cfe","23/May/26 7:02 +0300;AChmykhalov;Проверка доработок Аванкор по задаче 8926.docx;https://jira/secure/attachment/2708816/%D0%9F%D1%80%D0%BE%D0%B2%D0%B5%D1%80%D0%BA%D0%B0+%D0%B4%D0%BE%D1%80%D0%B0%D0%B1%D0%BE%D1%82%D0%BE%D0%BA+%D0%90%D0%B2%D0%B0%D0%BD%D0%BA%D0%BE%D1%80+%D0%BF%D0%BE+%D0%B7%D0%B0%D0%B4%D0%B0%D1%87%D0%B5+8926.docx","20/May/26 8:21 +0300;AChmykhalov;Тестирование ИТ 8926.docx;https://jira/secure/attachment/2702534/%D0%A2%D0%B5%D1%81%D1%82%D0%B8%D1%80%D0%BE%D0%B2%D0%B0%D0%BD%D0%B8%D0%B5+%D0%98%D0%A2+8926.docx",,,,,,,,,,,,,,,,,,,,,,,,,,,,WIM,,,,,,,,,,,,,,,,,,,,,,,,IMDEV-8633,,,,,https://lk.avancore.ru/tasks/ASP-206799,,,,,,IM IT,IM IT,,,,,,,,,,,,,,,,,,,,no,,,,,"0|i48xtj:",0.0,,,,,,,,,,,,,,,,,,,,,,,,,,,,,,,Да,normal,,,,,"19/May/26 16:55 +0300;KIkonnikov;[~AChmykhalov] для инфо: с релизом 1.5.28.4 стали второй день подряд падать рабочие процессы (РП) кластера по нехватке памяти. В кластере нет явных настроек по ограничению по памяти.

Ошибки нехватки памяти только те, что на скрине. Но вчера, не было ошибки по загрузке пачек. Скорее всего, пачки упали как следствие падения РП, но не были причиной.","19/May/26 17:05 +0300;VKukushkin;прошу присвоить задаче 
Labels: Retail_DU","19/May/26 21:45 +0300;AChmykhalov;h2. IMDEV-8926: порядок действий на проде (вечерние регламенты)

{panel:title=Предпосылка|borderStyle=solid|borderColor=#B8D4E8|titleBGColor=#D6E9F5|bgColor=#EBF5FB}
Если считать, что нехватка памяти при формировании регламентных операций связана с пакетной предзагрузкой по задаче *IMAPPS-35039* (вечерние регламенты), предлагается следующий порядок действий до и после установки исправления.
{panel}

----

h3. Шаг 1. Временно отключить оптимизацию вечернего регламента

{panel:title=Константа|borderStyle=solid|borderColor=#E8D4B8|titleBGColor=#F5E8D4|bgColor=#FBF5EB}
*Имя в метаданных:* {{ИспользоватьПредварительныеЗапросыДляВечернихРегламентов}}

*Синоним (в интерфейсе):* использовать предварительные запросы для вечерних регламентов (уточнить по форме констант в конфигурации).

*Действие:* установить значение *Ложь* (отключить).
{panel}

{panel:title=Эффект|borderStyle=solid|borderColor=#D4CCE8|titleBGColor=#E8E2F3|bgColor=#F3F0FA}
Система переходит в режим с *ограниченным использованием памяти* при формировании вечерних регламентов: пакетная предзагрузка ({{ЗаполнитьПараметрыСохраненияПакетнымиДаннымиВечернихОпераций}}) не выполняется, данные подгружаются по мере обработки договоров. Формирование может занять больше времени, но пик потребления памяти от prefetch по всему списку договоров снимается.

*Важно:* отключается только вечерняя оптимизация. Константа утренних регламентов {{ИспользоватьПредварительныеЗапросыДляУтреннихРегламентов}} в этом шаге *не меняется* (если отдельно не согласовано).
{panel}

----

h3. Шаг 2. Установка расширения revM

{panel:title=Разработка|borderStyle=solid|borderColor=#B8DDB8|titleBGColor=#D4EDD4|bgColor=#EBF7EB}
Разработчик готовит расширение *revM* (пакетная обработка договоров по 3000, IMDEV-8926), артефакт: {{revM.cfe}}.
{panel}

{panel:title=Установка в прод|borderStyle=solid|borderColor=#B8D4E8|titleBGColor=#D6E9F5|bgColor=#EBF5FB}
*Когда:* *четверг утром* (до начала массового формирования вечерних регламентов).

*Действия:*
# Загрузить {{revM.cfe}} в конфигурацию расширения revM.
# Обновить конфигурацию базы данных расширения.
# Убедиться, что расширение активно.
{panel}

----

h3. Шаг 3. Снова включить константу

{panel:title=После установки revM|borderStyle=solid|borderColor=#B8D8D4|titleBGColor=#D4EBE4|bgColor=#EBF7F2}
Включить константу {{ИспользоватьПредварительныеЗапросыДляВечернихРегламентов}} = *Истина*.

Пакетная оптимизация вечерних регламентов снова работает, но prefetch выполняется *по пачкам* (до 3000 договоров), а не по всему списку сразу.
{panel}

----

h3. Шаг 4. Контроль и дальнейшие шаги

{panel:title=Проверка|borderStyle=solid|borderColor=#B8D4E8|titleBGColor=#D6E9F5|bgColor=#EBF5FB}
После включения константы проконтролировать один-два цикла формирования вечерних регламентов на проде:

* нет падений рабочих процессов по памяти;
* формирование завершается в приемлемое время;
* регламентные документы формируются корректно.
{panel}

{panel:title=Если с памятью все в порядке|borderStyle=solid|borderColor=#B8DDB8|titleBGColor=#D4EDD4|bgColor=#EBF7EB}
Создать задачу в *Аванкор* на перенос решения в типовую конфигурацию (или иной согласованный канал доработки КФ).
{panel}

{panel:title=Если проблема сохранится|borderStyle=solid|borderColor=#E8D4B8|titleBGColor=#F5E8D4|bgColor=#FBF5EB}
Продолжить анализ: память от {{СписокОпераций}}, {{ДокументыПоДоговорам}}, вложенных фоновых заданий; при необходимости - отдельное обследование без повторного включения полного prefetch на весь список до согласования.
{panel}

----

h3. Краткая схема

|| Шаг || Действие || Константа вечерних регламентов || revM ||
| 1 | Стабилизация на проде | *Выкл.* (Ложь) | нет |
| 2 | Четверг утром | без изменений | *Установить* |
| 3 | После установки | *Вкл.* (Истина) | активно |
| 4 | Мониторинг | Истина | активно |
| 5 | Успех | Истина | активно -> задача Аванкор |
","20/May/26 8:23 +0300;AChmykhalov;Принцип доработок:  [^imdev8926_jira_comment_rus.txt] 
План ИТ тестирования:  [^Тестирование ИТ 8926.docx] 
Расширение:  [^revM.cfe] ","21/May/26 9:15 +0300;AChmykhalov;План внедрения:

Тип объекта внедрения: расширение
Название объекта внедрения: revM
Объект внедрения новый: да
База внедрения: Srvr=""AMMGAVANCORE"";Ref=""PROD_AVC_DU"";
MergeRequest в GIT или номер коммита в DEV-хранилище: -
Помещено в каталог автозагрузки: 
Версия: -
График внедрения: 21/05/2025  до 10-00
Дополнительные действия:

Выполнить настройки: не требуется
Дополнительные действия при внедрении: не требуется","21/May/26 10:41 +0300;KIkonnikov;Внедрение временного расширения после 11:00 - ок","21/May/26 10:42 +0300;KIkonnikov;[~AChmykhalov]

На какой срок внедряем временное расширение?","21/May/26 10:46 +0300;AChmykhalov;Согласно плану , если сегодня 21.05.2026 по проблемам с памятью все ок - то оно останется до момента , когда Аванкор предоставит исправление.
Если ошибка по памяти повторится -  то надо будет отключить сегодня","21/May/26 15:02 +0300;AChmykhalov;Заведена задача Аванкору https://lk.avancore.ru/tasks/ASP-206799 ","22/May/26 5:15 +0300;AChmykhalov;Еременко Константин
5/21/2026, 6:17:28 PM
Доступно в релизе 1.5.28.7","23/May/26 7:02 +0300;AChmykhalov;Тестирование доработок Аванкор успешно   [^Проверка доработок Аванкор по задаче 8926.docx] ","23/May/26 7:07 +0300;AChmykhalov;*Предусловия внедрения*
 * Паспорт объекта внедрения слинкован с задачей: Да
 * MergeRequest прошел ревью и принят в MAIN:
 * Слинкована DEPLOY-задача: Да

*План внедрения*
 * Тип объекта внедрения : Конфигурация
 * Название объекта внедрения: DU
 * Объект внедрения новый (да/нет): Нет
 * База внедрения (если применимо: указать название): PROD_AVC_DU
 * MergeRequest в GIT или номер коммита в DEV-хранилище: -
 * Помещено в каталог автозагрузки (если применимо: указать путь до файла): -
 * Версия (если применимо: указать внедряемый номер): *не ниже 1.5.28.7*
 * График внедрения (планово, срочно): планово

*Дополнительные действия*
 * Выполнить настройки (если применимо: указать параметры настроек): Выполнять настройки не нужно
 * Дополнительные действия при внедрении : *{color:#DE350B}ДА - Перед внедрением удалить расширение ""revM""{color}*","31/Jul/26 21:00 +0300;JiraAutomate;The issue was closed automaticaly due to staying in status ""Resolved"" more than 7 days",,,,,,,,,,,,,,,,,,,,,,,,,,,,
Оптимизация вечерних регламентов по РДУ (Этап 2),IMDEV-8899,1171682,,Change Request,Closed,IMDEV,IM Development,software,AKonstantinov,,,Medium,Done,AChmykhalov,SKhromov,AChmykhalov,17/May/26 6:46 +0300,21/Aug/26 11:42 +0300,01/Sep/26 10:01 +0300,24/Jul/26 8:28 +0300,,AvancoreDU,,CAB,Retail_DU,,"h1. Оптимизация вечерних регламентов ДУ 1.5 (этап 2)

{panel:title=IMDEV-8899 / постановка для разработчика|borderStyle=solid|borderColor=#A8C5DA|titleBGColor=#C5D9E8|bgColor=#F0F6FA}
*Основание:* замеры отладчика 15-16.05.2026, ~17 154 договоров ДУ, 5-10 потоков.

*Материалы:*
* «Тест по замеру отладчиком новой конфигурации.docx»
* «Анализ причин замедления после внедрения 14_05_26.docx»
{panel}

----

h2. 1. Контекст и цель

{panel:title=Контекст|borderStyle=solid|borderColor=#A8D4D4|titleBGColor=#C5E5E5|bgColor=#F0FAFA}
Отдельная подзадача на *исследование и оптимизацию* участков, выявленных после устранения основного узкого места по [IMAPPS-35992|https://jira/browse/IMAPPS-35992] (индексация + потоки — отдельное согласование с бизнесом).

*Цель:* сократить время полного вечернего расчета (~17 тыс. договоров ДУ) за счет оптимизации запросов, отсечения «пустых» договоров и устранения коллизий номеров документов.
{panel}

----

h2. 2. Оценка времени полного расчета (базовая линия)

При длительности *~2 часа* на 17 тыс. договоров ДУ (5 потоков, после индексации IMAPPS-35992):

|| Блок || Оценка ||
| ПланРегламентныхОперацийДУ + внутренние алгоритмы (параметры договоров и т.п.) | ~30 мин |
| РСА + СЧА | ~30 мин |
| Переоценка активов + НКД | ~40 мин |
| Прочие расчеты (без движений: Переоценка ДС, дефолтные, контроль уменьшения стоимости и т.п.) | ~20 мин |

----

h2. 3. Узкие места по детальному замеру

{panel:title=Источник замера|borderStyle=solid|borderColor=#C4B8D4|titleBGColor=#DDD5E8|bgColor=#F8F6FA}
«Отладка детальная», фоновое задание, ~17 154 итераций. Сортировка по % чистого времени.
Строки 3.1–3.3, 3.6–3.7 — по «Тест по замеру отладчиком»; 3.4 и 3.5 — доп. строки повторного полного замера 15–16.05.
{panel}

|| # || Модуль || Стр. || Код || Кол. || Врем., с || % ||
| *3.1* | Документ.ПереоценкаАктивов.МодульОбъекта | 880 | {{РезультатЗапроса = Запрос.Выполнить();}} | 17 154 | 1 222,37 | *7,80* |
| *3.2* | РегистрСведений.ЗначенияПараметровДоговораДУ.МодульМенеджера | 73 | {{Результат = Запрос.Выполнить();}} | 136 443 | 1 174,37 | *7,49* |
| *3.3* | Документ.РасчетСЧА_РСА.МодульОбъекта | 154 | {{Результат = Запрос.Выполнить();}} | 17 154 | 975,18 | *6,22* |
| 3.4 | Документ.НачислениеКупонногоДохода.МодульОбъекта | 2 005 | {{Результат = Запрос.Выполнить().Выгрузить();}} | 16 891 | 782,26 | 5,40 |
| 3.5 | Документ.РасчетСЧА_РСА.МодульМенеджера | 216 | {{Результат = Запрос.Выполнить();}} | 17 154 | 693,06 | 4,78 |
| *3.6* | Справочник.РегламентныеПериоды.МодульМенеджера | 686 | {{НайденныеСтроки = СписокОпераций.НайтиСтроки(ПараметрыПоиска);}} | 17 154 | 669,33 | *4,27* |
| *3.7* | Документ.ПланРегламентныхОперацийДУ.МодульМенеджера | 21 | {{РезультатЗапроса = Запрос.Выполнить();}} | 17 154 | 328,99 | *2,10* |

{panel:title=Итого по таблице|borderStyle=solid|borderColor=#D4C8A8|titleBGColor=#E8E0C5|bgColor=#FAF8F0}
Суммарно строки таблицы дают *~33,0%* чистого времени фонового задания (~5 846 с из ~17 700 с).
Два лидера по docx (переоценка + параметры договора) — *~15,3%* в сумме.

_Дополнительно в замере (не в таблице):_ запись Переоценки ~4,3%;
в узком сценарии «только РСА+СЧА» запрос {{РасчетСЧА_РСА.МодульОбъекта}}, стр. 154 — до 20%.
{panel}

----

h2. 4. Состав работ

{panel:title=3.1 | ПереоценкаАктивов — запрос, строка 880 (7,80%)|borderStyle=solid|borderColor=#D4C4B8|titleBGColor=#E8DDD5|bgColor=#FAF6F3}
* Модуль: {{Документ.ПереоценкаАктивов.МодульОбъекта}}, строка *880*
* Выгрузить и проанализировать текст запроса на строке 880
* Проверить план выполнения, индексы, избыточность соединений и повторные вызовы на каждый договор ДУ
* Предложить оптимизацию: пакетный запрос, кэш, срез по договорам, временные таблицы
* Замер «до/после» в том же сценарии (детальная отладка). Связать с блоком «Переоценка + НКД» (~40 мин)
{panel}

{panel:title=3.2 | ЗначенияПараметровДоговораДУ — запрос, строка 73 (7,49%)|borderStyle=solid|borderColor=#A8C5DA|titleBGColor=#C5D9E8|bgColor=#F0F6FA}
* Модуль: {{РегистрСведений.ЗначенияПараметровДоговораДУ.МодульМенеджера}}, строка *73*
* *136 443* вызовов (~8 вызовов на договор ДУ) — кандидат на кэширование или пакетное чтение
* Исследовать однократную выборку параметров по пачке договоров ДУ вместо вызова на каждую регламентную операцию
* Проверить индексы регистра сведений по ключам отбора в запросе; план выполнения СУБД
* Связать с п. 3.7 (план) и блоком «ПланРегламентныхОперацийДУ + внутренние алгоритмы» (~30 мин)
{panel}

{panel:title=3.3 | РасчетСЧА_РСА.МодульОбъекта — запрос, строка 154 (6,22%)|borderStyle=solid|borderColor=#C4B8D4|titleBGColor=#DDD5E8|bgColor=#F8F6FA}
* Модуль: {{Документ.РасчетСЧА_РСА.МодульОбъекта}}, строка *154*
* Выгрузить и проанализировать текст запроса на строке 154
* В узком сценарии «только РСА+СЧА» (1 поток) — до *20,38%* времени
* ~20% времени в РСА+СЧА — поиск существующего расчета по неиндексированному полю (критерий отбора при удалении/поиске)
* Оптимизировать запрос и/или проиндексировать поля отбора. Связать с п. 3.5 (модуль менеджера)
{panel}

{panel:title=3.4 | НачислениеКупонногоДохода — запрос + Выгрузить, строка 2005 (5,40%)|borderStyle=solid|borderColor=#B8D4C4|titleBGColor=#D5E8DD|bgColor=#F3FAF6}
* Модуль: {{Документ.НачислениеКупонногоДохода.МодульОбъекта}}, строка *2005*
* *16 891* вызовов с полной выгрузкой результата в память — проверить необходимость {{Выгрузить()}} vs обход выборки
* Оптимизировать текст запроса; исключить дублирующие выборки по одному договору ДУ
* Рассмотреть пакетный расчет НКД по группе договоров (если бизнес-логика допускает)
{panel}

{panel:title=3.5 | РасчетСЧА_РСА.МодульМенеджера — запрос, строка 216 (4,78%)|borderStyle=solid|borderColor=#C4B8D4|titleBGColor=#DDD5E8|bgColor=#F8F6FA}
* Модуль: {{Документ.РасчетСЧА_РСА.МодульМенеджера}}, строка *216*
* Строка из повторного полного замера 15–16.05 (доп. к docx, п. 3.3)
* Выгрузить и проанализировать текст запроса на строке 216
* Оптимизировать запрос; проверить дублирование логики с модулем объекта (стр. 154)
* Распределение внутри РСА+СЧА: ~12% — запись документа План, ~82% — расчеты
{panel}

{panel:title=3.6 | РегламентныеПериоды — НайтиСтроки, строка 686 (4,27%)|borderStyle=solid|borderColor=#B8D4CC|titleBGColor=#D5E8E0|bgColor=#F3FAF8}
* Модуль: {{Справочник.РегламентныеПериоды.МодульМенеджера}}, строка *686*
* 17 154 вызовов: {{НайденныеСтроки = СписокОпераций.НайтиСтроки(ПараметрыПоиска);}}
* Заменить на индексированную структуру (Соответствие, предварительная группировка) или кэш списка операций на период
{panel}

{panel:title=3.7 | ПланРегламентныхОперацийДУ — запрос, строка 21 (2,10%)|borderStyle=solid|borderColor=#D4C8A8|titleBGColor=#E8E0C5|bgColor=#FAF8F0}
* Модуль: {{Документ.ПланРегламентныхОперацийДУ.МодульМенеджера}}, строка *21*
* Запрос менеджера документа при массовом формировании — проверить возможность пакетной обработки
* Связать с п. 3.2 (параметры договора) и блоком «работа с планами» (~30 мин в общей разбивке)
{panel}

----

h2. 5. Дополнительные доработки

{panel:title=+1 | Документ РасчетСЧА_РСА — коллизия номера при записи|borderStyle=solid|borderColor=#D4B8B8|titleBGColor=#E8D5D5|bgColor=#FAF3F3}
При параллельной записи возможен дубль номера документа. Реализовать по аналогии с МО (IMDEV-8665):

# Перед записью: {{УстановитьНовыйНомер()}}
# До *30 попыток* записи/проведения
# При ошибке с текстом «*не уникально*» (регистронезависимо) — повторить
# Иначе — пробросить исключение с информативным сообщением

_Эталон:_ Wim_Mo, обработка {{внРасчетMVиWAP}}, процедура {{СоздатьИПровестиОдинДокументРасчета}} (строки ~1644-1662).
{panel}

{panel:title=+2 | Предварительный отсев договоров ДУ без расчета|borderStyle=solid|borderColor=#D4B8C4|titleBGColor=#E8D5DD|bgColor=#FAF3F7}
Для видов расчетов, которые *как правило не формируют документов* (прочие расчеты без движений: переоценка ДС, дефолтные, контроль уменьшения стоимости портфеля и т.п. — ~20 мин в общей оценке):

# Разработать предварительные запросы, отсекающие договоры ДУ, по которым расчет заведомо не нужен
# Не запускать полный цикл регламентных процедур для отсеченных договоров
# Зафиксировать критерии отсечения по каждому виду операции (таблица в описании задачи)
# Замер: сокращение времени блока «прочие расчеты» и общего времени расчета
{panel}
",AChmykhalov,JiraAutomate,SKhromov,VKukushkin,,,,,"Составление плана разработки;15/Jun/26 8:29 +0300;AChmykhalov;21600","Разработка...ч1;16/Jun/26 12:41 +0300;AChmykhalov;21600","Разработка ч2 из 4х;17/Jun/26 15:07 +0300;AChmykhalov;21600","ИТ тестирование: регресс, замеры времени (DR контур);19/Jun/26 11:51 +0300;AChmykhalov;21600","Тестирование доработок Аванкор;29/Jun/26 17:12 +0300;AChmykhalov;3600",,,,,,,,,,,,,,,,,,,,,230400,0,90000,39%,230400,0,90000,,,,,,IMAPPS-35039,,,,,IMAPPS-37194,IMAPPS-38837,IMAPPS-38913,,,,,,,"22/Jun/26 11:00 +0300;AChmykhalov;extension_rev2_development_plan.html;https://jira/secure/attachment/2748362/extension_rev2_development_plan.html","19/Jun/26 6:33 +0300;AChmykhalov;imdev-8899_regression_report_final_20260612.html;https://jira/secure/attachment/2744928/imdev-8899_regression_report_final_20260612.html","19/Jun/26 6:34 +0300;AChmykhalov;imdev-8899_timing_report_20260619.html;https://jira/secure/attachment/2744929/imdev-8899_timing_report_20260619.html","25/Jun/26 14:08 +0300;AChmykhalov;RE  Согласование расходов по доработкам Аванкор в рамках Розничного ДУ.msg;https://jira/secure/attachment/2754072/RE++%D0%A1%D0%BE%D0%B3%D0%BB%D0%B0%D1%81%D0%BE%D0%B2%D0%B0%D0%BD%D0%B8%D0%B5+%D1%80%D0%B0%D1%81%D1%85%D0%BE%D0%B4%D0%BE%D0%B2+%D0%BF%D0%BE+%D0%B4%D0%BE%D1%80%D0%B0%D0%B1%D0%BE%D1%82%D0%BA%D0%B0%D0%BC+%D0%90%D0%B2%D0%B0%D0%BD%D0%BA%D0%BE%D1%80+%D0%B2+%D1%80%D0%B0%D0%BC%D0%BA%D0%B0%D1%85+%D0%A0%D0%BE%D0%B7%D0%BD%D0%B8%D1%87%D0%BD%D0%BE%D0%B3%D0%BE+%D0%94%D0%A3.msg","25/Jun/26 14:09 +0300;AChmykhalov;RE  Согласование расходов по доработкам Аванкор в рамках Розничного ДУ-1.msg;https://jira/secure/attachment/2754075/RE++%D0%A1%D0%BE%D0%B3%D0%BB%D0%B0%D1%81%D0%BE%D0%B2%D0%B0%D0%BD%D0%B8%D0%B5+%D1%80%D0%B0%D1%81%D1%85%D0%BE%D0%B4%D0%BE%D0%B2+%D0%BF%D0%BE+%D0%B4%D0%BE%D1%80%D0%B0%D0%B1%D0%BE%D1%82%D0%BA%D0%B0%D0%BC+%D0%90%D0%B2%D0%B0%D0%BD%D0%BA%D0%BE%D1%80+%D0%B2+%D1%80%D0%B0%D0%BC%D0%BA%D0%B0%D1%85+%D0%A0%D0%BE%D0%B7%D0%BD%D0%B8%D1%87%D0%BD%D0%BE%D0%B3%D0%BE+%D0%94%D0%A3-1.msg","22/Jun/26 11:00 +0300;AChmykhalov;rev2.cfe;https://jira/secure/attachment/2748372/rev2.cfe","22/Jun/26 11:00 +0300;AChmykhalov;rev2_changes_tree_phase2.html;https://jira/secure/attachment/2748363/rev2_changes_tree_phase2.html","17/Jun/26 15:58 +0300;VKukushkin;screenshot-1.png;https://jira/secure/attachment/2742415/screenshot-1.png","17/May/26 6:47 +0300;AChmykhalov;Анализ причин замедления после внедрения 14_05_26.docx;https://jira/secure/attachment/2695776/%D0%90%D0%BD%D0%B0%D0%BB%D0%B8%D0%B7+%D0%BF%D1%80%D0%B8%D1%87%D0%B8%D0%BD+%D0%B7%D0%B0%D0%BC%D0%B5%D0%B4%D0%BB%D0%B5%D0%BD%D0%B8%D1%8F+%D0%BF%D0%BE%D1%81%D0%BB%D0%B5+%D0%B2%D0%BD%D0%B5%D0%B4%D1%80%D0%B5%D0%BD%D0%B8%D1%8F+14_05_26.docx","18/Jun/26 12:08 +0300;AChmykhalov;Вечерний регламент_НовыеТесты.docx;https://jira/secure/attachment/2743595/%D0%92%D0%B5%D1%87%D0%B5%D1%80%D0%BD%D0%B8%D0%B9+%D1%80%D0%B5%D0%B3%D0%BB%D0%B0%D0%BC%D0%B5%D0%BD%D1%82_%D0%9D%D0%BE%D0%B2%D1%8B%D0%B5%D0%A2%D0%B5%D1%81%D1%82%D1%8B.docx","17/May/26 6:47 +0300;AChmykhalov;Тест по замеру отладчиком новой конфигурации.docx;https://jira/secure/attachment/2695777/%D0%A2%D0%B5%D1%81%D1%82+%D0%BF%D0%BE+%D0%B7%D0%B0%D0%BC%D0%B5%D1%80%D1%83+%D0%BE%D1%82%D0%BB%D0%B0%D0%B4%D1%87%D0%B8%D0%BA%D0%BE%D0%BC+%D0%BD%D0%BE%D0%B2%D0%BE%D0%B9+%D0%BA%D0%BE%D0%BD%D1%84%D0%B8%D0%B3%D1%83%D1%80%D0%B0%D1%86%D0%B8%D0%B8.docx","29/Jun/26 17:11 +0300;AChmykhalov;ТестИТ_Аванкор8899.docx;https://jira/secure/attachment/2758356/%D0%A2%D0%B5%D1%81%D1%82%D0%98%D0%A2_%D0%90%D0%B2%D0%B0%D0%BD%D0%BA%D0%BE%D1%808899.docx",,,,,,,,,,,,,,,,,,,,,,WIM,,,,,,,,,,pmhn,,,,,,,,,,,,,,IMDEV-8633,,,,5 нормо-часов. Стоимость составляет 19 500 руб.,https://lk.avancore.ru/tasks/ASP-209118,,,,,,IM IT,IM IT,,,,,,,,,,,,,,,,,,,,yes,,,,,"0|i3g3pc:",0.0,,,,,,,,,,,,,,,,,,,,,,,,,,,,,,,Да,normal,,,,,"15/Jun/26 6:04 +0300;AChmykhalov;h2. Расширение rev2 — Этап 2 оптимизации вечерних регламентов (актуальный состав поставки)

_Обновление описания: пункт +2 (предварительный отсев «Прочие расчеты») по решению заказчика исключен из rev2. РС {{ВидыОптимизируемыхРегламентныхОперацийДУ}} не создается. Поставка: файл {{rev2.cfe}}._

{panel:title=3.1 | Переоценка активов — ускорение блока по РЕПО (~7,8% замера)|borderStyle=solid|borderColor=#D4C4B8|titleBGColor=#E8DDD5|bgColor=#FAF6F3}
*Что сделать:*
* Перед массовой переоценкой — один пакетный запрос по всем договорам пачки: есть ли остатки по сделкам РЕПО.
* Для договоров целевого пула (розничное ДУ), по которым РЕПО нет, — пропуск лишнего шага заполнения табличной части по РЕПО в документе «Переоценка активов».
* Для договоров с РЕПО расчет останется без изменений.

*Зачем бизнесу:* не тратить время переоценки на запросы и обработку РЕПО там, где по договору РЕПО нет.

*Объекты расширения:* перехваты {{РегламентныеПериоды}} (модуль менеджера: экспортная функция {{ЗаполнитьСоответствиеПропускРЕПОВетки}}), {{ИсполняемыеПроцедурыЗакрытияПериода}}, {{ПереоценкаАктивов}}.

*Включение:* константа КФ {{ИспользоватьПредварительныеЗапросыДляВечернихРегламентов}} = Истина (в базовой конфигурации включает пакетную предподготовку вечерних операций, в т.ч. передачу данных в операцию 0110).
{panel}

{panel:title=3.2 | Параметры договора ДУ — ускорение чтения настроек (~7,5% замера)|borderStyle=solid|borderColor=#A8C5DA|titleBGColor=#C5D9E8|bgColor=#F0F6FA}
*Что сделать:*
* Упростить запрос чтения параметров договора из регистра «Значения параметров договора ДУ» (вместо тяжелой конструкции с временными таблицами — прямой срез последних значений).

*Зачем бизнесу:* система перестанет многократно (десятки и сотни тысяч раз за один вечерний расчет) обращаться к одним и тем же настройкам договора по одному — быстрее формирование планов и прочие расчеты, где нужны параметры.

*Объекты расширения:* перехват РС {{ЗначенияПараметровДоговораДУ}} (оптимизация единичного запроса {{ЗначенияПараметровДоговораДУ}}).
{panel}

{panel:title=3.6 | Регламентные периоды — ускорение подбора операций по договору (~4,3% замера)|borderStyle=solid|borderColor=#B8D4CC|titleBGColor=#D5E8E0|bgColor=#F3FAF8}
*Что сделать:*
* Перед передачей списков в расчет — добавить «быстрые указатели» (составные индексы таблиц) по паре «договор ДУ + группа операций пользователя».
* Ускорить поиск нужных строк в списках операций и документов по договорам при формировании закрытия периода.

*Зачем бизнесу:* для каждого из ~17 тыс. договоров система быстрее определит, какие регламентные операции нужно выполнить.

*Объекты расширения:* перехват формы {{РегламентныеПериоды.РегламентныйПериод}}.
{panel}

{panel:title=3.7 | План регламентных операций ДУ — ускорение работы со связанными документами (~2,1% замера)|borderStyle=solid|borderColor=#D4C8A8|titleBGColor=#E8E0C5|bgColor=#FAF8F0}
*Что сделать:*
* При пометке на удаление подчиненных документов плана — разделить поиск связанных документов на два шага (сначала выборка связей, затем отбор не помеченных на удаление).
* Снизить нагрузку на базу при массовом вечернем расчете.

*Зачем бизнесу:* быстрее обработка планов регламентных операций (блок ~30 мин в общей оценке расчета).

*Объекты расширения:* перехват {{ПланРегламентныхОперацийДУ}} (модуль менеджера).
{panel}

{panel:title=+1 | Расчет СЧА/РСА — устранение коллизии номера при параллельной записи|borderStyle=solid|borderColor=#D4B8B8|titleBGColor=#E8D5D5|bgColor=#FAF3F3}
*Что сделать:*
* При записи/проведении документа «Расчет СЧА/РСА» — автоматическая обработка ошибки «номер не уникален»: назначение нового номера и повторная попытка (до 30 раз).
* По аналогии с уже работающим решением в конфигурации МО (IMDEV-8665).

*Зачем бизнесу:* меньше сбоев и ручных перезапусков вечернего расчета при работе в несколько потоков. На скорость напрямую не влияет, повышает надежность завершения регламента.

*Объекты расширения:* {{РасчетСЧА_РСА}} (модуль менеджера), перехват {{ИсполняемыеПроцедурыЗакрытияПериода}}.
{panel}

{panel:title=+2 | Предварительный отсев — блок «Прочие расчеты» — ИСКЛЮЧЕН из rev2|borderStyle=solid|borderColor=#D4B8C4|titleBGColor=#E8D5DD|bgColor=#FAF3F7}
*Статус:* по решению заказчика **не входит** в поставку rev2.

*Исключено из расширения (ранее планировалось):*
* Регистр сведений {{ВидыОптимизируемыхРегламентныхОперацийДУ}} и заполнение 7 видов операций.
* Предварительный отсев на форме {{РегламентныеПериоды.РегламентныйПериод}} (снятие {{Выполнять}} по переоценке ДС, дефолтным облигациям, контролю уменьшения портфеля).
* Пакетный метод {{ЗначенияПараметровДоговоровДУ}} в РС {{ЗначенияПараметровДоговораДУ}}.

*Важно:* оптимизация РЕПО (п. 3.1) сохранена; функция {{ЗаполнитьСоответствиеПропускРЕПОВетки}} размещается в модуле менеджера {{РегламентныеПериоды}}, а не в отдельном регистре.
{panel}

----

h3. Планируемый эффект (этап 2: {{rev2.cfe}} + КФ п. 3.3)

{panel:title=Ускорение вечернего расчета|borderStyle=solid|borderColor=#38A169|titleBGColor=#C6F6D5|bgColor=#F0FFF4}
*Итого этап 2 (без +2):* *~22–27%* от длительности полного расчета.

|| Блок || Доля расчета || Пункт || Поставка || Ускорение (ориентир) ||
| План + алгоритмы | 25% | 3.2, 3.6, 3.7 | {{rev2.cfe}} | ~4–8% |
| РСА + СЧА | 25% | 3.3 | базовая КФ | ~4–6% |
| РСА + СЧА | 25% | +1 | {{rev2.cfe}} | — (надежность) |
| Переоценка + НКД | 33% | 3.1 | {{rev2.cfe}} | ~4–8% |
| Прочие расчеты | 17% | +2 | — | исключен из rev2 |

_Проценты в колонке «Ускорение» — доля от полного вечернего расчета. Уточнение — замер T4 после {{rev2.cfe}}, обновления КФ (п. 3.3) и константы {{ИспользоватьПредварительныеЗапросыДляВечернихРегламентов}}._

*Результаты расчетов не меняются* (для пунктов 3.1–3.7 и +1, оставшихся в rev2).
{panel}","17/Jun/26 15:59 +0300;VKukushkin;после релиза, вечерний РДУ будут выглядеть вот так
 !screenshot-1.png|thumbnail! 
все лишние отсекаем настойками в карточке УП","17/Jun/26 16:27 +0300;AChmykhalov;Хорошо, тогда подкорректирую ТЗ, уберу последний пункт ""+2""","18/Jun/26 12:09 +0300;AChmykhalov; [^Вечерний регламент_НовыеТесты.docx]  - тестирование функционала
 [^imdev-8899_regression_report_final_20260612.html]  - регрессионное тестирование (было \ стало по данным - не изменились)
 [^imdev-8899_timing_report_20260619.html]  - отчет по замерам Времени","22/Jun/26 11:01 +0300;AChmykhalov;Для Аванкор:
 - Расширение:  [^rev2.cfe]
 - План внедрения расширения в базовую конфигурацию:   [^extension_rev2_development_plan.html] ","25/Jun/26 13:44 +0300;AChmykhalov;Столова Екатерина
6/25/2026, 1:41:29 PM
Чмыхалов Алексей (ВИМ ИНВЕСТИЦИИ АО) Добрый день!
Данный заказ оценили в *5 нормо-часов. Стоимость составляет 19 500 руб.*
В случае положительного решения, напишите ""Оценка согласована"".
Ожидаем согласование оценки до 02.07.2026, далее заказ без подтверждения будет закрыт со статусом - ""Не будет решаться"".
Если в дальнейшем Вами будет принято решение продолжить работы по требованию, сообщите нам и мы возобновим работы по задаче.
Хорошего дня!","25/Jun/26 14:09 +0300;AChmykhalov;Согласовано pmhn  [^RE  Согласование расходов по доработкам Аванкор в рамках Розничного ДУ-1.msg] ","25/Jun/26 14:34 +0300;AChmykhalov; 
Столова Екатерина 25.06.26 14:21:47 
 
	Задача передаётся на планирование работ.

Еременко Константин 25.06.26 15:37:19 
 
Принято в работу. Будет решено до 3/07/26.
","29/Jun/26 15:33 +0300;AChmykhalov;Еременко Константин
6/26/2026, 7:05:09 PM
Доступно в 1.5.29.1
Лог проверки: https://docs.avancore.ru/pages/viewpage.action?pageId=376541769","29/Jun/26 17:11 +0300;AChmykhalov;ИТ тест доработок Аванокр пройден без ошибок  [^ТестИТ_Аванкор8899.docx] ","08/Jul/26 12:34 +0300;AChmykhalov;*Предусловия внедрения*
 * Паспорт объекта внедрения слинкован с задачей: Да
 * MergeRequest прошел ревью и принят в MAIN:
 * Слинкована DEPLOY-задача: Да

*План внедрения*
 * Тип объекта внедрения : Конфигурация
 * Название объекта внедрения: DU
 * Объект внедрения новый (да/нет): Нет
 * База внедрения (если применимо: указать название): PROD_AVC_DU
 * MergeRequest в GIT или номер коммита в DEV-хранилище: -
 * Помещено в каталог автозагрузки (если применимо: указать путь до файла): -
 * Версия (если применимо: указать внедряемый номер): *не ниже 1.5.29.1*
 * График внедрения (планово, срочно): планово

*Дополнительные действия*
 * Выполнить настройки (если применимо: указать параметры настроек): Выполнять настройки не нужно
 * Дополнительные действия при внедрении : нет","31/Jul/26 21:00 +0300;JiraAutomate;The issue was closed automaticaly due to staying in status ""Resolved"" more than 7 days",,,,,,,,,,,,,,,,,,,,,,,,,,,,,
[Баг релиза 2.8.1.3] Просадка производительности запроса критерия отбора ДокументыПоБизнеспроцессам,IMDEV-8770,1159082,,Change Request,Closed,IMDEV,IM Development,software,AKonstantinov,,,Medium,Done,AChmykhalov,AKonstantinov,AChmykhalov,22/Apr/26 13:03 +0300,14/Sep/26 5:35 +0300,14/Sep/26 5:35 +0300,27/Jul/26 8:17 +0300,,AvancoreFinance,,CAB,Retail_DU,,"*Тема задачи (поле Summary в Jira):*

{quote}
Аванкор / WIM: просадка производительности НайтиДокументы у критерия отбора ДокументыПоБизнеспроцессам при отборе по ПометкаУдаления после релиза 2.8.1.2 или 2.8.1.3
{quote}

----

h2. Контекст

* Задача: IMDEV-8662, вендор Аванкор.
* *Регистрация проблемы:* ошибка (недопустимое поведение или просадка производительности запроса) проявилась *после установки релиза конфигурации 2.8.1.2 или 2.8.1.3* (на фоне ожидаемого поведения после *2.8.1.1*).
* Объект: критерий отбора *ДокументыПоБизнеспроцессам*, функция *НайтиДокументы* (модуль менеджера).
* Место правки в конфигурации вендора (относительно выгрузки): {{FilterCriteria/ДокументыПоБизнеспроцессам/Ext/ManagerModule.bsl}}

h2. Замеры просадки производительности

Произвольный бизнес-процесс *СделкиTn*. Время в миллисекундах.

h3. Тестовый контур №1

|| Алгоритм / сценарий || Время ||
| Алгоритм 2.8.1.1 | 4 мс |
| Алгоритм 2.8.1.3 | 10933 мс |
| Алгоритм 2.8.1.3 (если не подавать фильтр ПометкаУдаления) | 4 мс |

h3. Тестовый контур №2

|| Алгоритм / сценарий || Время ||
| Алгоритм 2.8.1.1 | 4 мс |
| Алгоритм 2.8.1.3 | 316 мс |
| Алгоритм 2.8.1.3 (если не подавать фильтр ПометкаУдаления) | 4 мс |

h2. Консоль кода для воспроизведения замеров

{code}
Консоль:

Источник = БизнесПроцессы.СделкиTn.НайтиПоНомеру(""7524-000000311"", Дата(""20260415""));
//Источник = БизнесПроцессы.СделкиTn.НайтиПоНомеру(""5522-000000340"", Дата(""20260416""));
/////////////////////////////////////////////////////////////////////////////////////////
НачВремя = ТекущаяУниверсальнаяДатаВМиллисекундах();

МассивСсылок = КритерииОтбора.ДокументыПоБизнеспроцессам.Найти(Источник.Ссылка);

КонВремя = ТекущаяУниверсальнаяДатаВМиллисекундах();
Прошло = КонВремя - НачВремя;
Сообщить(""В РЕЛИЗЕ 2.8.1.0  По-старому = "" + Прошло);

/////////////////////////////////////////////////////////////////////////////////////////
НачВремя = ТекущаяУниверсальнаяДатаВМиллисекундах();

МассивСсылок = КритерииОтбора.ДокументыПоБизнеспроцессам.НайтиДокументы(Источник.Ссылка, Не Источник.ПометкаУдаления);

КонВремя = ТекущаяУниверсальнаяДатаВМиллисекундах();
Прошло = КонВремя - НачВремя;
Сообщить(""В РЕЛИЗЕ 2.8.1.3 По-новому (С ДОП ОТБОРОМ УДАЛЕНИЕ) !!! = "" + Прошло);

/////////////////////////////////////////////////////////////////////////////////////////
НачВремя = ТекущаяУниверсальнаяДатаВМиллисекундах();

МассивСсылок = КритерииОтбора.ДокументыПоБизнеспроцессам.НайтиДокументы(Источник.Ссылка);

КонВремя = ТекущаяУниверсальнаяДатаВМиллисекундах();
Прошло = КонВремя - НачВремя;
Сообщить(""В РЕЛИЗЕ 2.8.1.3  (УБРАЛ ОТБОР ПО ПОМЕТКЕ УДАЛЕНИЯ) = "" + Прошло);
{code}

h2. Суть исправления

В функции {{НайтиДокументы}} заменить текст запроса на двухшаговый вариант: сначала {{ПОМЕСТИТЬ ВТ_ДокументыПоОснованию}} из {{КритерийОтбора.ДокументыПоБизнеспроцессам(&Основание)}}, затем выборка из ВТ с условием {{&ОтборПометкаУдаления}}. Логика подстановки пометки удаления в коде ({{Неопределено}} / {{Истина}} / сравнение с параметром) без изменений.

h2. Код модуля менеджера (функция целиком, вставить в конфигурацию)

{code}
Функция НайтиДокументы(Основание, ПометкаУдаления)

	Запрос = Новый Запрос;

	Запрос.УстановитьПараметр(""Основание"", Основание);
	Запрос.УстановитьПараметр(""ПометкаУдаления"", ПометкаУдаления);
	Запрос.Текст =
	""ВЫБРАТЬ
	|	ДокументыПоБизнеспроцессам.Ссылка КАК Ссылка
	|ПОМЕСТИТЬ ВТ_ДокументыПоОснованию
	|ИЗ
	|	КритерийОтбора.ДокументыПоБизнеспроцессам(&Основание) КАК ДокументыПоБизнеспроцессам
	|;
	|
	|////////////////////////////////////////////////////////////////////////////////
	|ВЫБРАТЬ
	|	ДокументыПоБизнеспроцессам.Ссылка КАК Ссылка
	|ИЗ
	|	ВТ_ДокументыПоОснованию КАК ДокументыПоБизнеспроцессам
	|ГДЕ
	|	&ОтборПометкаУдаления"";
	Если ПометкаУдаления = Неопределено Тогда
		Запрос.Текст = СтрЗаменить(Запрос.Текст, ""&ОтборПометкаУдаления"", ""Истина"");
	Иначе
		Запрос.Текст = СтрЗаменить(Запрос.Текст, ""&ОтборПометкаУдаления"",
		""ДокументыПоБизнеспроцессам.Ссылка.ПометкаУдаления = &ПометкаУдаления"");
	КонецЕсли;

	РезультатМассив = Новый Массив;

	РезультатЗапроса = Запрос.Выполнить();

	Если РезультатЗапроса.Пустой() Тогда
		Возврат РезультатМассив;
	КонецЕсли;

	Выборка = РезультатЗапроса.Выбрать();

	Пока Выборка.Следующий() Цикл
		РезультатМассив.Добавить(Выборка.Ссылка);
	КонецЦикла;

	Возврат РезультатМассив;

КонецФункции
{code}

h2. Текст запроса до исправления (для сравнения)

{code:sql}
ВЫБРАТЬ
	ДокументыПоБизнеспроцессам.Ссылка КАК Ссылка
ИЗ
	КритерийОтбора.ДокументыПоБизнеспроцессам(&Основание) КАК ДокументыПоБизнеспроцессам
ГДЕ
	&ОтборПометкаУдаления
{code}

h2. Ожидаемый эффект

* Разделение выборки по критерию отбора и фильтрации по пометке удаления на два этапа.
* Более устойчивый план запроса.
* Контракт функции и формат результата без изменений.

h2. Ограничения

Правка только в указанной функции модуля менеджера критерия отбора в поставке вендора. Внешний контракт и формат результата не меняются.

----
Связь с внутренней проработкой: IMDEV-8662.
",AChmykhalov,JiraAutomate,,,,,,,"Тестирование доработок вендора;23/Apr/26 11:21 +0300;AChmykhalov;10800",,,,,,,,,,,,,,,,,,,,,,,,,0,0,10800,"9,223,372,036,854,775,807%",0,0,10800,,,,,,,,,,IMDEV-8735,IMAPPS-36019,,,IMDEV-7331,,,,,,"23/Apr/26 16:02 +0300;AChmykhalov;ИТтест8770_доработокАванкор_2_8_3_2.docx;https://jira/secure/attachment/2665434/%D0%98%D0%A2%D1%82%D0%B5%D1%81%D1%828770_%D0%B4%D0%BE%D1%80%D0%B0%D0%B1%D0%BE%D1%82%D0%BE%D0%BA%D0%90%D0%B2%D0%B0%D0%BD%D0%BA%D0%BE%D1%80_2_8_3_2.docx",,,,,,,,,,,,,,,,,,,,,,,,,,,,,,,,,WIM,,,,,,,,,,,,,,,,,,,,,,,,IMDEV-8633,,,,,https://lk.avancore.ru/tasks/ASP-204168,,,,,,IM IT,IM IT,,,,,,,,,,,,,,,,,,,,no,,,,,"0|i462qn:",0.0,,,,,,,,,,,,,,,,,,,,,,,,,,,,,,,Да,normal,,,,,"22/Apr/26 13:05 +0300;AChmykhalov;Коновка Антон 21.04.26 8:54:06 
 
Доступно в поставке 2.8.3.2
","23/Apr/26 16:02 +0300;AChmykhalov;Проведено Успшное тестирование доработок Аванкор  [^ИТтест8770_доработокАванкор_2_8_3_2.docx] ","29/Apr/26 7:17 +0300;AChmykhalov;*Предусловия внедрения:*
 * 
 ** Паспорт объекта внедрения слинкован с задачей: -
 ** MergeRequest прошел ревью и принят в MAIN: -
 ** Слинкована DEPLOY-задача: да

*План внедрения:*
 * 
 ** Тип объекта внедрения: конфигурация
 ** Название объекта внедрения: FIN20
 ** Объект внедрения новый: нет
 ** База внедрения: PROD_AVC_FIN20, PROD_AVC_SEP_FIN20
 ** MergeRequest в GIT или номер коммита в DEV-хранилище: -
 ** Помещено в каталог автозагрузки: -
 ** Версия: *не ниже 2.8.3.2*  
 ** График внедрения: планово

         *Дополнительные действия:*
 * 
 ** Выполнить настройки: не требуется
 ** Дополнительные действия при внедрении: не требуется","03/Aug/26 21:00 +0300;JiraAutomate;The issue was closed automaticaly due to staying in status ""Resolved"" more than 7 days",,,,,,,,,,,,,,,,,,,,,,,,,,,,,,,,,,,,,
[Баг релиза 2.8.1.3] Просадка производительности запроса критерия отбора ДокументыПоБизнеспроцессам,IMDEV-8735,1157691,1152493,Sub-Task,Closed,IMDEV,IM Development,software,AKonstantinov,,,High,Duplicate,AChmykhalov,AKonstantinov,AChmykhalov,20/Apr/26 7:22 +0300,14/Sep/26 5:35 +0300,14/Sep/26 5:35 +0300,22/Apr/26 13:08 +0300,,AvancoreFinance,,Retail_DU,,,"*Тема задачи (поле Summary в Jira):*

{quote}
Аванкор / WIM: просадка производительности НайтиДокументы у критерия отбора ДокументыПоБизнеспроцессам при отборе по ПометкаУдаления после релиза 2.8.1.2 или 2.8.1.3
{quote}

----

h2. Контекст

* Задача: IMDEV-8662, вендор Аванкор.
* *Регистрация проблемы:* ошибка (недопустимое поведение или просадка производительности запроса) проявилась *после установки релиза конфигурации 2.8.1.2 или 2.8.1.3* (на фоне ожидаемого поведения после *2.8.1.1*).
* Объект: критерий отбора *ДокументыПоБизнеспроцессам*, функция *НайтиДокументы* (модуль менеджера).
* Место правки в конфигурации вендора (относительно выгрузки): {{FilterCriteria/ДокументыПоБизнеспроцессам/Ext/ManagerModule.bsl}}

h2. Замеры просадки производительности

Произвольный бизнес-процесс *СделкиTn*. Время в миллисекундах.

h3. Тестовый контур №1

|| Алгоритм / сценарий || Время ||
| Алгоритм 2.8.1.1 | 4 мс |
| Алгоритм 2.8.1.3 | 10933 мс |
| Алгоритм 2.8.1.3 (если не подавать фильтр ПометкаУдаления) | 4 мс |

h3. Тестовый контур №2

|| Алгоритм / сценарий || Время ||
| Алгоритм 2.8.1.1 | 4 мс |
| Алгоритм 2.8.1.3 | 316 мс |
| Алгоритм 2.8.1.3 (если не подавать фильтр ПометкаУдаления) | 4 мс |

h2. Консоль кода для воспроизведения замеров

{code}
Консоль:

Источник = БизнесПроцессы.СделкиTn.НайтиПоНомеру(""7524-000000311"", Дата(""20260415""));
//Источник = БизнесПроцессы.СделкиTn.НайтиПоНомеру(""5522-000000340"", Дата(""20260416""));
/////////////////////////////////////////////////////////////////////////////////////////
НачВремя = ТекущаяУниверсальнаяДатаВМиллисекундах();

МассивСсылок = КритерииОтбора.ДокументыПоБизнеспроцессам.Найти(Источник.Ссылка);

КонВремя = ТекущаяУниверсальнаяДатаВМиллисекундах();
Прошло = КонВремя - НачВремя;
Сообщить(""В РЕЛИЗЕ 2.8.1.0  По-старому = "" + Прошло);

/////////////////////////////////////////////////////////////////////////////////////////
НачВремя = ТекущаяУниверсальнаяДатаВМиллисекундах();

МассивСсылок = КритерииОтбора.ДокументыПоБизнеспроцессам.НайтиДокументы(Источник.Ссылка, Не Источник.ПометкаУдаления);

КонВремя = ТекущаяУниверсальнаяДатаВМиллисекундах();
Прошло = КонВремя - НачВремя;
Сообщить(""В РЕЛИЗЕ 2.8.1.3 По-новому (С ДОП ОТБОРОМ УДАЛЕНИЕ) !!! = "" + Прошло);

/////////////////////////////////////////////////////////////////////////////////////////
НачВремя = ТекущаяУниверсальнаяДатаВМиллисекундах();

МассивСсылок = КритерииОтбора.ДокументыПоБизнеспроцессам.НайтиДокументы(Источник.Ссылка);

КонВремя = ТекущаяУниверсальнаяДатаВМиллисекундах();
Прошло = КонВремя - НачВремя;
Сообщить(""В РЕЛИЗЕ 2.8.1.3  (УБРАЛ ОТБОР ПО ПОМЕТКЕ УДАЛЕНИЯ) = "" + Прошло);
{code}

h2. Суть исправления

В функции {{НайтиДокументы}} заменить текст запроса на двухшаговый вариант: сначала {{ПОМЕСТИТЬ ВТ_ДокументыПоОснованию}} из {{КритерийОтбора.ДокументыПоБизнеспроцессам(&Основание)}}, затем выборка из ВТ с условием {{&ОтборПометкаУдаления}}. Логика подстановки пометки удаления в коде ({{Неопределено}} / {{Истина}} / сравнение с параметром) без изменений.

h2. Код модуля менеджера (функция целиком, вставить в конфигурацию)

{code}
Функция НайтиДокументы(Основание, ПометкаУдаления)

	Запрос = Новый Запрос;

	Запрос.УстановитьПараметр(""Основание"", Основание);
	Запрос.УстановитьПараметр(""ПометкаУдаления"", ПометкаУдаления);
	Запрос.Текст =
	""ВЫБРАТЬ
	|	ДокументыПоБизнеспроцессам.Ссылка КАК Ссылка
	|ПОМЕСТИТЬ ВТ_ДокументыПоОснованию
	|ИЗ
	|	КритерийОтбора.ДокументыПоБизнеспроцессам(&Основание) КАК ДокументыПоБизнеспроцессам
	|;
	|
	|////////////////////////////////////////////////////////////////////////////////
	|ВЫБРАТЬ
	|	ДокументыПоБизнеспроцессам.Ссылка КАК Ссылка
	|ИЗ
	|	ВТ_ДокументыПоОснованию КАК ДокументыПоБизнеспроцессам
	|ГДЕ
	|	&ОтборПометкаУдаления"";
	Если ПометкаУдаления = Неопределено Тогда
		Запрос.Текст = СтрЗаменить(Запрос.Текст, ""&ОтборПометкаУдаления"", ""Истина"");
	Иначе
		Запрос.Текст = СтрЗаменить(Запрос.Текст, ""&ОтборПометкаУдаления"",
		""ДокументыПоБизнеспроцессам.Ссылка.ПометкаУдаления = &ПометкаУдаления"");
	КонецЕсли;

	РезультатМассив = Новый Массив;

	РезультатЗапроса = Запрос.Выполнить();

	Если РезультатЗапроса.Пустой() Тогда
		Возврат РезультатМассив;
	КонецЕсли;

	Выборка = РезультатЗапроса.Выбрать();

	Пока Выборка.Следующий() Цикл
		РезультатМассив.Добавить(Выборка.Ссылка);
	КонецЦикла;

	Возврат РезультатМассив;

КонецФункции
{code}

h2. Текст запроса до исправления (для сравнения)

{code:sql}
ВЫБРАТЬ
	ДокументыПоБизнеспроцессам.Ссылка КАК Ссылка
ИЗ
	КритерийОтбора.ДокументыПоБизнеспроцессам(&Основание) КАК ДокументыПоБизнеспроцессам
ГДЕ
	&ОтборПометкаУдаления
{code}

h2. Ожидаемый эффект

* Разделение выборки по критерию отбора и фильтрации по пометке удаления на два этапа.
* Более устойчивый план запроса.
* Контракт функции и формат результата без изменений.

h2. Ограничения

Правка только в указанной функции модуля менеджера критерия отбора в поставке вендора. Внешний контракт и формат результата не меняются.

----
Связь с внутренней проработкой: IMDEV-8662.
",AChmykhalov,KIkonnikov,,,,,,,,,,,,,,,,,,,,,,,,,,,,,,,,,,,,,,,,,,,,,,,IMDEV-8770,,,,,IMDEV-7331,,,,,,,,,,,,,,,,,,,,,,,,,,,,,,,,,,,,,,,WIM,,,,,,,,,,,,,,,,,,,,,,,,,,,,,https://lk.avancore.ru/tasks/ASP-204168,,,,,,IM Finance,IM Finance,,,,,,,,,,,,,,,,,,,,no,,,,,"0|i45u7z:",0.0,,,,,,,,,,,,,,,,,,,,,,,,,,,,,,,Да,normal,,,,,"20/Apr/26 10:06 +0300;AChmykhalov;Коновка Антон 20.04.26 10:04:32 
 
Чмыхалов Алексей (ВИМ ИНВЕСТИЦИИ АО) спасибо постараемся провести анализ предложений и рассмотрим перенос правок
","20/Apr/26 10:37 +0300;AChmykhalov; 
Пользователь Коновка Антон внес изменения 20.04.26 10:22:04 
 
	Статус:	Ожидает разработки Выполняется 


 

","21/Apr/26 5:43 +0300;AChmykhalov;Пользователь Хомич Андрей внес изменения 20.04.26 19:40:50 
 
Статус:	Выполняется Waiting for installing 

","21/Apr/26 9:09 +0300;AChmykhalov;Коновка Антон 21.04.26 8:54:06 
 
Доступно в поставке 2.8.3.2
","22/Apr/26 13:08 +0300;AChmykhalov;Задача является дублем задачи https://jira/browse/IMDEV-8770 ",,,,,,,,,,,,,,,,,,,,,,,,,,,,,,,,,,,,
Оптимизация запросов по проведению Перерегистрации (сделки),IMDEV-8662,1152493,,Change Request,Closed,IMDEV,IM Development,software,AKonstantinov,,,Medium,Done,AChmykhalov,AKonstantinov,AChmykhalov,08/Apr/26 13:48 +0300,14/Sep/26 5:34 +0300,14/Sep/26 5:34 +0300,27/Jul/26 8:17 +0300,,AvancoreFinance,,CAB,Retail_DU,,"h1. IMDEV-8662 — узкие места проведения «Сделка» (перерегистрация)

{panel:title=Суть задачи|borderStyle=solid|borderColor=#dee2e6}
*Цель:* оптимизация перерегистрации сделок — снизить время проведения за счёт тяжёлых запросов и массовых вызовов в коде.

*Что сделано по анализу:* в плане ИТ-тестирования зафиксированы *четыре основных запроса* в {{Документ.Сделка.МодульОбъекта}} (строки 1160, 1769, 2551, 2485) и *дополнительно* точка в общем модуле {{УправлениеПараметрамиПортфеляПовтИспНаВремяСеанса}} (строка 137 — не запрос к СУБД, а цикл с {{ПривестиЗначение()}}).

*Источник цифр:* {{ [^ПланИТТестирования_8662_Замеры.docx] }}, профиль по «медленной» сделке при перепроведении партии.

*Документация в репозитории:*  [^measurements_table_IMDEV-8662.html]
{panel}

{panel:title=Сводная таблица замеров|borderStyle=solid|borderColor=#17a2b8|titleBGColor=#e7f5f8}
||№||Строка||Функция / контекст||Операция в точке замера||Кол-во||Время, сек||%||
|1|1160|{{ТаблицыПоПродажам_БУ}}: {{ТекстЗапросаТаблицыПоПродажамБУ_БезНКД}} + НКД|{{ВыполнитьПакет()}}|540|176,020914|15,57|
|2|1769|{{ПолучитьСуммуОНВ}} (текст запроса в функции)|{{Выполнить()}}|2 081|51,404323|4,55|
|3|2551|{{ПолучитьАвансы}}: {{ТекстЗапроса_ПолучитьАвансы}}|{{Выполнить()}}|2 081|36,278445|3,21|
|4|2485|{{ТаблицыАванса}} (текст запроса в функции)|{{ВыполнитьПакет()}}|2 081|28,387758|2,51|
|5|137|{{УправлениеПараметрамиПортфеляПовтИспНаВремяСеанса.СлужебныеПараметрыУчета}} — пустое значение по типу параметра|{{СтрокаТЗ.Параметр.ТипЗначения.ПривестиЗначение()}}|47 940|42,380083|3,75|

_Показатели:_ число обращений к строке кода, суммарное время (сек), доля от общего времени замера по сценарию из плана.
{panel}

{panel:title=Где в коде|borderStyle=dashed|borderColor=#ccc}
* Строки *1160 / 1769 / 2551 / 2485* — {{Documents/Сделка/Ext/ObjectModule.bsl}}
* Строка *137* — {{CommonModules/УправлениеПараметрамиПортфеляПовтИспНаВремяСеанса/Ext/Module.bsl}}, функция {{СлужебныеПараметрыУчета}}
{panel}

{panel:title=Дополнительные оптимизации в расширении|borderStyle=dashed|borderColor=#ccc}
||№||Область||Файл||Что оптимизировано||
|6|Критерий отбора {{ДокументыПоБизнеспроцессам}}|{{FilterCriteria/ДокументыПоБизнеспроцессам/Ext/ManagerModule.bsl}}|В {{FonProv_НайтиДокументы}} ({{&ИзменениеИКонтроль}}) запрос разделен на два шага: выборка в {{ВТ_ДокументыПоОснованию}} + отдельная фильтрация по {{ПометкаУдаления}}.|
|7|Пауза в общем модуле {{АванкорСервер}}|{{CommonModules/АванкорСервер/Ext/Module.bsl}}|Перехвачена {{Пауза}} через {{&Вместо}}, добавлена {{ПаузаБСП(Секунд)}}. В фоне используется {{ВызватьПаузу(КолМС)}}, в клиент-серверном вызове пауза делегируется через фоновое задание.|
{panel}

----
_Формат:_ Atlassian Wiki Markup (Jira Server / Data Center 8.x, Wiki Style Renderer). 
",AChmykhalov,JiraAutomate,,,,,,,"Выполнение замеров проведения Сделок (Перерегистрация ц.б) в серверном и фоновом режиме, с целью выявления времени самых долгих запросов;16/Apr/26 8:15 +0300;AChmykhalov;18000","Оптимизация стр 137:
Реализована оптимизация производительности в модуле «УправлениеПараметрамиПортфеляПовтИспНаВремяСеанса»
Добавлена функция кэширования пустых значений параметров портфеля
Модернизирован алгоритм обработки параметров в функции «СлужебныеПараметрыУчета»
Внедрено повторное использование возвращаемых значений на время сеанса

Оптимизация стр 1769:
Проведен анализ производительности метода ПолучитьСуммуОНВ в документе «Сделка»
Выявлено узкое место: избыточные обращения к виртуальной таблице остатков регистра РегистрБухгалтерии.Хозрасчетный
Реализована оптимизация через перенос вызова метода ближе к месту использования
Внедрен механизм ленивого вызова для уменьшения нагрузки на СУБД
Добавлена защита от обращения к несуществующей таблице значений;17/Apr/26 13:24 +0300;AChmykhalov;21600","Анализ запроса 2551, удаление неиспользуемых полей.  
Анализ запроса 2485: Оптимизация запросов:
Переработал структуру пакетного выполнения
Минимизировал количество операций в пакете
Оптимизировал условия выполнения запросов;20/Apr/26 14:35 +0300;AChmykhalov;10800","Выполненные задачи:

Проведен анализ производительности строки 1160 запроса ТаблицыПоПродажам_БУ

Выявлено, что операция ВыполнитьПакет() занимает 176,02 сек (15,57% от общего времени)

Разработана стратегия оптимизации получения даты из составных ссылочных полей

Реализовано явное приведение типов для получения даты через конструкцию ВЫБОР + ТИПЗНАЧЕНИЯ + ВЫРАЗИТЬ

Модифицированы функции:

ТекстЗапросаТаблицыПоПродажамБУ_БезНКД

ТекстЗапросаНКД

Создан черновик BSL с описанием изменений

Подготовлены шаблоны для расширения методом ИзменениеИКонтроль

Результаты:

Устранена неоднозначность при получении даты из составных ссылок

Улучшена предсказуемость SQL-плана выполнения

Сохранена бизнес-логика обработки данных

Подготовлена документация по внесенным изменениям;21/Apr/26 14:02 +0300;AChmykhalov;21600","ИТ тестирование, постановка задачи вендору Аванкор;27/Apr/26 6:41 +0300;AChmykhalov;14400","Установка обновлений Аванкор на тестовую базу. Тестирование доработок Аванкор.;25/May/26 7:19 +0300;AChmykhalov;14400",,,,,,,,,,,,,,,,,,,,0,0,100800,"9,223,372,036,854,775,807%",0,0,100800,,,,,,,,,,,IMAPPS-36019,,,IMDEV-7331,,,,,,"27/Apr/26 6:09 +0300;AChmykhalov;FonProv_2_8_3_2.cfe;https://jira/secure/attachment/2668183/FonProv_2_8_3_2.cfe","27/Apr/26 6:20 +0300;AChmykhalov;imdev8662_tree_modifiable_objects_fonprov_avancore.html;https://jira/secure/attachment/2668186/imdev8662_tree_modifiable_objects_fonprov_avancore.html","16/Apr/26 13:47 +0300;AChmykhalov;measurements_table_IMDEV-8662.html;https://jira/secure/attachment/2655441/measurements_table_IMDEV-8662.html","27/Apr/26 6:18 +0300;AChmykhalov;measurements_table_IMDEV-8662-1.html;https://jira/secure/attachment/2668184/measurements_table_IMDEV-8662-1.html","18/Apr/26 15:08 +0300;AChmykhalov;Optimization_FilterCriteria_DokumentsByBusinessProcesses.html;https://jira/secure/attachment/2658236/Optimization_FilterCriteria_DokumentsByBusinessProcesses.html","18/Apr/26 15:08 +0300;AChmykhalov;Optimization_Pause_AvancoreServer.html;https://jira/secure/attachment/2658235/Optimization_Pause_AvancoreServer.html","21/Apr/26 13:57 +0300;AChmykhalov;Optimization1160_DateCast_querypack.html;https://jira/secure/attachment/2661596/Optimization1160_DateCast_querypack.html","17/Apr/26 13:13 +0300;AChmykhalov;Optimization137.html;https://jira/secure/attachment/2657160/Optimization137.html","17/Apr/26 13:13 +0300;AChmykhalov;Optimization1769_ONV_lazy_callsite.html;https://jira/secure/attachment/2657161/Optimization1769_ONV_lazy_callsite.html","20/Apr/26 14:27 +0300;AChmykhalov;Optimization2485_TablitsyAvansa_querypack.html;https://jira/secure/attachment/2659510/Optimization2485_TablitsyAvansa_querypack.html","20/Apr/26 14:27 +0300;AChmykhalov;Optimization2551_PoluchitAvansy_query.html;https://jira/secure/attachment/2659509/Optimization2551_PoluchitAvansy_query.html","27/Apr/26 6:21 +0300;AChmykhalov;Optimization8662_Summary.html;https://jira/secure/attachment/2668187/Optimization8662_Summary.html","19/Apr/26 9:06 +0300;AChmykhalov;universal-exchange-pk-collision-patch-proposal.html;https://jira/secure/attachment/2658436/universal-exchange-pk-collision-patch-proposal.html","19/Apr/26 9:06 +0300;AChmykhalov;ОшибкиПриОбменеИзДУ_в_ФИН.txt;https://jira/secure/attachment/2658435/%D0%9E%D1%88%D0%B8%D0%B1%D0%BA%D0%B8%D0%9F%D1%80%D0%B8%D0%9E%D0%B1%D0%BC%D0%B5%D0%BD%D0%B5%D0%98%D0%B7%D0%94%D0%A3_%D0%B2_%D0%A4%D0%98%D0%9D.txt","21/Apr/26 14:00 +0300;AChmykhalov;ПланИТТестирования_8662_Замеры.docx;https://jira/secure/attachment/2661600/%D0%9F%D0%BB%D0%B0%D0%BD%D0%98%D0%A2%D0%A2%D0%B5%D1%81%D1%82%D0%B8%D1%80%D0%BE%D0%B2%D0%B0%D0%BD%D0%B8%D1%8F_8662_%D0%97%D0%B0%D0%BC%D0%B5%D1%80%D1%8B.docx","25/May/26 7:01 +0300;AChmykhalov;Проверка доработок вендора Аванкор по задаче 8662.docx;https://jira/secure/attachment/2709467/%D0%9F%D1%80%D0%BE%D0%B2%D0%B5%D1%80%D0%BA%D0%B0+%D0%B4%D0%BE%D1%80%D0%B0%D0%B1%D0%BE%D1%82%D0%BE%D0%BA+%D0%B2%D0%B5%D0%BD%D0%B4%D0%BE%D1%80%D0%B0+%D0%90%D0%B2%D0%B0%D0%BD%D0%BA%D0%BE%D1%80+%D0%BF%D0%BE+%D0%B7%D0%B0%D0%B4%D0%B0%D1%87%D0%B5+8662.docx","24/Apr/26 11:48 +0300;AChmykhalov;СквозноеТестирование_Исполнение30000фин.docx;https://jira/secure/attachment/2666508/%D0%A1%D0%BA%D0%B2%D0%BE%D0%B7%D0%BD%D0%BE%D0%B5%D0%A2%D0%B5%D1%81%D1%82%D0%B8%D1%80%D0%BE%D0%B2%D0%B0%D0%BD%D0%B8%D0%B5_%D0%98%D1%81%D0%BF%D0%BE%D0%BB%D0%BD%D0%B5%D0%BD%D0%B8%D0%B530000%D1%84%D0%B8%D0%BD.docx","20/Apr/26 8:54 +0300;AChmykhalov;ТестыУстраненияДублей_8662.docx;https://jira/secure/attachment/2658609/%D0%A2%D0%B5%D1%81%D1%82%D1%8B%D0%A3%D1%81%D1%82%D1%80%D0%B0%D0%BD%D0%B5%D0%BD%D0%B8%D1%8F%D0%94%D1%83%D0%B1%D0%BB%D0%B5%D0%B9_8662.docx",,,,,,,,,,,,,,,,WIM,,,,,,,,,,,,,,,,,,,,,,,,IMDEV-8633,,,,,https://lk.avancore.ru/tasks/ASP-204855,,,,,,IM IT,IM IT,,,,,,,,,,,,,,,,,,,,no,,,,,"0|i44yan:",0.0,,,,,,,,,,,,,,,,,,,,,,,,,,,,,,,Да,normal,,,,,"16/Apr/26 13:50 +0300;AChmykhalov;Где надо оптимизировать  [^measurements_table_IMDEV-8662.html] ","17/Apr/26 13:15 +0300;AChmykhalov;*Проведен анализ и тестовая разработка:*
Оптимизация строки 137   [^Optimization137.html] 
Оптимизация строки 1769  [^Optimization1769_ONV_lazy_callsite.html] 
Оптимизация строки 2485  [^Optimization2485_TablitsyAvansa_querypack.html] 
Оптимизация строки 2551 [^Optimization2551_PoluchitAvansy_query.html] 
Оптимизация строки 1160  [^Optimization1160_DateCast_querypack.html] 

*Дополнительно оптимизировано:*
Проблема в релизе 2.8.1.3 - Неоптимальный запрос к Критерию отбора [^Optimization_FilterCriteria_DokumentsByBusinessProcesses.html] 
Пауза использовала dll  [^Optimization_Pause_AvancoreServer.html] 
","17/Apr/26 13:17 +0300;AChmykhalov;Тестирование выполненных доработок:   [^ПланИТТестирования_8662_Замеры.docx] 

Сковозное DR тестировение ДУ - ФИН для замеров времени обработки после обмена (проведение сделок): ...  в {color:#DE350B}процессе {color}...","17/Apr/26 13:18 +0300;AChmykhalov;Постановка задачи Аванкор.   https://lk.avancore.ru/tasks/ASP-204855

Расширение:  [^FonProv_2_8_3_2.cfe] 

Документация: 
Таблица замеров: [^measurements_table_IMDEV-8662-1.html] 
Дерево изменяемых объектов:  [^imdev8662_tree_modifiable_objects_fonprov_avancore.html] 
Сводное описание доработок:  [^Optimization8662_Summary.html] 
Доработки детально:
 [^Optimization_Pause_AvancoreServer.html] 
 [^Optimization137.html] 
 [^Optimization1160_DateCast_querypack.html] 
 [^Optimization1769_ONV_lazy_callsite.html] 
 [^Optimization2485_TablitsyAvansa_querypack.html] 
 [^Optimization2551_PoluchitAvansy_query.html] 


","19/Apr/26 9:06 +0300;AChmykhalov;Отдельно предлагается патч, (будет заведена отдельная подзадача)  который устраняет конфликт дублей при записи БП СделкаTn при передачи ее из ДУ в ФИН параллельными потоками (как ссылку из Сделки и как объект СделкаTn).
Доработка универсальной обработки загрузи XML , см. описание:  

[^ОшибкиПриОбменеИзДУ_в_ФИН.txt]  
[^universal-exchange-pk-collision-patch-proposal.html] 

Протестировано [УСПЕШНО]  [^ТестыУстраненияДублей_8662.docx] 
Подзадача https://jira/browse/IMDEV-8737","24/Apr/26 10:59 +0300;AChmykhalov;Скорость проведения: 
30 тыс. документов Сделка
24.04.2026 10:17:13 - начало
24.04.2026 10:41:12 - окончание
Скорость =  30000  / (24 мин*60 -1)  секнуд = 20,8  док \ сек

Общая скорость Исполнения Т: 1 час 20 минут за 30 тыс. сделок  [^СквозноеТестирование_Исполнение30000фин.docx] ","05/May/26 14:21 +0300;AChmykhalov;Коновка Антон
Коновка Антон
5/5/2026, 2:15:50 PM
Чмыхалов Алексей (ВИМ ИНВЕСТИЦИИ АО) Добрый день. Провели анализ. В целом согласны с большинством замечаний при первом рассмотрении, кроме пункта 1 ПривестиЗначение(). Это использование добавляли осознанно т.к. оно позволяет избежать ошибок при добавлении новых параметров по нашему опыту. Остальные пункты предлагаю взять в работу по переносу в конфигурацию в рамках бесплатной для вас задачи (переделка паузы безусловно будет выполнена) а если при более детельном рассмотрении какой то пункт будет рождать риски- обсудим отказ его или вынос уже в отдельную задачу с оценкой.
Бесплатная правка будет поставлена в план работ на июнь (если будет возможность начнем раньше

Чмыхалов Алексей (ВИМ ИНВЕСТИЦИИ АО)
Чмыхалов Алексей (ВИМ ИНВЕСТИЦИИ АО)
5/5/2026, 2:19:24 PM
Спасибо!
ПО пункту 1 - там все остается как у вас, это очень полезная вещь, я просто предлагаю перенести это в кеш-обертку. Посмотрите еще раз на реализацию, там видно. Так как ПВХ повторяются постоянно то получение пустого значения типа можно закешировать с помощью модуля ПовтИсп.","19/May/26 15:43 +0300;AChmykhalov; 
Коцарев Павел 19.05.26 15:18:31 
 
	Работы по задаче завершены, решение будет доступно в следующей поставке

 

","20/May/26 4:49 +0300;AChmykhalov; 
Коновка Антон 19.05.26 23:18:20 
 
	Доступно в поставке 2.8.4.5

 
","25/May/26 7:01 +0300;AChmykhalov;Проведено тестирование [успешно] доработок Аванкор  [^Проверка доработок вендора Аванкор по задаче 8662.docx] ","25/May/26 7:03 +0300;AChmykhalov;*Предусловия внедрения:*
 * 
 ** Паспорт объекта внедрения слинкован с задачей: -
 ** MergeRequest прошел ревью и принят в MAIN: -
 ** Слинкована DEPLOY-задача: да

*План внедрения:*
 * 
 ** Тип объекта внедрения: конфигурация
 ** Название объекта внедрения: FIN20
 ** Объект внедрения новый: нет
 ** База внедрения: PROD_AVC_FIN20, PROD_AVC_SEP_FIN20
 ** MergeRequest в GIT или номер коммита в DEV-хранилище: -
 ** Помещено в каталог автозагрузки: -
 ** Версия: *не ниже 2.8.4.5*  
 ** График внедрения: планово

         *Дополнительные действия:*
 * 
 ** Выполнить настройки: не требуется
 ** Дополнительные действия при внедрении: не требуется","03/Aug/26 21:00 +0300;JiraAutomate;The issue was closed automaticaly due to staying in status ""Resolved"" more than 7 days",,,,,,,,,,,,,,,,,,,,,,,,,,,,,
Оптимизация выполнения регламентных операций в ФИН под РДУ,IMDEV-8641,1146414,,Change Request,Closed,IMDEV,IM Development,software,AKonstantinov,,,High,Done,AChmykhalov,AKonstantinov,KIkonnikov,02/Apr/26 12:53 +0300,28/Jul/26 10:09 +0300,14/Sep/26 5:36 +0300,28/Jul/26 6:23 +0300,,AvancoreFinance,,Retail_DU,,,"Из-за запуска РДУ в ФИН стало больше договоров ДУ, и запуск Регламентных операций  по всем стал работать значительно дольше (от начала до конца).
 # Нужно найти и ускорить места в коде;
 # Найти совместно с вендором решение для пулового запуска регламентных операций по РДУ (аналог в ДУ1.5).

Критерий приемки: выполнение регламентных операций по всем договорам ДУ (30 тыс) не дольше 90 мин.",AChmykhalov,EIvanova,EShved,MKusova,tmp_DNayanzin,,,,"Создание в консоли тестовых запросов для анализа создаваемых планов регламентных операций и подчиненных документов по регламентам Розница ДУ;08/Apr/26 8:49 +0300;AChmykhalov;14400","Составление аналитики по возможности встраивание предварительного определения необходимости расчетов в блок регламентных закрытий портфелей , ч1;09/Apr/26 6:33 +0300;AChmykhalov;14400","Составление аналитики по возможности встраивание предварительного определения необходимости расчетов в блок регламентных закрытий портфелей , ч2;10/Apr/26 7:12 +0300;AChmykhalov;14400","Реализация фильтрации плана:
Создан модуль менеджера РС с процедурой ОтфильтроватьПланРеглОперацийНаДень
Реализован алгоритм проверки константы пула и однородности портфелей
Написан код сводной обработки плана с использованием временных таблиц
Разработка отбора портфелей:
Создана функция ПолучитьПортфелиДляСохраненияВыполненияВПлане
Реализованы запросы для пяти основных видов операций
Добавлены комментарии к коду модуля форм РС
Внедрение перехватов:
Реализован перехват ВыполнитьМногопоточноеЗакрытиеПериодовПортфелей
Добавлен вызов фильтра плана между получением и вставкой плана
Реализован второй перехват СформироватьРеглОперацииПоГруппе;13/Apr/26 19:48 +0300;AChmykhalov;21600","Проверка работы фильтра при различных условиях
Тестирование отбора портфелей по видам операций
Проверка работы механизма пропуска создания плана
Доработка:
Оптимизация запросов к регистру сведений
Добавление отладочных сообщений
Проверка граничных случаев;13/Apr/26 19:49 +0300;AChmykhalov;14400","Выполненные задачи:

Подготовка тестового окружения (1 час): настройка начальных параметров системы, заполнение констант и регистров сведений, создание тестовых данных, подготовка тестовых портфелей для проверки работы фильтров и расчетов

Тестирование функционала (4 часа): проверка работы фильтров для портфеля ДУ МИ24564 (Харченко С.Ф.), верификация корректности проставления расчетных флагов, тестирование трех портфелей за 25.03.2026, проверка расчета НДФЛ, контроль оптимизации расчетов, анализ создания документов и проведения операций

Нагрузочное тестирование (1 час): проведение теста на 11020 портфелях, измерение времени выполнения операций, анализ производительности системы в однопоточном режиме, проверка создания плана регламентных операций

Результаты тестирования: успешная проверка всех видов расчетов, подтверждение корректности работы оптимизаций, отсутствие лишних расчетов, стабильная работа системы при максимальной нагрузке, корректное проставление флагов расчета

Обнаруженные проблемы: критических ошибок не выявлено, все тесты пройдены успешно, система работает в соответствии с требованиями;15/Apr/26 8:00 +0300;AChmykhalov;21600","Проведение нагрузочного тестирования на контуре DR
Подготовка расширения и документации для передачи Аванкор
Создание задачи для Аванкор;15/Apr/26 8:01 +0300;AChmykhalov;14400","Перенос кода во внешнюю обработку;05/Jun/26 10:17 +0300;AChmykhalov;21600","Проведение ИТ тестирования;08/Jun/26 8:23 +0300;AChmykhalov;21600",,,,,,,,,,,,,,,,,0,0,158400,"9,223,372,036,854,775,807%",0,0,158400,,,,,,,,,,,IMAPPS-36019,IMAPPS-38452,,IMDEV-8636,,,,,IMDEV-8632,"10/Apr/26 7:24 +0300;AChmykhalov;filter_plan_regl_operations_table_integration.md;https://jira/secure/attachment/2646992/filter_plan_regl_operations_table_integration.md","10/Apr/26 7:32 +0300;AChmykhalov;image-2026-04-10-07-32-27-785.png;https://jira/secure/attachment/2646997/image-2026-04-10-07-32-27-785.png","10/Apr/26 7:24 +0300;AChmykhalov;imdev8641_brief_development_tz.html;https://jira/secure/attachment/2646991/imdev8641_brief_development_tz.html","15/Apr/26 8:20 +0300;AChmykhalov;imdev8641_final_development_tz.html;https://jira/secure/attachment/2652861/imdev8641_final_development_tz.html","15/Apr/26 8:22 +0300;AChmykhalov;imdev8641_tree_modifiable_objects_rdupf_avancore.html;https://jira/secure/attachment/2652863/imdev8641_tree_modifiable_objects_rdupf_avancore.html","10/Apr/26 7:24 +0300;AChmykhalov;operation_closure_procedure_document_map.html;https://jira/secure/attachment/2646990/operation_closure_procedure_document_map.html","16/Apr/26 5:59 +0300;AChmykhalov;RduPF.cfe;https://jira/secure/attachment/2654556/RduPF.cfe","29/Apr/26 11:07 +0300;AChmykhalov;RE  Согласование расходов по доработкам Аванкор в рамках Розничного ДУ.msg;https://jira/secure/attachment/2671890/RE++%D0%A1%D0%BE%D0%B3%D0%BB%D0%B0%D1%81%D0%BE%D0%B2%D0%B0%D0%BD%D0%B8%D0%B5+%D1%80%D0%B0%D1%81%D1%85%D0%BE%D0%B4%D0%BE%D0%B2+%D0%BF%D0%BE+%D0%B4%D0%BE%D1%80%D0%B0%D0%B1%D0%BE%D1%82%D0%BA%D0%B0%D0%BC+%D0%90%D0%B2%D0%B0%D0%BD%D0%BA%D0%BE%D1%80+%D0%B2+%D1%80%D0%B0%D0%BC%D0%BA%D0%B0%D1%85+%D0%A0%D0%BE%D0%B7%D0%BD%D0%B8%D1%87%D0%BD%D0%BE%D0%B3%D0%BE+%D0%94%D0%A3.msg","08/Apr/26 9:29 +0300;AChmykhalov;screenshot-1.png;https://jira/secure/attachment/2643484/screenshot-1.png","08/Apr/26 9:32 +0300;AChmykhalov;screenshot-2.png;https://jira/secure/attachment/2643491/screenshot-2.png","08/Apr/26 9:35 +0300;AChmykhalov;screenshot-3.png;https://jira/secure/attachment/2643498/screenshot-3.png","08/Jun/26 13:00 +0300;AChmykhalov;План тестирования после доработок Аванкор 8641.docx;https://jira/secure/attachment/2729236/%D0%9F%D0%BB%D0%B0%D0%BD+%D1%82%D0%B5%D1%81%D1%82%D0%B8%D1%80%D0%BE%D0%B2%D0%B0%D0%BD%D0%B8%D1%8F+%D0%BF%D0%BE%D1%81%D0%BB%D0%B5+%D0%B4%D0%BE%D1%80%D0%B0%D0%B1%D0%BE%D1%82%D0%BE%D0%BA+%D0%90%D0%B2%D0%B0%D0%BD%D0%BA%D0%BE%D1%80+8641.docx","15/Apr/26 7:37 +0300;AChmykhalov;ПланИТТестирования_36274_ПроверкиРезультата.docx;https://jira/secure/attachment/2652847/%D0%9F%D0%BB%D0%B0%D0%BD%D0%98%D0%A2%D0%A2%D0%B5%D1%81%D1%82%D0%B8%D1%80%D0%BE%D0%B2%D0%B0%D0%BD%D0%B8%D1%8F_36274_%D0%9F%D1%80%D0%BE%D0%B2%D0%B5%D1%80%D0%BA%D0%B8%D0%A0%D0%B5%D0%B7%D1%83%D0%BB%D1%8C%D1%82%D0%B0%D1%82%D0%B0.docx","15/Apr/26 8:43 +0300;AChmykhalov;ПланИТТестирования_DR_25032026_БылоСтало.docx;https://jira/secure/attachment/2652891/%D0%9F%D0%BB%D0%B0%D0%BD%D0%98%D0%A2%D0%A2%D0%B5%D1%81%D1%82%D0%B8%D1%80%D0%BE%D0%B2%D0%B0%D0%BD%D0%B8%D1%8F_DR_25032026_%D0%91%D1%8B%D0%BB%D0%BE%D0%A1%D1%82%D0%B0%D0%BB%D0%BE.docx","16/Apr/26 5:58 +0300;AChmykhalov;ПланИТТестирования_DR_тест_скорости.docx;https://jira/secure/attachment/2654555/%D0%9F%D0%BB%D0%B0%D0%BD%D0%98%D0%A2%D0%A2%D0%B5%D1%81%D1%82%D0%B8%D1%80%D0%BE%D0%B2%D0%B0%D0%BD%D0%B8%D1%8F_DR_%D1%82%D0%B5%D1%81%D1%82_%D1%81%D0%BA%D0%BE%D1%80%D0%BE%D1%81%D1%82%D0%B8.docx","12/Apr/26 19:10 +0300;AChmykhalov;ПланИТТестирования_ВидыОпераций.docx;https://jira/secure/attachment/2649214/%D0%9F%D0%BB%D0%B0%D0%BD%D0%98%D0%A2%D0%A2%D0%B5%D1%81%D1%82%D0%B8%D1%80%D0%BE%D0%B2%D0%B0%D0%BD%D0%B8%D1%8F_%D0%92%D0%B8%D0%B4%D1%8B%D0%9E%D0%BF%D0%B5%D1%80%D0%B0%D1%86%D0%B8%D0%B9.docx",,,,,,,,,,,,,,,,,,WIM,,,,,,,,,,PMHN,,,,,,,,,,,,,,IMDEV-8633,,,,5 нормо-часов. Стоимость составляет 19 500 руб,https://lk.avancore.ru/tasks/ASP-203894,,,,,,IM Finance,IM Finance,,,,,,,,,,,,,,,,,,,,yes,,,,,"0|i44c9r:",0.0,,,,,,,,,,,,,,,,,,,,,,,,,,,,,,,Да,normal,,,,,"08/Apr/26 9:35 +0300;AChmykhalov;*Будет проводится исследование на предмет возможности предварительного определения необходимости расчетов определенных видов для Портфелей РДУ и соотвесвтенно отказ от расчета если он в этот день не нужен.*

Как пример, 02.04.2026  был расчет по договорам РДУ по виду ""Погашение НКД(БУ)"", но так как в этот день по облигациям которые есть у клиентов РДУ не было периода погашения то ни одного документа не было создано, т.е. расчет почти час делался зря.
 !screenshot-2.png! 
 !screenshot-3.png! 

Также расчет ""%% по банковским счетам по графику выплат			""   - делается 1 час, но пока никогда не создавал документы по РДУ вида ""Начисление %% по банковским счетам""

","09/Apr/26 6:36 +0300;AChmykhalov;{panel:title=Доработка: ускорение расчёта регламентов по РДУ|borderStyle=solid|borderColor=#8cc63f|backgroundColor=#f0f9f2|titleBGColor=#d4efd0}

h3. Описание предполагаемой доработки для ускорения расчёта регламентов по РДУ

При массовом закрытии периода по многим портфелям система заранее строит «план» — перечень регламентных операций по каждому портфелю на день. Сейчас дальше этот план по сути обрабатывается одинаково для всех попавших в работу портфелей: лишние или заведомо «пустые» сценарии всё равно нагружают цепочку исполнения.

Доработка нужна, чтобы в типовом сценарии *розница ДУ / РДУ* не гонять лишнюю работу: *до* фактического запуска операций система сможет *автоматически* пометить часть строк плана как «не выполнять», если по данным уже видно, что расчёт для конкретного портфеля не нужен. При этом *полный перечень* операций в плане сохраняется (строки не удаляются) — меняется только признак «выполнять / не выполнять», чтобы типовая логика документов и отчётности осталась согласованной.

h3. Что меняется для бизнеса

* Быстрее и дешевле по ресурсам проходит закрытие в однородных пакетах портфелей (все из одного пула «розница ДУ»), когда включена соответствующая настройка.
* Решение *автоматическое*: пользователю не нужно вручную снимать операции в плане ради этой оптимизации.
* Прозрачность: план по‑прежнему показывает полную картину; отключённые автоматикой операции просто не пойдут в исполнение (как если бы для них заранее сняли признак выполнения).
* Перечень видов операций, для которых разрешена такая оптимизация, задаётся *в данных* (регистр сведений со ссылками на виды операций закрытия), а не «спрятан» в коде — администратор или сопровождение могут согласованно расширять или сужать набор без перепрограммирования логики перечня.

h3. Когда логика включается (упрощённо)

# В настройках задана «розница ДУ» (константа не пустая).
# В плане на этот день участвуют *только* портфели этого пула — без «чужих» пулов в том же плане.

Если хотя бы одно условие не выполнено — план *не трогаем*, всё работает как сейчас.

h3. Как это устроено в общих чертах

# После того как таблица плана на день построена, но *до* передачи её в дальнейшую цепочку закрытия, срабатывает новый шаг фильтрации.
# Берутся виды операций, которые в плане помечены к выполнению.
# Для каждого вида, который *есть* в регистре перечня (разрешённые для оптимизации виды), система по специальным правилам и запросам решает, для каких портфелей эту операцию *оставить* в исполнении, а для каких — снять признак выполнения.
# Виды, которых *нет* в регистре, план по ним не меняется.

_Технические детали, точка встраивания в код, контракт функций и блок‑схема — в проектной документации:_

* Документация/filter_plan_regl_operations_table_integration.md
* при необходимости — Документация/imdev8641_filter_flowchart_for_jira.txt

h3. Итог одной фразой

Планируется ускорить закрытие для розницы ДУ за счёт автоматического снятия признака выполнения с «лишних» строк плана по согласованному перечню видов операций, без удаления строк из плана и без ручных действий пользователя.
{panel}
","09/Apr/26 9:45 +0300;AChmykhalov;Перечень расчетов, по которым проводится предварительный анализ

|| Имя в справочнике (ориентир) || Наименование || Исполняемая процедура ||
| НачислениеПроцентовПоБанковскимСчетамПоГрафику | %% по банковским счетам по графику выплат | ИсполняемыеПроцедурыЗакрытияПериода.Операция_0025_НачислениеПроцентовПоБанковскимСчетамПоГрафикуВыплат |
| ПереводНКДЭмитента_БУ | Погашение НКД (БУ) | ИсполняемыеПроцедурыЗакрытияПериода.Операция_0050_ПереводНКДВЗадолженностьЭмитента |
| ОпределениеСделокСОтклонениемЦен_БУ | Определение сделок с отклонением цен (БУ) | ИсполняемыеПроцедурыЗакрытияПериода.Операция_0140_ОпределениеСделокСОтклонениемЦен |
| ПогашениеОблигаций_БУ_ДоПереоценки | Погашение облигаций до переоценки (БУ) | ИсполняемыеПроцедурыЗакрытияПериода.Операция_0058_ПогашениеОблигаций_ДоПереоценки |
| ЧастичноеПогашениеОблигаций_БУ | Частичное погашение облигаций (БУ) | ИсполняемыеПроцедурыЗакрытияПериода.Операция_0058_ЧастичноеПогашениеОблигаций |","10/Apr/26 7:24 +0300;AChmykhalov;h1.  Документация:
h2.  [^operation_closure_procedure_document_map.html] 
h2.  [^filter_plan_regl_operations_table_integration.md] 
h2.  [^imdev8641_brief_development_tz.html] 

 !image-2026-04-10-07-32-27-785.png! ","10/Apr/26 7:25 +0300;AChmykhalov;{panel:title=IMDEV-8641: план работ|borderStyle=solid|borderColor=#8cc63f|backgroundColor=#f0f9f2|titleBGColor=#d4efd0}

h3. IMDEV-8641: план работ


*Все работы по задаче завершить к концу рабочего дня 15.04.2026 (ср)* — тест запросов, разработка расширения (CFE), встраивание фильтра, интеграционный регресс, приёмка по разделу 10 постановки (*imdev8641_development_brief.md*), сборка CFE и пакет для сопровождения (в т. ч. Аванкор по регламенту).


*Факт к 10.04.2026:* аналитика и *пять веток запросов* в черновике *Скрипты/bsl/get_portfolios_for_plan_execution.bsl* (*ПолучитьПортфелиДляСохраненияВыполненияВПлане*, виды из *ПереченьВидовОпераций*).

*11–12.04.2026 (сб–вс):* один слот: *тест пяти запросов* в ИБ + по результатам *точечные правки* текстов запросов в BSL; параллельно — чек‑лист к CFE и подготовка ветки репозитория.

*13–15.04.2026 (пн–ср):* *три рабочих дня* — полный цикл разработки расширения и закрытие задачи (см. таблицу по дням ниже; работы по соседним пунктам *объединены в одну строку дня*, без дробления на подзадачи в этом файле).

{panel:title=Этапы|borderStyle=solid|borderColor=#ccc|titleBGColor=#f0f0f0|bgColor=#fafafa}
* *Готово (до 10.04):* аналитика, техконтракт, 5 запросов в BSL‑черновике.
* *11–12.04:* тест запросов + правки + подготовка к CFE.
* *13–15.04:* CFE, фильтр плана, перенос кода, РС, регресс и приёмка, *финиш 15.04*.
{panel}


h3. Таблица: этапы и артефакты


|| Период || Этап || Содержание || Результат / артефакт ||
| *до 10.04.2026* | Аналитика и запросы | Перечень видов, принципы, 5 веток в BSL | *get_portfolios_for_plan_execution.bsl*, *query_branch_*.md*, *filter_plan_regl_operations_table_integration.md* |
| *11–12.04.2026* | Тест и доводка запросов | Прогон 5 веток в ИБ, протокол; правки запросов при необходимости; чек‑лист CFE | Готовность к переносу в РС без сюрпризов на интеграции |
| *13–15.04.2026* | Разработка и закрытие | Расширение: метаданные, заимствование и перехват, фильтр, перенос запросов, наполнение РС, регресс, приёмка, CFE | Рабочее расширение, протокол приёмки, файл/выгрузка CFE, краткая инструкция |

h3. План по дням (слитый по дням, финиш 15.04.2026)


{panel:title=План по дням|borderStyle=solid|borderColor=#17a2b8|titleBGColor=#e7f5f8|bgColor=#f7fcfd}
Один ряд календаря объединяет несколько бывших подшагов. При риске срыва 15.04 — заранее срезать объём (например, план Аванкор вынести в подзадачу на следующую неделю).
{panel}

|| Дата || День || Фокус дня (объединённо) || Статус ||
| до 10.04.2026 | — | Аналитика, 5 запросов в BSL, документация | *Готово* |
| *11–12.04.2026* | *сб–вс* | *Тест 5 запросов* в ИБ + протокол; *правки* BSL по итогам; *подготовка* к CFE (чек‑лист, репозиторий) | *План* |
| 13.04.2026 | пн | *CFE:* создание расширения, префикс, ИБ; *метаданные:* константа *ПулРозницаДУ*, РС *ВидыОптимизируемыхРегламентныхОперацийДУ*, *каркас* модуля менеджера РС (экспортные сигнатуры); *заимствование* *ГрупповоеВыполнениеЗакрытияПериодов* + *перехват* *ВыполнитьМногопоточноеЗакрытиеПериодовПортфелей* (*ИзменениеИКонтроль*) | *План* |
| 14.04.2026 | вт | *Процедура фильтра* плана с шагами 1–2 (пул, свод видов) и вызов из точки встраивания; *шаг 3 цикла:* перенос *всех пяти* тел запросов из черновика в модуль менеджера РС; *ПолучитьДанныеОптимизацииПланаПоВидуОперации* / *ПолучитьПортфели...*; сверка *предопределённых* видов с ИБ | *План* |
| 15.04.2026 | ср | *Первичное заполнение* РС пятью видами; *доводка* фильтра и компиляция; *интеграционный регресс* (розница ДУ, смешанные пулы, пустой РС); *приёмка* по разд. 10 постановки; *сборка CFE*, описание подключения и ролей; *фиксация* результата в Jira | *План / финиш* |

{quote}
*15.04.2026* — крайний срок *всех* строк таблицы выше. План общих изменений для Аванкор при нехватке времени — отдельная подзадача или перенос после 15.04 по согласованию.
{quote}
{panel}
","12/Apr/26 19:13 +0300;AChmykhalov;Тесты.
 Тест запросов определяющих вероятность необходимости расчетов  [^ПланИТТестирования_ВидыОпераций.docx] 
 Тесты по проверки работоспособности нового модуля, в т.ч. по времени  [^ПланИТТестирования_36274_ПроверкиРезультата.docx] 
Тесты по прошлому периоду было \ стало: (сравнение данных)  [^ПланИТТестирования_DR_25032026_БылоСтало.docx] 

 Тесты на DR контуре  [^ПланИТТестирования_DR_тест_скорости.docx] ","12/Apr/26 19:14 +0300;AChmykhalov;Постановка для Аванкор

  ТЗ  [^imdev8641_final_development_tz.html] 
  Перечень изменяемых объектов:  [^imdev8641_tree_modifiable_objects_rdupf_avancore.html] 
  Расширение CFE  [^RduPF.cfe] 

Создана задача вендору: https://lk.avancore.ru/tasks/ASP-203894","17/Apr/26 13:30 +0300;AChmykhalov;Коновка Антон
4/17/2026, 1:18:25 PM
Коллеги добрый день. Анализ данной задачи доверили сразу разработке. Постараемся ознакомиться и вникнуть до конца апреля. Если останутся вопросы после ознакомления сообщим","28/Apr/26 11:47 +0300;AChmykhalov;Столова Екатерина
4/28/2026, 11:43:45 AM
Чмыхалов Алексей (ВИМ ИНВЕСТИЦИИ АО) Добрый день!
Данный заказ оценили в 5 нормо-часов. Стоимость составляет 19 500 руб.
В случае положительного решения, напишите ""Оценка согласована"".
Ожидаем согласование оценки до 06.05.2026, далее заказ без подтверждения будет закрыт со статусом - ""Не будет решаться"".
Если в дальнейшем Вами будет принято решение продолжить работы по требованию, сообщите нам и мы возобновим работы по задаче.
Хорошего дня!

[~AKonstantinov] Надо согласовать кост центр","29/Apr/26 11:07 +0300;AChmykhalov;Согласовано  [^RE  Согласование расходов по доработкам Аванкор в рамках Розничного ДУ.msg] 
","29/Apr/26 11:37 +0300;AChmykhalov;Столова Екатерина
4/29/2026, 11:21:12 AM
Задача передаётся на планирование работ.","22/May/26 13:24 +0300;AChmykhalov;Коновка Антон
Коновка Антон
5/19/2026, 3:05:35 PM
Спасибо. Встречу подтверждаю

Чмыхалов Алексей (ВИМ ИНВЕСТИЦИИ АО)
Чмыхалов Алексей (ВИМ ИНВЕСТИЦИИ АО)
5/22/2026, 1:24:25 PM
Добрый день!
Обновите статус по задаче. На каком этапе?
Мы договаривались на встрече от 19.05.2026 - что выложите новое ФТ, и шаблон , и инструкцию.","23/May/26 6:46 +0300;AChmykhalov; 
Коновка Антон 22.05.26 17:46:59 
 
	Задачка в работе. по итогу выложим вам доработки и пример с описанием обработки. На этой неделе врядли успеваем но на сл передать должны успеть

 

","03/Jun/26 12:22 +0300;AChmykhalov;Посмотрел релиз 2.8.5.0
Не все доработки внесены Аванкором.
Создана информационная задача  https://lk.avancore.ru/tasks/ASP-207763   по разбору ситуации","03/Jun/26 15:46 +0300;AChmykhalov;Коцарев Павел
Коцарев Павел
6/3/2026, 3:32:28 PM
Добрый день
1. По поводу константы, из того что я помню, вы сказали что она вам не нужна, так же как и регистр сведений, а необходима возможность подключения внешних обработок, возможно я ошибаюсь.
Константу добавил
2. Я пропустил эти изменения, прошу прощения
Правки внес
Решение будет доступно в следующей поставке","04/Jun/26 6:03 +0300;AChmykhalov; 
Коновка Антон 03.06.26 19:09:14 
 
	Доступно в поставке 2.8.5.1

 

","08/Jun/26 13:00 +0300;AChmykhalov;Проведено ИТ тестирование доработок Аванкор  [^План тестирования после доработок Аванкор 8641.docx] 

Тестирование DR

Подготовка:
Загрузить на DR‑контур свежую базу ПРОД (по 04.05.2026 включительно).
Установить последний релиз 2.8.5.1, запустить для применения всех настроек.
Настроить справочник «Настройки закрытия портфелей по расписанию»:
Фильтры пула: розничное ДУ.
Количество портфелей в пачке: 0.
Константы: установить новую константу «РозницаПул».

Тестирование расчёта «по‑старому»:
Старт: 19:08.
Финиш: 01:33 *{color:#DE350B}(итого: 6 часов 25 минут).{color}*

Тестирование расчёта «по‑новому»:
Внести в справочник новую обработку.
Установить количество договоров в пачке.
Сослаться на новую дополнительную обработку в настройках.
Установить через расширение даты выполнения (только для теста) — рассчитать за 05.06.2026 (1 день).
Запустить расчёт.
Старт: 06:47.
Финиш: 07:34 *{color:#00875A}(итого: 47 минут).{color}*","08/Jun/26 13:23 +0300;AChmykhalov;{color:#FF8B00} =1={color}
*Предусловия внедрения:*
 * 
 ** Паспорт объекта внедрения слинкован с задачей: да
 ** MergeRequest прошел ревью и принят в MAIN: да
 ** Слинкована DEPLOY-задача: да

*План внедрения:*
 * 
 ** Тип объекта внедрения: обработка
 ** Название объекта внедрения: ""*Алгоритм дополнительных действий при закрытии дня*""
 ** Объект внедрения новый: да
 ** База внедрения: PROD_AVC_FIN20
 ** MergeRequest в GIT или номер коммита в DEV-хранилище: https://git/wiminvest/ent1s/finance/fin/-/merge_requests/108
 ** Помещено в каталог автозагрузки: -
 ** Версия: *1.00*  
 ** График внедрения: планово

         *Дополнительные действия:*
 * 
 ** Выполнить настройки: не требуется
 ** Дополнительные действия при внедрении: не требуются

{color:#FF8B00} =2={color}
*Предусловия внедрения:*
 * 
 ** Паспорт объекта внедрения слинкован с задачей: -
 ** MergeRequest прошел ревью и принят в MAIN: -
 ** Слинкована DEPLOY-задача: да

*План внедрения:*
 * 
 ** Тип объекта внедрения: конфигурация
 ** Название объекта внедрения: FIN20
 ** Объект внедрения новый: нет
 ** База внедрения: PROD_AVC_FIN20
 ** MergeRequest в GIT или номер коммита в DEV-хранилище: -
 ** Помещено в каталог автозагрузки: -
 ** Версия: *не ниже 2.8.5.1*  
 ** График внедрения: планово

         *Дополнительные действия:*
 * 
 ** Выполнить настройки: не требуется
 ** Дополнительные действия при внедрении: *{color:#00875A}необходимы после внедрения:{color}*

{color:#FF8B00}ВАЖНО{color}
 - для новой константы ""Пул розницы ДУ"" указать значение ""Розничное ДУ""
 - для элементов справочника ""Настройки закрытия портфелей по расписанию""  
   а) Без РДУ Ежедневное на Т-1 по всем клиентам вт, ср, чт, пт
   б) Без РДУ Ежедневное на Т-3 по всем клиентам в пн
   : В настройках в поле ""Алгоритм доп. действий (общий)"" выбрать ссылку на обработку ""Алгоритм дополнительных действий при закрытии дня""
   : В настройках проверить что значение ""Количество портфелей на поток"" = 10
","27/Jul/26 12:05 +0300;AChmykhalov;Важно, настройка доп. алгоритма нужна для РДУ  (ссори, в прошлом комменте ошибся)

а) Только РДУ Ежедневное на Т-1 по всем клиентам вт, ср, чт, пт
 б) Только РДУ Ежедневное на Т-3 по всем клиентам в пн
 : В настройках в поле ""Алгоритм доп. действий (общий)"" выбрать ссылку на обработку ""Алгоритм дополнительных действий при закрытии дня""

 

PS

а) Без РДУ Ежедневное на Т-1 по всем клиентам вт, ср, чт, пт
 б) Без РДУ Ежедневное на Т-3 по всем клиентам в пн

 - тут ссылка на алгоритм доп. действий не нужен",,,,,,,,,,,,,,,,,,,,,,
Аванкор. [ДУ 2.0] Оптимизация Технических операций + Запросов регламента закрытия (ч.3),IMDEV-8639,934751,696650,Sub-Task,Closed,IMDEV,IM Development,software,AKonstantinov,,,Medium,Done,AChmykhalov,KIkonnikov,AChmykhalov,13/Jan/26 12:29 +0300,06/Apr/26 18:18 +0300,14/Sep/26 5:36 +0300,20/Mar/26 18:37 +0300,,AvancoreFinance,,CAB,Retail_DU,,"1) 📊Определение списка вычисляемых операций закрытия периода по каждой дате\\портфелю\\группе операций
📍 Модуль: РегистрСведений.НастройкиЗакрытияПериода.МодульМенеджера
🔧 Функция: ПланРеглОпераций() (строка 324)
⚙️ Проблемная операция: Запрос.Выполнить()
+📝 Суть: Запрос получает список вычисляемых операций по каждому портфелю на каждую дату и каждую группу регламента. Запрос выполняется многократно в фоновых задачах, что приводит к значительным накладным расходам на обращения к базе данных.+
💡Предложение по решению
Вычислить результат запроса сразу в виде структуры таблиц значений перед запуском многопоточности. Передать эту структуру в параметрах многопоточной процедуры. В фоновых задачах не обращаться к базе данных каждый раз, а брать данные из предварительно рассчитанного параметра.
🔍Определение в каждой операции статуса активности регламента

2) 📊Избыточноя проверка на наличие работающего регламента по каждой дате\\портфелю\\группе операций
📍 Модуль: ОбщийМодуль.РегламентныеЗаданияСервер.Модуль
🔧 Функция: Задание() (строка 198)
⚙️ Проблемная операция: РегламентныеЗадания.НайтиПоУникальномуИдентификатору()
+📝 Суть: Каждое выполнение операции для каждого портфеля проверяет, активно ли регламентное задание. Для многопоточного регламентного проведения эта проверка избыточна, так как состояние регламентного задания не изменяется во время выполнения. Время получения фонового задания по GUID существенное и при большом количестве портфелей приводит к значительным задержкам.+
💡Предложение по решению
Добавить механизм отключения проверки активности регламента через параметры. При вызове многопоточной процедуры установить флаг ПропуститьПроверкуАктивностиРегламента в структуре ДопПараметры. Проверка будет выполняться один раз на уровне главного процесса перед запуском многопоточности, а во всех потоках проверка будет пропускаться.


{color:#FF8B00}Примечание{color}: Аванкор выделил эти 2 задачи как платные из общего списка задач (см. https://jira/browse/IMAPPS-33625   и  https://jira/browse/IMAPPS-33652) , остальные сделал в рамках текущего обслуживания",AChmykhalov,KIkonnikov,,,,,,,"Проведено УАТ тестирование;02/Feb/26 13:34 +0300;AChmykhalov;5400",,,,,,,,,,,,,,,,,,,,,,,,,0,0,5400,"9,223,372,036,854,775,807%",0,0,5400,,,,,,,,,,,IMAPPS-35456,,,,,,,,,"15/Jan/26 15:02 +0300;KIkonnikov;image-2026-01-15-15-02-01-490.png;https://jira/secure/attachment/2526772/image-2026-01-15-15-02-01-490.png","20/Jan/26 19:02 +0300;KIkonnikov;RE Согласование костов по задаче оптимизации систем под РДУ - IMAPPS-34805 (Финансы).msg;https://jira/secure/attachment/2533759/RE+%D0%A1%D0%BE%D0%B3%D0%BB%D0%B0%D1%81%D0%BE%D0%B2%D0%B0%D0%BD%D0%B8%D0%B5+%D0%BA%D0%BE%D1%81%D1%82%D0%BE%D0%B2+%D0%BF%D0%BE+%D0%B7%D0%B0%D0%B4%D0%B0%D1%87%D0%B5+%D0%BE%D0%BF%D1%82%D0%B8%D0%BC%D0%B8%D0%B7%D0%B0%D1%86%D0%B8%D0%B8+%D1%81%D0%B8%D1%81%D1%82%D0%B5%D0%BC+%D0%BF%D0%BE%D0%B4+%D0%A0%D0%94%D0%A3+-+IMAPPS-34805+%28%D0%A4%D0%B8%D0%BD%D0%B0%D0%BD%D1%81%D1%8B%29.msg","02/Feb/26 13:33 +0300;AChmykhalov;ПланУАТ_тестирования_33652_Релиз_2_8_0_6.docx;https://jira/secure/attachment/2551752/%D0%9F%D0%BB%D0%B0%D0%BD%D0%A3%D0%90%D0%A2_%D1%82%D0%B5%D1%81%D1%82%D0%B8%D1%80%D0%BE%D0%B2%D0%B0%D0%BD%D0%B8%D1%8F_33652_%D0%A0%D0%B5%D0%BB%D0%B8%D0%B7_2_8_0_6.docx","17/Feb/26 7:43 +0300;AChmykhalov;ПланУАТ_тестирования_33652_Релиз_2_8_1_3.docx;https://jira/secure/attachment/2571939/%D0%9F%D0%BB%D0%B0%D0%BD%D0%A3%D0%90%D0%A2_%D1%82%D0%B5%D1%81%D1%82%D0%B8%D1%80%D0%BE%D0%B2%D0%B0%D0%BD%D0%B8%D1%8F_33652_%D0%A0%D0%B5%D0%BB%D0%B8%D0%B7_2_8_1_3.docx",,,,,,,,,,,,,,,,,,,,,,,,,,,,,,WIM,,,,,,,,,,PMHN,,,,,,,,,,,,,,,,,,7 нормо-часов. Стоимость составляет 27 300 руб,https://lk.avancore.ru/tasks/ASP-195246,,,,,,IM Finance,IM Finance,,,,,,,,,,,,,,,,,,,,yes,,,,,"0|i3xphj:",0.0,,,,,,,,,,,,,,,,,,,,,,,,,,,,,,,Да,normal,,,,,"13/Jan/26 12:37 +0300;AChmykhalov;Коновка Антон
Коновка Антон
1/13/2026, 11:37:22 AM
Чмыхалов Алексей (ВИМ ИНВЕСТИЦИИ АО) добрый день. Как и договаривались 2 самых смущающих пункта из прошлой задачи выделили в отдельную платную. По ним нам надо будет провести доп анализ и удостовериться, что предлагаемые правки не понесут доп рисков другим пользователям системы. Оценка данной задачи будет озвучена в ближайшее время.
Если она устроит то быстро оформим ФТ на основе озвученного вопроса и согласуем ее. В работу пустим как можно быстрее после окончания всех согласований и т.д.","13/Jan/26 12:37 +0300;AChmykhalov;Столова Екатерина
Столова Екатерина
1/13/2026, 11:46:31 AM
Чмыхалов Алексей (ВИМ ИНВЕСТИЦИИ АО)
Добрый день!
Данный заказ оценили в 7 нормо-часов. Стоимость составляет 27 300 руб.
В случае положительного решения, напишите ""Оценка согласована"".
Ожидаем согласование оценки до 20.01.2026, далее заказ без подтверждения будет закрыт со статусом - ""Не будет решаться"".
Если в дальнейшем Вами будет принято решение продолжить работы по требованию, сообщите нам и мы возобновим работы по задаче.
Хорошего дня!","14/Jan/26 11:20 +0300;AChmykhalov;Из полезного  - снижение нагрузки на SQL, так как в одной из 2х задач вместо нескольких тысяч запросов будет делаться 1
А вторая проблема – что постоянно проверяется запущен ли регламент (это просто лишняя проверка)
","14/Jan/26 17:28 +0300;KIkonnikov;Вернусь с согласованием костов","15/Jan/26 15:02 +0300;KIkonnikov;Согласовано. Кост-центр: PMHN

!image-2026-01-15-15-02-01-490.png|thumbnail!

 

[^RE Согласование костов по задаче оптимизации систем под РДУ - IMAPPS-34805 (Финансы).msg]","19/Jan/26 11:50 +0300;AChmykhalov; 
Коновка Антон 19.01.26 11:47:26 
 
	Чмыхалов Алексей (ВИМ ИНВЕСТИЦИИ АО) Добрый день. На этой неделе оформим ФТ, пришлем на согласование и поставим в план на ближайшее время. Постараемся в январе сделать
","23/Jan/26 11:06 +0300;AChmykhalov;Коцарев Павел
Коцарев Павел
1/23/2026, 11:03:24 AM
Добрый день, коллеги
Чмыхалов Алексей (ВИМ ИНВЕСТИЦИИ АО)  просьба согласовать ФТ:
ASP-195246: Оптимизация списка вычисляемых операций закрытия периода и определения статуса активности регламента
 

Чмыхалов Алексей (ВИМ ИНВЕСТИЦИИ АО)
Чмыхалов Алексей (ВИМ ИНВЕСТИЦИИ АО)
1/23/2026, 11:06:22 AM
ФТ Согласовано","31/Jan/26 20:26 +0300;AChmykhalov; 
Пользователь Коцарев Павел внес изменения 30.01.26 17:35:34 
 
	Статус:	Выполняется UAT 

","01/Feb/26 6:38 +0300;AChmykhalov; 
Коновка Антон 31.01.26 23:14:07 
 
	Доступно в поставке 2.8.0.6
","02/Feb/26 9:29 +0300;AChmykhalov;Проведено УАТ тестирование  [^ПланУАТ_тестирования_33652_Релиз_2_8_0_6.docx] (успешно)

_Примечание, когда буду писать план внедрения указать дополнительные действия:
2 константы установить при внедрении:
 - ПорогМинимальногоВремениЗамера = 500
 - ПропуститьПроверкуАктивностиРегламента = Истина _","03/Feb/26 12:59 +0300;AChmykhalov;*Предусловия внедрения:*
 * 
 ** Паспорт объекта внедрения слинкован с задачей: да
 ** MergeRequest прошел ревью и принят в MAIN: -
 ** Слинкована DEPLOY-задача: да

*План внедрения:*
 * 
 ** Тип объекта внедрения: конфигурация
 ** Название объекта внедрения: FIN20
 ** Объект внедрения новый: нет
 ** База внедрения: PROD_AVC_FIN20, PROD_AVC_SEP_FIN20
 ** MergeRequest в GIT или номер коммита в DEV-хранилище: -
 ** Помещено в каталог автозагрузки: -
 ** Версия: *не ниже 2.8.0.6*  
 ** График внедрения: планово

         *Дополнительные действия:*
 * 
 ** Выполнить настройки: не требуется
** Дополнительные действия при внедрении:  *есть:  после внедрения установить значения констант:*
*
* ПорогМинимальногоВремениЗамера = 500
* ПропуститьПроверкуАктивностиРегламента = Истина ","10/Feb/26 7:14 +0300;AChmykhalov;Коцарев Павел
Коцарев Павел
2/9/2026, 11:44:53 AM
Коллеги, добрый день
В результате оптимизации ""Определения списка вычисляемых операций закрытия периода по каждой дате"", появилась ошибка, из-за в результате ошибок при закрытии не не выводились ошибки в лог, день не закрывался, но программа сообщала об успешном закрытии
Дополнительно увидели в коде, получение списка исполняемых процедур без учета группы, это ошибочное использование метода, так как есть операции которые исполняются утром, а есть которые вечером, а данный подход не учитывает это разделение, данный код откатили до исходного

Чмыхалов Алексей (ВИМ ИНВЕСТИЦИИ АО)
Чмыхалов Алексей (ВИМ ИНВЕСТИЦИИ АО)
2/9/2026, 1:02:42 PM
Добрый день!
Можете прислать описание ошибки , в чем она проявляется или как выглядит?
Если есть возможность опишите тестовый случай которым можно воспроизвести данную ошибку? (например выбрать выполнение регламента по такой-то операции которая так-то оформлена в справочнике).
Также если можно укажите место в коде которое вызывает подозрение.

Спасибо!

PS По блоку ""Определения списка вычисляемых операций закрытия периода по каждой дате"" всего должно быть 3 изменения

РС НастройкиЗакрытияПериода, Функция ПланРеглОпераций
Обработка ГрупповоеВыполнениеЗакрытияПериодов, Процедура ВыполнитьМногопоточноеЗакрытиеПериодовПортфелей
Обработка ГрупповоеВыполнениеЗакрытияПериодов, Процедура СформироватьРеглОперацииПоГруппе
Робот
Робот
2/9/2026, 1:02:45 PM
спасибо за обращение, ответим в ASP-197975","10/Feb/26 15:29 +0300;AChmykhalov;У вендора открыта переписка по данному вопросу: https://lk.avancore.ru/tasks/ASP-197975
Планируется общение с вендором по задаче
","12/Feb/26 10:34 +0300;AChmykhalov;Коцарев Павел
Коцарев Павел
2/12/2026, 10:16:27 AM
Коллеги, вчера нашли причину ошибки и поправили ее, ваши правки перенесли:
Обработка ГрупповоеВыполнениеЗакрытияПериодов, Процедура ВыполнитьМногопоточноеЗакрытиеПериодовПортфелей
Обработка ГрупповоеВыполнениеЗакрытияПериодов, Процедура СформироватьРеглОперацииПоГруппе
Проблема была в том, что если в базе не было разбития по группам, а передавалась пустая группа то неверно накладывался отбор, в запросе по которому строился план, если группа была не заполнена то устанавливалось Неопределено, а в вашем коде накладывался отбор по переданному параметру в данному случае пустая ссылка, ошибку поправили.
Звонок уже не нужен

Чмыхалов Алексей (ВИМ ИНВЕСТИЦИИ АО)
Чмыхалов Алексей (ВИМ ИНВЕСТИЦИИ АО)
2/12/2026, 10:33:38 AM
Спасибо большое!
Буду благодарен, если после выпуска релиза с доработками вы укажете его номер в комментариях.","17/Feb/26 7:44 +0300;AChmykhalov;Проведено UAT тестирование, исправления успешно внесены.  [^ПланУАТ_тестирования_33652_Релиз_2_8_1_3.docx] ","17/Feb/26 10:39 +0300;AChmykhalov;Коцарев Павел
Коцарев Павел
2/17/2026, 10:20:00 AM
Добрый день, доступно в поставке *2.8.1.2*

Чмыхалов Алексей (ВИМ ИНВЕСТИЦИИ АО)
Чмыхалов Алексей (ВИМ ИНВЕСТИЦИИ АО)
2/17/2026, 10:38:45 AM
Спасибо!, вопрос можно закрывать.

(Но можете подумать о рефакторинг,е чтобы не было что в одном месте вместо предопределенной группы операций Неопределено, в другой Пусто и т.п.)","17/Feb/26 10:40 +0300;AChmykhalov;*Предусловия внедрения:*
 * 
 ** Паспорт объекта внедрения слинкован с задачей: да
 ** MergeRequest прошел ревью и принят в MAIN: -
 ** Слинкована DEPLOY-задача: да

*План внедрения:*
 * 
 ** Тип объекта внедрения: конфигурация
 ** Название объекта внедрения: FIN20
 ** Объект внедрения новый: нет
 ** База внедрения: PROD_AVC_FIN20, PROD_AVC_SEP_FIN20
 ** MergeRequest в GIT или номер коммита в DEV-хранилище: -
 ** Помещено в каталог автозагрузки: -
 ** Версия: *не ниже 2.8.1.2*  
 ** График внедрения: планово

         *Дополнительные действия:*
 * 
 ** Выполнить настройки: не требуется
** Дополнительные действия при внедрении:  нет",,,,,,,,,,,,,,,,,,,,,,,,
Аванкор. [ДУ 2.0] Оптимизация Технических операций + Запросов регламента закрытия (ч.2),IMDEV-8638,826647,696650,Sub-Task,Closed,IMDEV,IM Development,software,AKonstantinov,,,Medium,Done,AChmykhalov,KIkonnikov,AChmykhalov,05/Nov/25 9:56 +0300,06/Apr/26 18:18 +0300,14/Sep/26 5:36 +0300,16/Feb/26 9:05 +0300,,AvancoreFinance,,CAB,Retail_DU,,"*📋 Описание задачи:* Выявлены узкие места в процессе закрытия периода, которые приводят к значительным задержкам при выполнении регламентных операций. Требуется оптимизация технических процессов и запросов для повышения производительности системы.
(на основании замеров [^Замеры времени_Полные_10_потоков.docx])
h2. 🔧 Технические проблемы

 
h2. ⏱️Запись замеров времени и логов в регистры сведений

*📍 Модули:* РегистрСведений.ЗакрытиеПериодаЗамеры (строка 66), РегистрСведений.СообщенияЛогов (строка 37)
 *⚙️ Проблемные операции:* {{Запись.Записать()}}, {{мз.Записать()}}
 *📝 Суть:* По каждой операции происходит запись замеров времени выполнения. Однако существует множество операций, время выполнения которых меньше или сравнимо с самим временем логирования, что приводит к избыточным накладным расходам на запись в базу данных.
 💡Предложение по решению
 Добавить константу {{ПорогМинимальногоВремениЗамера}}, в которой хранить минимальное время замеряемых операций (в миллисекундах).
 *По умолчанию:* 0 (т.е. делаются все замеры)
 *Рекомендуемое значение:* 500 мс
 Операции, время выполнения которых меньше порога, не будут логироваться, что существенно снизит нагрузку на регистры сведений.
  
h2. 📊Определение списка вычисляемых операций закрытия периода по каждой дате\портфелю\группе

*📍 Модуль:* РегистрСведений.НастройкиЗакрытияПериода.МодульМенеджера
 *🔧 Функция:* {{ПланРеглОпераций()}} (строка 324)
 *⚙️ Проблемная операция:* {{Запрос.Выполнить()}}
 *📝 Суть:* Запрос получает список вычисляемых операций по каждому портфелю на каждую дату и каждую группу регламента. Запрос выполняется многократно в фоновых задачах, что приводит к значительным накладным расходам на обращения к базе данных.
 💡Предложение по решению
 Вычислить результат запроса сразу в виде структуры таблиц значений перед запуском многопоточности. Передать эту структуру в параметрах многопоточной процедуры. В фоновых задачах не обращаться к базе данных каждый раз, а брать данные из предварительно рассчитанного параметра.
  
h2. 🔍Определение в каждой операции статуса активности регламента

*📍 Модуль:* ОбщийМодуль.РегламентныеЗаданияСервер.Модуль
 *🔧 Функция:* {{Задание()}} (строка 198)
 *⚙️ Проблемная операция:* {{РегламентныеЗадания.НайтиПоУникальномуИдентификатору()}}
 *📝 Суть:* Каждое выполнение операции для каждого портфеля проверяет, активно ли регламентное задание. Для многопоточного регламентного проведения эта проверка избыточна, так как состояние регламентного задания не изменяется во время выполнения. Время получения фонового задания по GUID существенное и при большом количестве портфелей приводит к значительным задержкам.
 💡Предложение по решению
 Добавить механизм отключения проверки активности регламента через параметры. При вызове многопоточной процедуры установить флаг {{ПропуститьПроверкуАктивностиРегламента}} в структуре {{ДопПараметры}}. Проверка будет выполняться один раз на уровне главного процесса перед запуском многопоточности, а во всех потоках проверка будет пропускаться.
  
h2. 🧹Очистка неактивных «исполнителей» (записей в РС о работающих фоновых заданиях) с использованием механизма транзакций

*📍 Модуль:* РегистрСведений.ИсполнителиЗакрытияПериодов.МодульМенеджера
 *🔧 Процедура:* {{ОчиститьНеактивныхИсполнителей()}}
 *⚙️ Проблемные операции:* Получение фоновых заданий, транзакции, запросы
 *📝 Суть:* Это регламент, который чистит очередь ""исполнителей"" (технический регистр для фоновых задач закрытия периода). Процедура выполняет множественные вызовы {{НачатьТранзакцию()}} и {{ЗафиксироватьТранзакцию()}} для каждой записи, что приводит к значительным задержкам. Так как неважно, удалена ли запись именно этим процессом или конкурирующим (главное, что она удалена), избыточные транзакции не нужны.
 💡Предложение по решению
 Отменить использование транзакций при удалении записей. Оставить просто попытку удаления в блоке {{Попытка...Исключение}}. Если запись уже удалена другим процессом, ошибка будет проигнорирована, что не влияет на корректность работы регламента.
h2. 📊 Проблемы запросов

 
h2. 💰Запрос в документе НачислениеПроцентовПоБанковскимСчетам

*📍 Модуль:* Документ.НачислениеПроцентовПоБанковскимСчетам.МодульОбъекта
 *📍 Строка:* 322
 *🔧 Тип:* Регламентная процедура (d1tRegl)
 *⚙️ Проблемная операция:* {{Запрос.Выполнить()}}
 *📝 Суть:* Запрос выполняется регламентно при закрытии периода. Требуется анализ текста запроса, проверка индексов и возможность кэширования результатов.
 💡Предложение по решению
 * Вынести проверку реквизита через точку (признак {{НачислениеПроцентов}} для банковского счета) отдельно в итоговый запрос
 * Сокращать количество временных таблиц в запросе в зависимости от установленных в документе Начисления флагов: {{БУ}}, {{УУ}}, {{ЕПС}}

{{}}
h2. 📈Запрос в документе НачислениеКупонногоДохода

*📍 Модуль:* Документ.НачислениеКупонногоДохода.МодульОбъекта
 *📍 Строка:* 1 068
 *🔧 Функция:* {{АктуальныеКупоныОблигаций()}}
 *⚙️ Проблемная операция:* {{ЗапросКупоны.Выполнить().Выбрать()}}
 *📝 Суть:* Запрос содержит множественные неоптимальные решения: избыточные вычисления {{НАЧАЛОПЕРИОДА}} для параметров, использование параметров списков вместо подзапросов, неоптимальный порядок временных таблиц, отсутствие индексов по наборам, избыточные параметры и неоптимальная фильтрация виртуальных таблиц. При большом количестве вызовов эти накладные расходы приводят к заметным задержкам.
 💡Предложение по решению
 * Предварительно вычислять начало дня в BSL и передавать в запрос как параметр (убрать {{НАЧАЛОПЕРИОДА}} для параметров)
 * Использовать подзапросы из временных таблиц вместо параметров списков ({{&СписокАктивов}}, {{&СписокОблигаций}})
 * Изменить порядок временных таблиц: создать {{АктивныеКупоны}} и {{ВТ_Ядро}} раньше для раннего применения фильтров
 * Добавить индексы по наборам для {{ВТ_Ядро}} под конкретные JOIN операции
 * Оптимизировать фильтрацию виртуальных таблиц через параметры {{СрезПоследних}}
 * Убрать промежуточную таблицу {{ТаблицаДокумента}}, использовать {{ВТ_Ядро}} в финальном запросе

 
h2. 📉Запрос + цикл в документе АмортизацияКомиссийРЕПО

*📍 Модуль:* Документ.АмортизацияКомиссийРЕПО.МодульОбъекта
 *📍 Строка:* 45
 *🔧 Тип:* Исполнительная процедура
 *⚙️ Проблемная операция:* {{Запрос.Выполнить().Выгрузить()}}
 *📝 Суть:* Запрос выполняется с выгрузкой результатов в таблицу значений, после чего в цикле по каждой строке вычисляется амортизация комиссий через функцию {{КоличествоПериодов}}. Вычисление амортизации выполняется на языке 1С в цикле, что приводит к значительным накладным расходам при большом количестве сделок РЕПО. Кроме того, в запросе отсутствуют индексы для временных таблиц, что замедляет JOIN операции. Параметры видов субконто не передаются в виртуальные таблицы остатков, что может приводить к избыточной выборке данных.
 💡Предложение по решению
 * Перенести вычисление амортизации из цикла в SQL запрос, используя функцию {{РАЗНОСТЬДАТ}} вместо {{КоличествоПериодов - 1}} (эквивалентно, но выполняется на стороне СУБД)
 * Добавить индексы для временных таблиц: {{ИНДЕКСИРОВАТЬ ПО Операция}} для {{ВТ_Сделки}} и {{ИНДЕКСИРОВАТЬ ПО ДокументОплаты}} для {{ВТ_ЕПС}} и {{ВТ_БУ}}
 * Добавить фильтр по {{Портфель}} в {{ВТ_Сделки}} для раннего ограничения выборки сделок
 * Добавить параметры видов субконто ({{&ВидыСубконтоЕПС}}, {{&ВидыСубконтоХозрасчетные}}) в вызовы виртуальных таблиц остатков для точной фильтрации
 * Объединить две функции (процедуру и функцию формирования запроса) в единую процедуру для упрощения кода

[^ЗадачаJira_ОптимизацияЗакрытияПериода.html]",AChmykhalov,,,,,,,,"оптимизация модулей
- Запрос в документе НачислениеПроцентовПоБанковскимСчетам
-  Запрос + цикл в документе АмортизацияКомиссийРЕПО
;07/Nov/25 12:38 +0300;AChmykhalov;14400","Оптимизация запроса в документе Начисление купонного дохода;10/Nov/25 13:00 +0300;AChmykhalov;10800","Оптимизация модулей
- запись амеров времени и логов
- определение списка вычисляемых операций закрытия периода перед выполнением операций
- отключение определения статуса активности регламента в каждой операции
- оптимизация очистки неактивных ""исполнителей"" операций;11/Nov/25 15:30 +0300;AChmykhalov;16200","Проведение итогового тестирования, оформление задачи на Аванкор;12/Nov/25 9:05 +0300;AChmykhalov;7200","Общение с Аванкор для уточнения плана работ по задаче;15/Dec/25 16:57 +0300;AChmykhalov;5400","Анализ доработок Аванкор, проведение тестирования предложенных изменений;30/Dec/25 8:11 +0300;AChmykhalov;7200","Обновление релиза Fin в тестовой базе Srvr=""SMSK02MG138U:6541"";Ref=""AVC_REGR_CLEAN_FIN"";  на версию 2.8.0.0.
Проведение УАТ-тестирования доработок Аванкор;19/Jan/26 16:59 +0300;AChmykhalov;10800","Повторение УАТ тестирования (Аванкор исправил недоработки);26/Jan/26 8:51 +0300;AChmykhalov;7200",,,,,,,,,,,,,,,,,,0,0,79200,"9,223,372,036,854,775,807%",0,0,79200,,,,,,,,,,,IMAPPS-34058,,,,,,,,,"07/Nov/25 12:34 +0300;AChmykhalov;5. Запрос в документе НачислениеПроцентовПоБанковскимСчетам.docx;https://jira/secure/attachment/2443350/5.+%D0%97%D0%B0%D0%BF%D1%80%D0%BE%D1%81+%D0%B2+%D0%B4%D0%BE%D0%BA%D1%83%D0%BC%D0%B5%D0%BD%D1%82%D0%B5+%D0%9D%D0%B0%D1%87%D0%B8%D1%81%D0%BB%D0%B5%D0%BD%D0%B8%D0%B5%D0%9F%D1%80%D0%BE%D1%86%D0%B5%D0%BD%D1%82%D0%BE%D0%B2%D0%9F%D0%BE%D0%91%D0%B0%D0%BD%D0%BA%D0%BE%D0%B2%D1%81%D0%BA%D0%B8%D0%BC%D0%A1%D1%87%D0%B5%D1%82%D0%B0%D0%BC.docx","10/Nov/25 12:59 +0300;AChmykhalov;6. Запрос в документе НачислениеКупонногоДохода.docx;https://jira/secure/attachment/2445414/6.+%D0%97%D0%B0%D0%BF%D1%80%D0%BE%D1%81+%D0%B2+%D0%B4%D0%BE%D0%BA%D1%83%D0%BC%D0%B5%D0%BD%D1%82%D0%B5+%D0%9D%D0%B0%D1%87%D0%B8%D1%81%D0%BB%D0%B5%D0%BD%D0%B8%D0%B5%D0%9A%D1%83%D0%BF%D0%BE%D0%BD%D0%BD%D0%BE%D0%B3%D0%BE%D0%94%D0%BE%D1%85%D0%BE%D0%B4%D0%B0.docx","07/Nov/25 12:35 +0300;AChmykhalov;7. Запрос в документе АмортизацияКомиссийРЕПО.docx;https://jira/secure/attachment/2443352/7.+%D0%97%D0%B0%D0%BF%D1%80%D0%BE%D1%81+%D0%B2+%D0%B4%D0%BE%D0%BA%D1%83%D0%BC%D0%B5%D0%BD%D1%82%D0%B5+%D0%90%D0%BC%D0%BE%D1%80%D1%82%D0%B8%D0%B7%D0%B0%D1%86%D0%B8%D1%8F%D0%9A%D0%BE%D0%BC%D0%B8%D1%81%D1%81%D0%B8%D0%B9%D0%A0%D0%95%D0%9F%D0%9E.docx","12/Nov/25 9:00 +0300;AChmykhalov;d1tFonOpt.cfe;https://jira/secure/attachment/2448394/d1tFonOpt.cfe","05/Nov/25 10:12 +0300;AChmykhalov;ЗадачаJira_ОптимизацияЗакрытияПериода.html;https://jira/secure/attachment/2439660/%D0%97%D0%B0%D0%B4%D0%B0%D1%87%D0%B0Jira_%D0%9E%D0%BF%D1%82%D0%B8%D0%BC%D0%B8%D0%B7%D0%B0%D1%86%D0%B8%D1%8F%D0%97%D0%B0%D0%BA%D1%80%D1%8B%D1%82%D0%B8%D1%8F%D0%9F%D0%B5%D1%80%D0%B8%D0%BE%D0%B4%D0%B0.html","05/Nov/25 10:12 +0300;AChmykhalov;Замеры времени_Полные_10_потоков.docx;https://jira/secure/attachment/2439661/%D0%97%D0%B0%D0%BC%D0%B5%D1%80%D1%8B+%D0%B2%D1%80%D0%B5%D0%BC%D0%B5%D0%BD%D0%B8_%D0%9F%D0%BE%D0%BB%D0%BD%D1%8B%D0%B5_10_%D0%BF%D0%BE%D1%82%D0%BE%D0%BA%D0%BE%D0%B2.docx","12/Nov/25 9:00 +0300;AChmykhalov;Итоговый тест обычного запуска Т-3.docx;https://jira/secure/attachment/2448393/%D0%98%D1%82%D0%BE%D0%B3%D0%BE%D0%B2%D1%8B%D0%B9+%D1%82%D0%B5%D1%81%D1%82+%D0%BE%D0%B1%D1%8B%D1%87%D0%BD%D0%BE%D0%B3%D0%BE+%D0%B7%D0%B0%D0%BF%D1%83%D1%81%D0%BA%D0%B0+%D0%A2-3.docx","19/Jan/26 16:57 +0300;AChmykhalov;ПланУАТ_тестирования_33652.docx;https://jira/secure/attachment/2531525/%D0%9F%D0%BB%D0%B0%D0%BD%D0%A3%D0%90%D0%A2_%D1%82%D0%B5%D1%81%D1%82%D0%B8%D1%80%D0%BE%D0%B2%D0%B0%D0%BD%D0%B8%D1%8F_33652.docx","26/Jan/26 8:51 +0300;AChmykhalov;ПланУАТ_тестирования_33652_Релиз_2_8_0_4.docx;https://jira/secure/attachment/2539963/%D0%9F%D0%BB%D0%B0%D0%BD%D0%A3%D0%90%D0%A2_%D1%82%D0%B5%D1%81%D1%82%D0%B8%D1%80%D0%BE%D0%B2%D0%B0%D0%BD%D0%B8%D1%8F_33652_%D0%A0%D0%B5%D0%BB%D0%B8%D0%B7_2_8_0_4.docx","11/Nov/25 15:26 +0300;AChmykhalov;СводнаяТаблицаИзмененийВКоде_1_7.docx;https://jira/secure/attachment/2447660/%D0%A1%D0%B2%D0%BE%D0%B4%D0%BD%D0%B0%D1%8F%D0%A2%D0%B0%D0%B1%D0%BB%D0%B8%D1%86%D0%B0%D0%98%D0%B7%D0%BC%D0%B5%D0%BD%D0%B5%D0%BD%D0%B8%D0%B9%D0%92%D0%9A%D0%BE%D0%B4%D0%B5_1_7.docx","11/Nov/25 15:26 +0300;AChmykhalov;Технические процедуры 1 - 4.docx;https://jira/secure/attachment/2447661/%D0%A2%D0%B5%D1%85%D0%BD%D0%B8%D1%87%D0%B5%D1%81%D0%BA%D0%B8%D0%B5+%D0%BF%D1%80%D0%BE%D1%86%D0%B5%D0%B4%D1%83%D1%80%D1%8B+1+-+4.docx",,,,,,,,,,,,,,,,,,,,,,,WIM,,,,,,,,,,,,,,,,,,,,,,,,,,,,,https://lk.avancore.ru/tasks/ASP-190889,,,,,,IM Finance,IM Finance,,,,,,,,,,,,,,,,,,,,no,,,,,"0|i3sjjj:",0.0,,,,,,,,,,,,,,,,,,,,,,,,,,,,,,,Да,normal,,,,,"07/Nov/25 12:36 +0300;AChmykhalov;1-4 Технические вопросы

Решено [^Технические процедуры 1 - 4.docx]

Запросы:

5.  Запрос в документе НачислениеПроцентовПоБанковскимСчетам:

Решено [^5. Запрос в документе НачислениеПроцентовПоБанковскимСчетам.docx]

6.  Запрос в документе НачислениеКупонногоДохода

Решено [^6. Запрос в документе НачислениеКупонногоДохода.docx]

7.  Запрос + цикл в документе АмортизацияКомиссийРЕПО (замена на запрос без цикла):

Решено [^7. Запрос в документе АмортизацияКомиссийРЕПО.docx]

^Информация по модулям к доработке (см. расширение) [^СводнаяТаблицаИзмененийВКоде_1_7.docx]^

^Расширение: [^d1tFonOpt.cfe]^

^Итоговое тестирование: [^Итоговый тест обычного запуска Т-3.docx]^

^По результатам применения всех оптимизаций , среднее время выполнения регламента закрытия оптимизируется (на 40 % быстрее)^","12/Nov/25 13:01 +0300;AChmykhalov;|*Коновка Антон* 12.11.25 12:27:41|
| |
|Принята на анализ. Постараемся рассмотреть в течении ноября|","02/Dec/25 11:19 +0300;AChmykhalov;Коновка Антон12/1/2025, 12:35:04 PM
Чмыхалов Алексей (ВИМ ИНВЕСТИЦИИ АО) Добрый день. На этой неделе планируется анализ. Часть пунктов скорее всего внесем в рамках данной задачи бесплатно для вас - Те по которым либо потребуется значительные трудозатраты, либо видим риски будут выделены в отдельную платную задачу с оценкой. План на данный момент такой.
!https://lk.avancore.ru/api/tasks/file/secure/useravatar?size=medium&avatarId=10152! 
Чмыхалов Алексей (ВИМ ИНВЕСТИЦИИ АО)12/1/2025, 1:01:11 PM
Добрый день!

Спасибо за информацию и план работ — всё понятно, подход устраивает.

*Просьба:*
После анализа, пожалуйста, пришлите разбивку: какие пункты войдут бесплатно, а какие потребуют отдельной оценки. Это нужно для согласования с бизнесом.

----

*Важно:* прошу также обратить внимание на *первую часть задачи*, которая была оформлена ранее отдельно:
🔗 [ASP-190216|https://lk.avancore.ru/tasks/ASP-190216]

По ней была выполнена часть работ, по остальным пунктам были вопросы — я на них ответил в комментариях к задаче. Хотелось бы, чтобы эти пункты не потерялись.

Для нас важна реализация *всех пунктов*, поскольку в тестовой базе они уже работают и дают *прирост производительности в 1,5–2 раза*. Неполная реализация существенно снижает этот эффект.

Заранее благодарю!
!https://lk.avancore.ru/api/tasks/file/secure/useravatar?size=medium&ownerId=akonovka&avatarId=14834! 
Коновка Антон12/2/2025, 10:20:22 AM
Чмыхалов Алексей (ВИМ ИНВЕСТИЦИИ АО) Конечно. Мы обязательно сообщим о каждом из пунктов. Совместными усилиями не потеряем ничего","09/Dec/25 15:46 +0300;AChmykhalov;Коцарев Павел
12/9/2025, 3:10:21 PM
Коллеги, добрый день
Занимаюсь анализом ваших замечаний и предложений по оптимизации","11/Dec/25 10:54 +0300;AChmykhalov;Коцарев Павел
12/10/2025, 3:03:43 PM
Коллеги, добрый день
Провел анализ, часть правок будет реализована и доступны в следующей поставке:
1. Запись замеров времени и логов в регистры сведений
Добавил новую константу ""Порог минимального времени замера"" согласно этой настройки операции с временем выполнения не будут фиксироваться в регистре ЗакрытиеПериодаЗамеры данная настройка находится в общих настройках учета на вкладке ""Общие параметры""


screenshot-1.png

В регистр сведений СообщенияЛогов данные будут писаться без учета данной константы, так как необходимо для отображение сделанных изменений после проведения регламентных операций
2. Документ НачислениеКупонногоДохода
Перенес изменения по тексту запроса и по телу основной функции
Дополнительно убрал из текста запроса НАЧАЛОПЕРИОДА из КупонныеПериоды.ДатаОбъявления, КупонныеПериоды.ДатаОкончанияКупонногоПериода и БиржевойНКД.Дата, так как там части Дата, а не ДатаВремя и смысла приравнивать к началу дня нет
3. Документ НачислениеПроцентовПоБанковскимСчетам
Перенес изменения по тексту запроса и по телу основной функции
Правки которые не реализованы:
1. Правки Определение списка вычисляемых операций закрытия периода по каждой дате\портфелю\группе и Определение в каждой операции статуса активности регламента так как эти правки цепляют механизм закрытия периода и рефакторинг может привести к негативным последствиям поэтому нужен более основательный системный анализ
2. Очистка неактивных «исполнителей» (записей в РС о работающих фоновых заданиях) с использованием механизма транзакций, данные правки требуют обсуждения, так как не понимаю влияние транзакций на производительность, потому что любая запись в регистре это транзакция только не явная, как вы определили, что проблема именно в этих транзакциях?
3. Запрос + цикл в документе АмортизацияКомиссийРЕПО данные правки, тоже требуют обсуждения:
3.1 В запросе используется РАЗНОСТЬДАТ, которая не всегда работает очень оптимально и используется в конструкции ВЫБОР КОГДА, что предполагает расчета дат по каждой строке.
Я провел замер времени на функцию:
ОбщегоНазначенияДУ.КоличествоПериодов(ДатаОплатыКомиссии, ДатаПеререгистрацииВторойЧасти, ""День"") и получил время выполнения ~9с на 100 000 записей
Складывается странная ситуация, что мы отказываемся от функций НАЧАЛОДНЯ и используем расчет даты до запроса, но использование сложного условие по расчету даты в теле запроса оптимальным, а расчет даты после запроса для нас считается проблемой
3.2 В теле запроса обнаружил странное соединение (см. скрин), запрос я не понял, поэтому не готово его брат","11/Dec/25 10:55 +0300;AChmykhalov;Чмыхалов Алексей (ВИМ ИНВЕСТИЦИИ АО)
12/11/2025, 9:37:23 AM
Павел, здравствуйте!

Спасибо за проделанную работу и внимательный анализ предложенных изменений. Рад видеть, что часть правок уже внедрена и будет доступна в следующей версии.

1) Контактная информация

Для связи со мной (Алексей): +7 (495) 380-07-93, добавочный 266929. Рабочий телефон, звоните в любое удобное время - всегда готов к обсуждению.

2) Суть проблемы и контекст

Перед тем как перейти к деталям, прошу ознакомиться с приложенным файлом ""Замеры времениПолные_10потоков.docx"" Замеры времениПолные10потоков.docx - там представлены результаты проведенных замеров. Ниже я опишу общую картину и задачи.

Мы работаем над оптимизацией производительности типового регламента закрытия дня. В реальной производственной среде этот процесс занимает существенное время, и наша цель - найти способы его ускорения.

Для проведения измерений я организовал систему так, что все портфели распределены по 10 параллельным потокам. Схема работы: в начале запускается управляющее фоновое задание (выполнить многопоточное закрытие), которое координирует работу и запускает 10 рабочих потоков.

После завершения расчетов в конфигураторе открываются 11 окон с результатами замеров: 10 окон отражают время выполнения задач в каждом потоке, и одно окно показывает время работы самого координатора потоков.

Подход к оптимизации: выявить и проработать участки кода, которые вносят наибольший вклад во время выполнения.

Анализ результатов показал следующую картину. В девяти из десяти потоков основную долю времени занимают три технические операции:

Во-первых, запись замеров времени. Как это ни удивительно, но в совокупности это самая длительная операция. Объяснение простое: очень большое количество портфелей практически не требует расчетов, но замеры времени по ним все равно выполняются. При масштабе в тысячи портфелей это создает значительную нагрузку.

Во-вторых, получение списка вычисляемых операций. Даже когда для портфеля требуется всего одна операция, система выполняет запрос к большой таблице. И это повторяется для каждого портфеля отдельно. Это классический случай неоптимального подхода: один запрос, получающий множество записей, работает значительно быстрее множества запросов, получающих по одной записи.

В-третьих, определение статуса активности регламентного задания. Для каждого портфеля выполняется поиск по идентификатору, чтобы выяснить, активно ли регламентное задание. Это также добавляет накладных расходов.

В одном из потоков (туда попали портфели с определенными типами расчетов) помимо технических операций наблюдаются еще и медленные расчетные операции:

- Запрос в документе Начисление купонного дохода
- Запрос в документе Амортизация комиссий РЕПО

Кроме того, расчетный запрос в документе Начисление процентов по банковским счетам присутствует во всех потоках и также требует оптимизации.

Особое внимание стоит обратить на работу самого координатора потоков. В его окне замеров видно, что основное время (четыре строки) уходит на операции с транзакциями. В приложенном Word файле это блок ""Управляющий поток ВыполнитьМногопоточноеЗакрытие"", включающий операции НачатьТранзакцию, ЗафиксироватьТранзакцию, ОтменитьТранзакцию.

На основе этого анализа я подготовил предложения по оптимизации указанных участков.

3) Ответы на ваши вопросы и замечания

Теперь по вашим вопросам:

Относительно правок по определению списка вычисляемых операций закрытия периода и определению статуса активности регламента:

Эти изменения я тестировал многократно, и они не затрагивают критичные механизмы системы. Вы можете легко это проверить - если бы правки работали некорректно, операции не выбирались бы, и расчеты не выполнялись. На практике все работает стабильно.

Что касается проверки активности регламента при расчете каждого портфеля - мне кажется нет практической необходимости в этой проверке. В продакшн-среде прерывание регламента в процессе работы не практикуется. Если и возникнет такая необходимость (что крайне маловероятно), это будет сделано через остановку сервера. Но в рабочее время такие действия не выполняются.

Относительно очистки неактивных ""исполнителей"" (записей в регистре сведений о работающих фоновых заданиях) с использованием механизма транзакций:

В моих замерах (вы можете провести аналогичный тест по описанной методике) видно, что практически все время работы ""менеджера заданий"" уходит на установку и отмену транзакций. При этом я не вижу объективной необходимости в этих операциях. Прошу более внимательно изучить этот участок кода - возможно, там есть важная логика, которую я не учел, или же это действительно избыточные операции, которые можно оптимизировать.

Это особенно актуально в нашей конфигурации: обработка по одному портфелю на поток, всего около 8000 портфелей. Многие портфели рассчитываются быстрее, чем за 0,1 секунды. В такой ситуации пул из 10 параллельных потоков периодически не успевает пополняться и простаивает.

Механизм следующий: было 10 загруженных потоков, две задачи завершились, освободилось два места. Но они не заполняются сразу, потому что менеджер в это время выполняет очистку регистров через транзакции. За это время могли бы выполниться еще несколько задач, что ускорило бы общий процесс.

Относительно АмортизацияКомиссийРЕПО:

Готов обсудить ваш вариант оптимизации. Понимаю ваши опасения относительно использования РАЗНОСТЬДАТ в запросе и сложных условий в теле запроса. Если у вас есть предложения по более эффективному решению, буду рад их обсудить. Найдем подход, который устроит обе стороны.

Прошу не оставлять эти наблюдения без внимания — они основаны на реальных замерах в копии рабочей базы.","30/Dec/25 8:10 +0300;AChmykhalov;Коцарев Павел
12/22/2025, 10:43:15 AM
Коллеги, добрый день
К сожалению зависли на других задачах, про задачу оптимизации помним, приступим сразу как будет возможность

Коцарев Павел
Коцарев Павел
12/29/2025, 6:26:15 PM
Коллеги, добрый день
Правки по Амортизации РЕПО перенес, решение будет доступно в следующей поставке
Очистка неактивных исполнителей внес правки, только в расширение, отдаю вам на тестирование:
d1tFonOpt.cfe версия 1.02

Чмыхалов Алексей (ВИМ ИНВЕСТИЦИИ АО)
Чмыхалов Алексей (ВИМ ИНВЕСТИЦИИ АО)
12/30/2025, 7:44:31 AM
Добрый день!
Я немного подправил место где вызывать ЗафиксироватьТранзакцию() , чтобы быть ближе к описанию 1С. https://its.1c.ru/db/v8std/content/783/hdoc
Тестирование показало хорошие результаты по данной доработке (очистка неактивных исполнителей)


2025_12_30_07_34_49_Регистр<em>сведений</em>ИсполнителиЗакрытияПериодов<em>Модуль</em>менеджера<em>Конфигуратор</em>.png

Так как раньше транзакция начиналась перед циклом, а потом отменялась - то это занимало много времени.
Теперь по блоку ""Очистка неактивных исполнителей"" все поправлено, спасибо.
Но учтите и мой перенос в коде.

PS Ждем от вас оставшиеся 2 доработки (анализа и реализации) :

Определение списка вычисляемых операций закрытия периода по каждой дате\\портфелю\\группе
Определение в каждой операции статуса активности регламента","12/Jan/26 8:57 +0300;AChmykhalov;Ждем от Аванкор решения 2х последних пунктов: 
📊Определение списка вычисляемых операций закрытия периода по каждой дате\\портфелю\\группе

📍 Модуль: РегистрСведений.НастройкиЗакрытияПериода.МодульМенеджера
🔧 Функция: ПланРеглОпераций() (строка 324)
⚙️ Проблемная операция: Запрос.Выполнить()
📝 Суть: Запрос получает список вычисляемых операций по каждому портфелю на каждую дату и каждую группу регламента. Запрос выполняется многократно в фоновых задачах, что приводит к значительным накладным расходам на обращения к базе данных.
💡Предложение по решению
Вычислить результат запроса сразу в виде структуры таблиц значений перед запуском многопоточности. Передать эту структуру в параметрах многопоточной процедуры. В фоновых задачах не обращаться к базе данных каждый раз, а брать данные из предварительно рассчитанного параметра.
🔍Определение в каждой операции статуса активности регламента

📍 Модуль: ОбщийМодуль.РегламентныеЗаданияСервер.Модуль
🔧 Функция: Задание() (строка 198)
⚙️ Проблемная операция: РегламентныеЗадания.НайтиПоУникальномуИдентификатору()
📝 Суть: Каждое выполнение операции для каждого портфеля проверяет, активно ли регламентное задание. Для многопоточного регламентного проведения эта проверка избыточна, так как состояние регламентного задания не изменяется во время выполнения. Время получения фонового задания по GUID существенное и при большом количестве портфелей приводит к значительным задержкам.
💡Предложение по решению
Добавить механизм отключения проверки активности регламента через параметры. При вызове многопоточной процедуры установить флаг ПропуститьПроверкуАктивностиРегламента в структуре ДопПараметры. Проверка будет выполняться один раз на уровне главного процесса перед запуском многопоточности, а во всех потоках проверка будет пропускаться.","12/Jan/26 10:43 +0300;AChmykhalov;Коцарев Павел
Коцарев Павел
1/12/2026, 10:40:32 AM
Проглядел расположение ЗафиксироватьТранзакцию(), исправил. Решение будет доступно в следующей поставке

Чмыхалов Алексей (ВИМ ИНВЕСТИЦИИ АО)
Чмыхалов Алексей (ВИМ ИНВЕСТИЦИИ АО)
1/12/2026, 10:42:43 AM
Добрый день! С НГ! Давайте вернемся к 2-м оставшимся пунктам.","13/Jan/26 12:31 +0300;AChmykhalov;Коцарев Павел
Коцарев Павел
1/13/2026, 11:32:01 AM
Добрый день и вас с прошедшим НГ
*Два пункта выделили в отдельную задачу: ASP-195246*   

PS Завел новый сабтаск для синхронизации с новой задачей Аванкор https://jira/browse/IMAPPS-34805","14/Jan/26 8:42 +0300;AChmykhalov;Коновка Антон 14.01.26 7:42:34 
 
Доступно в поставке 2.8.0.0
","19/Jan/26 14:05 +0300;AChmykhalov;Вопросы после тестирования:
Чмыхалов Алексей (ВИМ ИНВЕСТИЦИИ АО)
Чмыхалов Алексей (ВИМ ИНВЕСТИЦИИ АО)
1/19/2026, 1:52:25 PM
Павел, добрый день!

1) Не так реализовано отключение логирования для операций время которых меньше новой Константы ПорогМинимальногоВремениЗамера
Логирование происходит в ВыполнитьИсполняемуюПроцедуруЗакрытияПериода, и корректное время замера не должно включать сами операции логирования (запись в журнал регистрации, запись логов)
Посмотрите пожалуйста еще раз расширение , процедуру ВыполнитьИсполняемуюПроцедуруЗакрытияПериода модуля менеджера справочника ВидыОперацийЗакрытияПериода - там указано предлагаемое решение.
Еще раз подчеркну - нет только сам замер, но и записьв ЖР и в Лог также не нужны если время менее чем в константе ПорогМинимальногоВремениЗамера

2)
Не увидел внесенных изменений по Вашему описанию:
""
...Документ НачислениеПроцентовПоБанковскимСчетам
Перенес изменения по тексту запроса и по телу основной функции
""
НО
Процедуры
ЗаполнитьСписокНачисленийДепозитыИМНО_ТекстЗапроса
ЗаполнитьСписокНачисленийДепозитыИМНО

не изменились!

Чмыхалов Алексей (ВИМ ИНВЕСТИЦИИ АО)
Чмыхалов Алексей (ВИМ ИНВЕСТИЦИИ АО)
1/19/2026, 2:01:28 PM
По НачислениеПроцентовПоБанковскимСчетам уточню - в запросе не внесены изменения связанные с выносом проверки через поля через точку ""НачислениеПроцентов"" из виртуальных таблиц во временную в конце запроса.","19/Jan/26 16:58 +0300;AChmykhalov;Провел УАТ тестирование, замечания направил Аванкору  [^ПланУАТ_тестирования_33652.docx] ","20/Jan/26 13:31 +0300;AChmykhalov;Коновка Антон
Коновка Антон
1/19/2026, 2:57:02 PM
Странно, проверим","21/Jan/26 10:57 +0300;AChmykhalov;Коцарев Павел
Коцарев Павел
1/21/2026, 10:33:00 AM
Коллеги, добрый день
П. 1 Исправлено
П. 2 Перенес код в конфигурацию
Решение будет доступно в следующей поставке","23/Jan/26 8:52 +0300;AChmykhalov;Коновка Антон
Коновка Антон
1/22/2026, 10:39:58 PM
Доступно в поставке 2.8.0.4","26/Jan/26 8:51 +0300;AChmykhalov;Проведено УАТ тестирование  [^ПланУАТ_тестирования_33652_Релиз_2_8_0_4.docx] (успешно)","28/Jan/26 12:50 +0300;AChmykhalov;*Предусловия внедрения:*
 * 
 ** Паспорт объекта внедрения слинкован с задачей: -
 ** MergeRequest прошел ревью и принят в MAIN: -
 ** Слинкована DEPLOY-задача: да

*План внедрения:*
 * 
 ** Тип объекта внедрения: конфигурация
 ** Название объекта внедрения: FIN20
 ** Объект внедрения новый: нет
 ** База внедрения: PROD_AVC_FIN20, PROD_AVC_SEP_FIN20
 ** MergeRequest в GIT или номер коммита в DEV-хранилище: -
 ** Помещено в каталог автозагрузки: -
 ** Версия: *не ниже 2.8.0.4*  
 ** График внедрения: планово

         *Дополнительные действия:*
 * 
 ** Выполнить настройки: не требуется
 ** Дополнительные действия при внедрении: не требуется",,,,,,,,,,,,,,,,,,,,,,,
Аванкор. [ДУ 2.0] Оптимизация запросов регламента закрытия (для ТОП-5 по времени операций),IMDEV-8637,825736,696650,Sub-Task,Closed,IMDEV,IM Development,software,AKonstantinov,,,Medium,Done,AChmykhalov,KIkonnikov,AChmykhalov,01/Nov/25 11:23 +0300,06/Apr/26 18:18 +0300,14/Sep/26 5:36 +0300,16/Feb/26 9:05 +0300,,AvancoreFinance,,CAB,Retail_DU,,"*Ссылка на исходную задачу:*
https://jira/browse/IMAPPS-29199
_Медленно выполняются общие регламентные операции_
----
h2. 📋 Общее описание

В рамках задачи *IMAPPS-29199* выявлены наиболее медленные операции регламента закрытия, требующие оптимизации. Необходимо провести рефакторинг запросов и алгоритмов для *топ-5 операций*, которые занимают максимальное время выполнения.
----
h2. ⚙️ Список операций для оптимизации
h3. 1️⃣ Погашение НКД(БУ)

*Операция:* {{Операция_0050_ПереводНКДВЗадолженностьЭмитента}}
h4. Общие модули:
 * «Учет Активов ЕПС»
 ** Функция: {{ОстаткиНКД}}
 * «Валютный Учет ЕПС»
 ** Функция: {{ПереоцениваемыеОстаткиПоСчетам}}

*📝 Примечание:* Текст запроса строится динамически от входных данных. Требуется реализовать *автоматическое приведение к типу*.
h4. Документ (модуль объекта): {{ПереводНКДВЗадолженностьЭмитента}}
 * Процедура: {{ЗаполнитьСтруктурныеНотыЕПС}}
 * Процедура: {{ЗаполнитьКупоннымиПериодамиПоОбратномуРЕПО}}
 * Процедура: {{ЗаполнитьИстекшимиКупоннымиПериодамиРСБУ}}
 * Процедура: {{ЗаполнитьСтруктурныеНотыРСБУ}}
 * Процедура: {{ЗаполнитьСтарыеКупоныРСБУ}}
h3. 2️⃣ Начисление процентов по банковским счетам по графику выплат

*Операция:* {{Операция_0025_НачислениеПроцентовПоБанковскимСчетамПоГрафикуВыплат}}
h4. Документ (модуль объекта): {{НачислениеПроцентовПоБанковскимСчетам}}
 * Функция: {{НакопленныеСуммыПроцентовРСБУ}} 30% времени
 * Функция: {{ЗаполнитьСписокНачисленийДепозитыИМНО_ТекстЗапроса}} 24% времени
h3. 3️⃣ Погашение облигаций до переоценки (БУ)

*Операция:* {{Операция_0058_ПогашениеОблигаций_ДоПереоценки}}
h4. Документ (модуль объекта): {{ПогашениеОблигаций}}
 * Функция: {{ОстаткиАктивовПоСделкамРЕПО}} 30% времени
 * Процедура: {{ЗаполнитьЦенныеБумаги}} 30% времени
 * Процедура: {{ПолучитьОстаткиПоЕПС}} 13% времени

h4. Справочник (модуль менеджера): {{Облигации}}
 * Функция: {{ПолучитьДанныеАмортизации}}
h3. 4️⃣ Установка котировок ц/б

*Операция:* {{Операция_0010_УстановкаКотировок}}
h4. Документ (модуль объекта): {{УстановкаКотировокЦБ}}
 * Функция: {{СписокЦБ_БУ}}
 * Процедура: {{ПередЗаписью}}

h4. Регистр сведений (модуль менеджера): {{КотировкиЦБНаБирже}}
 * Функция: {{МенеджерКотировокПоСпискуЦБ}}
h3. 5️⃣ Переоценка ц/б (ЕПС)

*Операция:* {{Операция_0110_ПереоценкаАктивов}}
h4. Документ (модуль объекта): {{ПереоценкаАктивов}}
 * Функция: {{ТекстЗапроса_ОстаткиОблигации}} + Функция: {{ОстаткиОблигации}} 35% времени
 * Функция: {{ТекстЗапроса_ОстаткиКорректировки}} + Функция: {{ОстаткиКорректировки}} 6% времени
 * Функция: {{ТекстЗапроса_ОстаткиПереоценки}} 6% времени
 * Функция: {{ТекстЗапроса_ОстаткиПереоценкиПриПереходеНаЕПС}} + Функция: {{ОстаткиПереоценкиПриПереходеНаЕПС}} 6% времени

*✅ Общий модуль «Валютный Учет ЕПС»*
Функция уже оптимизирована ранее (см. раздел ""Погашение НКД(БУ)"")",AChmykhalov,KIkonnikov,,,,,,,"Анализ выполненных работ и замечаний вендора. Внесение предложений по устранению замечаний.;19/Nov/25 10:02 +0300;AChmykhalov;3600","ИТ тестирование доработок Аванкор в релизе 2.7.10.4. по оптимизации запросов регламента закрытия;24/Nov/25 11:59 +0300;AChmykhalov;3600","тестирование доработок по коду и запуск регламентов в релизе 2.7.11.4;12/Jan/26 16:05 +0300;AChmykhalov;5400",,,,,,,,,,,,,,,,,,,,,,,0,0,12600,"9,223,372,036,854,775,807%",0,0,12600,,,,,,,,,,,IMAPPS-34058,,,,,,,,,"01/Nov/25 11:28 +0300;AChmykhalov;_1_image-2025-10-22-09-21-21-890.png;https://jira/secure/attachment/2437831/_1_image-2025-10-22-09-21-21-890.png","01/Nov/25 11:28 +0300;AChmykhalov;_2_image-2025-10-22-09-21-33-200.png;https://jira/secure/attachment/2437832/_2_image-2025-10-22-09-21-33-200.png","01/Nov/25 15:52 +0300;AChmykhalov;d1tRegl.cfe;https://jira/secure/attachment/2438428/d1tRegl.cfe","01/Nov/25 11:29 +0300;AChmykhalov;Операция_0010_УстановкаКотировок.docx;https://jira/secure/attachment/2437842/%D0%9E%D0%BF%D0%B5%D1%80%D0%B0%D1%86%D0%B8%D1%8F_0010_%D0%A3%D1%81%D1%82%D0%B0%D0%BD%D0%BE%D0%B2%D0%BA%D0%B0%D0%9A%D0%BE%D1%82%D0%B8%D1%80%D0%BE%D0%B2%D0%BE%D0%BA.docx","01/Nov/25 11:29 +0300;AChmykhalov;Операция_0025_НачислениеПроцентовПоБанковскимСчетамПоГрафикуВыплат.docx;https://jira/secure/attachment/2437844/%D0%9E%D0%BF%D0%B5%D1%80%D0%B0%D1%86%D0%B8%D1%8F_0025_%D0%9D%D0%B0%D1%87%D0%B8%D1%81%D0%BB%D0%B5%D0%BD%D0%B8%D0%B5%D0%9F%D1%80%D0%BE%D1%86%D0%B5%D0%BD%D1%82%D0%BE%D0%B2%D0%9F%D0%BE%D0%91%D0%B0%D0%BD%D0%BA%D0%BE%D0%B2%D1%81%D0%BA%D0%B8%D0%BC%D0%A1%D1%87%D0%B5%D1%82%D0%B0%D0%BC%D0%9F%D0%BE%D0%93%D1%80%D0%B0%D1%84%D0%B8%D0%BA%D1%83%D0%92%D1%8B%D0%BF%D0%BB%D0%B0%D1%82.docx","01/Nov/25 11:29 +0300;AChmykhalov;Операция_0050_ПереводНКДВЗадолженностьЭмитента.docx;https://jira/secure/attachment/2437845/%D0%9E%D0%BF%D0%B5%D1%80%D0%B0%D1%86%D0%B8%D1%8F_0050_%D0%9F%D0%B5%D1%80%D0%B5%D0%B2%D0%BE%D0%B4%D0%9D%D0%9A%D0%94%D0%92%D0%97%D0%B0%D0%B4%D0%BE%D0%BB%D0%B6%D0%B5%D0%BD%D0%BD%D0%BE%D1%81%D1%82%D1%8C%D0%AD%D0%BC%D0%B8%D1%82%D0%B5%D0%BD%D1%82%D0%B0.docx","01/Nov/25 11:29 +0300;AChmykhalov;Операция_0052_АмортизацияПремииДисконта.docx;https://jira/secure/attachment/2437846/%D0%9E%D0%BF%D0%B5%D1%80%D0%B0%D1%86%D0%B8%D1%8F_0052_%D0%90%D0%BC%D0%BE%D1%80%D1%82%D0%B8%D0%B7%D0%B0%D1%86%D0%B8%D1%8F%D0%9F%D1%80%D0%B5%D0%BC%D0%B8%D0%B8%D0%94%D0%B8%D1%81%D0%BA%D0%BE%D0%BD%D1%82%D0%B0.docx","01/Nov/25 11:29 +0300;AChmykhalov;Операция_0058_ПогашениеОблигаций_ДоПереоценки.docx;https://jira/secure/attachment/2437843/%D0%9E%D0%BF%D0%B5%D1%80%D0%B0%D1%86%D0%B8%D1%8F_0058_%D0%9F%D0%BE%D0%B3%D0%B0%D1%88%D0%B5%D0%BD%D0%B8%D0%B5%D0%9E%D0%B1%D0%BB%D0%B8%D0%B3%D0%B0%D1%86%D0%B8%D0%B9_%D0%94%D0%BE%D0%9F%D0%B5%D1%80%D0%B5%D0%BE%D1%86%D0%B5%D0%BD%D0%BA%D0%B8.docx","01/Nov/25 11:29 +0300;AChmykhalov;Операция_0110_ПереоценкаАктивов.docx;https://jira/secure/attachment/2437841/%D0%9E%D0%BF%D0%B5%D1%80%D0%B0%D1%86%D0%B8%D1%8F_0110_%D0%9F%D0%B5%D1%80%D0%B5%D0%BE%D1%86%D0%B5%D0%BD%D0%BA%D0%B0%D0%90%D0%BA%D1%82%D0%B8%D0%B2%D0%BE%D0%B2.docx","25/Nov/25 7:19 +0300;AChmykhalov;ПланИТТестированияДоработокАванкор.docx;https://jira/secure/attachment/2468699/%D0%9F%D0%BB%D0%B0%D0%BD%D0%98%D0%A2%D0%A2%D0%B5%D1%81%D1%82%D0%B8%D1%80%D0%BE%D0%B2%D0%B0%D0%BD%D0%B8%D1%8F%D0%94%D0%BE%D1%80%D0%B0%D0%B1%D0%BE%D1%82%D0%BE%D0%BA%D0%90%D0%B2%D0%B0%D0%BD%D0%BA%D0%BE%D1%80.docx","12/Jan/26 16:11 +0300;AChmykhalov;ПроверимВремяРегламентовПослеРелиза_2_7_11_4.docx;https://jira/secure/attachment/2521287/%D0%9F%D1%80%D0%BE%D0%B2%D0%B5%D1%80%D0%B8%D0%BC%D0%92%D1%80%D0%B5%D0%BC%D1%8F%D0%A0%D0%B5%D0%B3%D0%BB%D0%B0%D0%BC%D0%B5%D0%BD%D1%82%D0%BE%D0%B2%D0%9F%D0%BE%D1%81%D0%BB%D0%B5%D0%A0%D0%B5%D0%BB%D0%B8%D0%B7%D0%B0_2_7_11_4.docx","12/Jan/26 13:57 +0300;AChmykhalov;Сверка_внесенных_изменений_33625.docx;https://jira/secure/attachment/2520992/%D0%A1%D0%B2%D0%B5%D1%80%D0%BA%D0%B0_%D0%B2%D0%BD%D0%B5%D1%81%D0%B5%D0%BD%D0%BD%D1%8B%D1%85_%D0%B8%D0%B7%D0%BC%D0%B5%D0%BD%D0%B5%D0%BD%D0%B8%D0%B9_33625.docx","01/Nov/25 15:50 +0300;AChmykhalov;Сравнение замеров выполнения операции закрытия периодов.docx;https://jira/secure/attachment/2438423/%D0%A1%D1%80%D0%B0%D0%B2%D0%BD%D0%B5%D0%BD%D0%B8%D0%B5+%D0%B7%D0%B0%D0%BC%D0%B5%D1%80%D0%BE%D0%B2+%D0%B2%D1%8B%D0%BF%D0%BE%D0%BB%D0%BD%D0%B5%D0%BD%D0%B8%D1%8F+%D0%BE%D0%BF%D0%B5%D1%80%D0%B0%D1%86%D0%B8%D0%B8+%D0%B7%D0%B0%D0%BA%D1%80%D1%8B%D1%82%D0%B8%D1%8F+%D0%BF%D0%B5%D1%80%D0%B8%D0%BE%D0%B4%D0%BE%D0%B2.docx","01/Nov/25 11:26 +0300;AChmykhalov;ТаблицаМедленныхПроцедурИсполнения29199.docx;https://jira/secure/attachment/2437829/%D0%A2%D0%B0%D0%B1%D0%BB%D0%B8%D1%86%D0%B0%D0%9C%D0%B5%D0%B4%D0%BB%D0%B5%D0%BD%D0%BD%D1%8B%D1%85%D0%9F%D1%80%D0%BE%D1%86%D0%B5%D0%B4%D1%83%D1%80%D0%98%D1%81%D0%BF%D0%BE%D0%BB%D0%BD%D0%B5%D0%BD%D0%B8%D1%8F29199.docx",,,,,,,,,,,,,,,,,,,,WIM,,,,,,,,,,,,,,,,,,,,,,,,,,,,,https://lk.avancore.ru/tasks/ASP-190216,,,,,,IM Finance,IM Finance,,,,,,,,,,,,,,,,,,,,no,,,,,"0|i3sdx3:",0.0,,,,,,,,,,,,,,,,,,,,,,,,,,,,,,,Да,normal,,,,,"01/Nov/25 11:26 +0300;AChmykhalov;!_1_image-2025-10-22-09-21-21-890.png|thumbnail!

!_2_image-2025-10-22-09-21-33-200.png|thumbnail!

[^ТаблицаМедленныхПроцедурИсполнения29199.docx]","01/Nov/25 11:31 +0300;AChmykhalov;Предлагаемые вендору доработки по каждой операции:

[^Операция_0050_ПереводНКДВЗадолженностьЭмитента.docx]

[^Операция_0025_НачислениеПроцентовПоБанковскимСчетамПоГрафикуВыплат.docx]

[^Операция_0058_ПогашениеОблигаций_ДоПереоценки.docx]

[^Операция_0010_УстановкаКотировок.docx]

[^Операция_0110_ПереоценкаАктивов.docx]

[^Операция_0052_АмортизацияПремииДисконта.docx]","01/Nov/25 15:52 +0300;AChmykhalov;Сводное тестирование: [^Сравнение замеров выполнения операции закрытия периодов.docx]

Файл расширения: [^d1tRegl.cfe]","19/Nov/25 10:01 +0300;AChmykhalov;Коцарев Павел11/18/2025, 11:02:08 AM
Добрый день, перенес ваши правки, но не все, решение будет доступно в следующей поставке:
*Операция: Операция_0050_ПереводНКДВЗадолженностьЭмитента*
Общие модули: Учет Активов ЕПС
Функция: ОстаткиНКД перенес правки
«Валютный Учет ЕПС»
Функция: ПереоцениваемыеОстаткиПоСчетам не добавил, так как не учтен момент с значением разных типов в массиве
Документ (модуль объекта): ПереводНКДВЗадолженностьЭмитента перенес правки
Процедура: ЗаполнитьСтруктурныеНотыЕПС
Процедура: ЗаполнитьКупоннымиПериодамиПоОбратномуРЕПО
Процедура: ЗаполнитьИстекшимиКупоннымиПериодамиРСБУ
Процедура: ЗаполнитьСтруктурныеНотыРСБУ
Процедура: ЗаполнитьСтарыеКупоныРСБУ
*Операция: Операция_0025_НачислениеПроцентовПоБанковскимСчетамПоГрафикуВыплат*
Документ (модуль объекта): НачислениеПроцентовПоБанковскимСчетам
Функция: НакопленныеСуммыПроцентовРСБУ ошибка в функции, вы добавили условие на список субконто, но это отличается от логики запроса, если есть счет и на нем нет субконто сделки МНО (расчетные счета), то они не попадут в выборку
Функция: ЗаполнитьСписокНачисленийДепозитыИМНО_ТекстЗапроса перенес правки
*Операция: Операция_0058_ПогашениеОблигаций_ДоПереоценки*
Документ (модуль объекта): ПогашениеОблигаций перенес правки
Функция: ОстаткиАктивовПоСделкамРЕПО
Процедура: ЗаполнитьЦенныеБумаги
Процедура: ПолучитьОстаткиПоЕПС
Справочник (модуль менеджера): Облигации
Функция: ПолучитьДанныеАмортизации частично перенес правки, есть готовый метод: АктивСерверПовтИсп.ЭтоОблигация()
*Операция: Операция_0010_УстановкаКотировок*
Документ (модуль объекта): УстановкаКотировокЦБ
Функция: СписокЦБ_БУ
Процедура: ПередЗаписью пока не готов брать, не увидел необходимость оптимизации, возможно нужен дополнительный анализ
Регистр сведений (модуль менеджера): КотировкиЦБНаБирже
Функция: МенеджерКотировокПоСпискуЦБ перенес индексацию, но оптимизацию с периодом не понял какая связь с условием запроса и оптимизации использования индексов(в запросе в расширении не убрали НАЧАЛОПЕРИОДА, возможно забыли это сделать)
*Операция: Операция_0110_ПереоценкаАктивов*
Документ (модуль объекта): ПереоценкаАктивов перенес правки
Функция: ТекстЗапроса_ОстаткиОблигации + Функция: ОстаткиОблигации
Функция: ТекстЗапроса_ОстаткиКорректировки + Функция: ОстаткиКорректировки
Функция: ТекстЗапроса_ОстаткиПереоценки
Функция: ТекстЗапроса_ОстаткиПереоценкиПриПереходеНаЕПС + Функция: ОстаткиПереоценкиПриПереходеНаЕПС","19/Nov/25 10:01 +0300;AChmykhalov;Чмыхалов Алексей (ВИМ ИНВЕСТИЦИИ АО)11/19/2025, 9:59:16 AM
Спасибо большое!
Есть небольшие пожелания по замечаниям:

1. Операция: Операция0050ПереводНКДВЗадолженностьЭмитента
  Функция: ПереоцениваемыеОстаткиПоСчетам
  Проблема: Не учтена ситуация с различными типами данных в массиве значений.
  Предложение: Реализовать проверку однородности типов элементов массива перед применением 
  функции ВЫРАЗИТЬ. Данная оптимизация позволит ускорить выполнение расчетов и предотвратить 
  потенциальные ошибки при работе с разнотипными данными.
  Решение: Использовать функцию ВозможноВыразить для валидации возможности применения 
  ВЫРАЗИТЬ к массиву значений (см. приложенный файл с реализацией [СформироватьУсловиеСВЫРАЗИТЬ.bsl|https://lk.avancore.ru/api/tasks/file/secure/attachment/875410/%D0%A1%D1%84%D0%BE%D1%80%D0%BC%D0%B8%D1%80%D0%BE%D0%B2%D0%B0%D1%82%D1%8C%D0%A3%D1%81%D0%BB%D0%BE%D0%B2%D0%B8%D0%B5%D0%A1%D0%92%D0%AB%D0%A0%D0%90%D0%97%D0%98%D0%A2%D0%AC.bsl]).

2. Операция: Операция0010УстановкаКотировок

2.1. Проблема производительности: Проверка принадлежности к виду актива
  Текущая реализация:
  Если НЕ СтрокаТЧ.Актив.ВидАктива.ПринадлежитЭлементу(ПланыВидовХарактеристик.ВидыАктивов.Облигации)
  Назначение: Определение типа актива для обнуления НКД (если актив не является облигацией, 
  то НКД = 0).
  Проблема: Метод ПринадлежитЭлементу демонстрирует низкую производительность при частых вызовах.
  Вопрос: Существует ли альтернативный способ определения типа актива (облигация/не облигация), 
  не использующий метод ПринадлежитЭлементу?

2.2. Оптимизация запросов: Вычисление параметров до выполнения запроса
  Проблема: В функции МенеджерКотировокПоСпискуЦБ не удалена функция НАЧАЛОПЕРИОДА из запроса.
  Рекомендация: Вычислять параметры запроса до его выполнения, а не внутри текста запроса.
  Обоснование: Практика показывает, что вычисление параметров даты до выполнения запроса 
  может сократить время выполнения запроса в 10 раз. Построитель запросов 1С генерирует 
  неоптимальный код при вычислении дат внутри запроса, в отличие от использования 
  предварительно вычисленных фиксированных значений.","25/Nov/25 7:19 +0300;AChmykhalov;Чмыхалов Алексей (ВИМ ИНВЕСТИЦИИ АО)11/24/2025, 1:38:40 PM
Забыл еще дописать:

3. Операция0025НачислениеПроцентовПоБанковскимСчетамПоГрафикуВыплат

По замечанию: ""Ошибка в функции, вы добавили условие на список субконто, но это отличается от логики запроса, если есть счет и на нем нет субконто сделки МНО (расчетные счета), то они не попадут в выборку"".

В функции НакопленныеСуммыПроцентовРСБУ в запросах к виртуальной таблице Остатки и таблице Обороты используется условие:
  Счет = &СчетПроцентов

где параметр &СчетПроцентов явно устанавливается счетом 76.04.4 (ПС.РасчетыПоБанковскимСчетам).
Данный счет в плане счетов хозрасчетный содержит все 3 субконто (т.е. на этом счете в том числе есть субконто Сделки МНО)

Или я не так понял?
Не пропадайте плиз, тут все доработки влияют на производительность, желательно от них не отказываться по возможности","25/Nov/25 7:19 +0300;AChmykhalov;ИТ тестирование доработок Аванкор [^ПланИТТестированияДоработокАванкор.docx]","08/Dec/25 14:35 +0300;AChmykhalov;Коцарев Павел
12/8/2025, 2:21:24 PM
Коллеги, добрый день, прошу прощения за долгий ответ:
По правкам:
1. Операция0050ПереводНКДВЗадолженностьЭмитента: Использовать функцию ВозможноВыразить для валидации возможности применения ВЫРАЗИТЬ к массиву значений - правки перенес
2. Операция: Операция0010УстановкаКотировок:
2.1. В предыдущий раз в качестве оптимизации был заменено использование определение типа актива с СтрокаТЧ.Актив.ВидАктива.ПринадлежитЭлементу(ПланыВидовХарактеристик.ВидыАктивов.Облигации) на вызов функции модуля повторного использования:


screenshot-1.png

2.2. В своей практике сталкивался только с тем когда на производительность сильно влияла функция ""РАЗНОСТЬДАТ"", с ""НАЧАЛОПЕРИОДА"" таких сложностей в моей практики не было, но ссылаться на личный опыт это такой себе аргумент, нашел рекомендации 1С про вычисления по возможности дат до запроса - правки перенес
3. Операция0025НачислениеПроцентовПоБанковскимСчетамПоГрафикуВыплат: - здесь я проглядел момент, что устанавливается один счет с определенным набором субконто - правки перенес
Решение будет доступно в следующей поставке","12/Jan/26 13:45 +0300;KIkonnikov;[~AChmykhalov] мы по этой задаче ждем поставку от вендора или все готово и нужно толкать задачу дальше по статусам? В задаче поле Paid не актуализировано.","12/Jan/26 13:57 +0300;AChmykhalov;По оплате они не писали ничего что требуется согласовать, делают в рамках текущего обслуживания. Установил статус Paid = None.

Поставка у нас уже есть 2.7.11.4 (в хранилище вендора).
Я сейчас сверил что весь код перенесен корректно.  [^Сверка_внесенных_изменений_33625.docx] 
Еще планирую запустить на тестовой базе расчет регламентов, отпишусь в комментарии когда обновлю свою базу и регламент отработает. Потом можно двигать.

","12/Jan/26 16:13 +0300;AChmykhalov; [^ПроверимВремяРегламентовПослеРелиза_2_7_11_4.docx]  - ошибок проведения регламентов в релизе 2.7.11.4  не обнаружено. Топ-5 по времени (медленных) процедур оптимизированы и исчезли из топ медленных в замерах.  ","13/Jan/26 10:41 +0300;KIkonnikov;Для ссылающихся на вендорскую Jira задач (заполнено поле External Ref) нужно заполнять поле Paid:
 * yes: задача платная (как следствие заполнить поля Cost Center и Ext Estimate);
 * no: вендор сделал бесплатно;
 * tbd: пока не известно, позже проясню.

В твоем случае в поле Paid нужно указать no","13/Jan/26 10:53 +0300;AChmykhalov;Понятно, указал no","13/Jan/26 13:18 +0300;AChmykhalov;*Предусловия внедрения:*
 * 
 ** Паспорт объекта внедрения слинкован с задачей: -
 ** MergeRequest прошел ревью и принят в MAIN: -
 ** Слинкована DEPLOY-задача: да

*План внедрения:*
 * 
 ** Тип объекта внедрения: конфигурация
 ** Название объекта внедрения: FIN20
 ** Объект внедрения новый: нет
 ** База внедрения: PROD_AVC_FIN20, PROD_AVC_SEP_FIN20
 ** MergeRequest в GIT или номер коммита в DEV-хранилище: -
 ** Помещено в каталог автозагрузки: -
 ** Версия: *не ниже 2.7.11.4*  
 ** График внедрения: планово

         *Дополнительные действия:*
 * 
 ** Выполнить настройки: не требуется
 ** Дополнительные действия при внедрении: не требуется",,,,,,,,,,,,,,,,,,,,,,,,,,,
Медленно выполняются общие регламентные операции ,IMDEV-8636,696650,,Change Request,Closed,IMDEV,IM Development,software,AKonstantinov,,,High,Done,AChmykhalov,AArnaut,ELoevets,13/Jan/25 9:40 +0300,06/May/26 11:55 +0300,14/Sep/26 5:36 +0300,06/May/26 10:32 +0300,,AvancoreFinance,,CAB,Retail_DU,RGS,10.01 медленно выполнялись регламентные операции - к 13 часам выполнилось около 30%,AArnaut,AChmykhalov,EIvanova,ELoevets,EShved,JiraAutomate,KIkonnikov,MKusova,"переписка, созвон, анализ и мониторинг;13/Jan/25 9:54 +0300;ELoevets;3600","анализ, переписка, звонок, формирование письма ;14/Jan/25 10:05 +0300;ELoevets;1800",";23/Jan/25 9:48 +0300;ELoevets;900",";28/Jan/25 10:27 +0300;ELoevets;900","передала тестовую базу вендору;14/Feb/25 17:58 +0300;ELoevets;900",";17/Feb/25 18:51 +0300;ELoevets;1800",";07/Mar/25 10:29 +0300;ELoevets;900",";10/Mar/25 11:42 +0300;ELoevets;900","передала файлик в лк вендора;10/Mar/25 17:53 +0300;ELoevets;900",";11/Mar/25 18:16 +0300;ELoevets;900",";25/Mar/25 9:47 +0300;ELoevets;900",";26/Mar/25 10:12 +0300;ELoevets;1800",";15/Apr/25 17:55 +0300;ELoevets;900",";17/Apr/25 10:05 +0300;ELoevets;900",";03/Jun/25 10:02 +0300;ELoevets;900",";04/Jun/25 9:54 +0300;ELoevets;2700","Составление перечня процедур исполнения, которые можно анализировать с целью оптимизации;22/Oct/25 13:00 +0300;AChmykhalov;900","Исследование возможности оптимизации расчета ""Погашение НКД(БУ)"": Операция_0050_ПереводНКДВЗадолженностьЭмитента ;23/Oct/25 9:03 +0300;AChmykhalov;14400","Проведение замеров производительности исполняемой процедуры Погашение НКД(БУ), выявление процедур к оптимизации запроса;24/Oct/25 12:11 +0300;AChmykhalov;1800","Оптимизация процедур:
-  ПереводНКДВЗадолженностьЭмитента: Процедура ЗаполнитьСтруктурныеНотыЕПС
-  ПереводНКДВЗадолженностьЭмитента: Процедура ЗаполнитьКупоннымиПериодамиПоОбратномуРЕПО
- ПереводНКДВЗадолженностьЭмитента: Процедура ЗаполнитьИстекшимиКупоннымиПериодамиРСБУ
- ПереводНКДВЗадолженностьЭмитента: Процедура ЗаполнитьСтруктурныеНотыРСБУ
- ПереводНКДВЗадолженностьЭмитента: Процедура ЗаполнитьСтарыеКупоныРСБУ
;27/Oct/25 8:52 +0300;AChmykhalov;16200","Расчет ""Погашение НКД(БУ)""
Оптимизация процедур:
- Общий модуль «Учет Активов ЕПС»: Функция ОстаткиНКД
- Общий модуль «Валютный Учет ЕПС»: Функция ПереоцениваемыеОстаткиПоСчетам (текст запроса строится динамически от вх.данных) 
;28/Oct/25 12:12 +0300;AChmykhalov;16200","Операция_0025_НачислениеПроцентовПоБанковскимСчетамПоГрафикуВыплат
Документ (модуль объекта):
-  НачислениеПроцентовПоБанковскимСчетам: Функция НакопленныеСуммыПроцентовРСБУ (30% времени)
-  НачислениеПроцентовПоБанковскимСчетам: Функция ЗаполнитьСписокНачисленийДепозитыИМНО_ТекстЗапроса (24% времени)

Операция_0058_ПогашениеОблигаций_ДоПереоценки
Документ ПогашениеОблигаций (модуль объекта):
-  Функция ОстаткиАктивовПоСделкамРЕПО (30% времени)
- Процедура ЗаполнитьЦенныеБумаги (30%)
-  Процедура ПолучитьОстаткиПоЕПС (13%)
Справочник Облигации (модуль менеджера):
-  Функция ПолучитьДанныеАмортизации (много проходов, и неоптимальное получение данных в цикле);29/Oct/25 13:25 +0300;AChmykhalov;16200","Оптимизация расчета ""Установка котировок ц/б""
Операция: Операция_0010_УстановкаКотировок

Документ УстановкаКотировокЦБ (модуль объекта):
-  Функция СписокЦБ_БУ
- Процедура ПередЗаписью
Регистр сведений КотировкиЦБНаБирже (модуль менеджера)
	- Функция МенеджерКотировокПоСпискуЦБ
;30/Oct/25 14:54 +0300;AChmykhalov;16200","Переоценка ц/б (ЕПС)
Операция: Операция_0110_ПереоценкаАктивов
Запросы к оптимизации:
Документ ПереоценкаАктивов (модуль объекта):
-  Функция ТекстЗапроса_ОстаткиОблигации + Функция ОстаткиОблигации  (35% времени)
- Функция ТекстЗапроса_ОстаткиКорректировки + Функция ОстаткиКорректировки (6% времени)
- Функция ТекстЗапроса_ОстаткиПереоценки (6% времени)
- Функция ТекстЗапроса_ОстаткиПереоценкиПриПереходеНаЕПС + Функция ОстаткиПереоценкиПриПереходеНаЕПС (6% времени)
;31/Oct/25 16:34 +0300;AChmykhalov;16200","Проведение сводного тестирования (было \ стало);01/Nov/25 15:53 +0300;AChmykhalov;16200",0,0,135900,"9,223,372,036,854,775,807%",0,0,233100,,IMAPPS-29427,,,,,,,IMAPPS-29216,,,,,,IMDEV-8632,IMDEV-8641,IMAPPS-33287,IMAPPS-36071,,"13/Jan/25 21:46 +0300;KIkonnikov;image-2025-01-13-21-46-02-387.png;https://jira/secure/attachment/2064635/image-2025-01-13-21-46-02-387.png","13/Jan/25 21:55 +0300;KIkonnikov;image-2025-01-13-21-55-16-616.png;https://jira/secure/attachment/2064638/image-2025-01-13-21-55-16-616.png","13/Jan/25 21:58 +0300;KIkonnikov;image-2025-01-13-21-58-59-304.png;https://jira/secure/attachment/2064639/image-2025-01-13-21-58-59-304.png","13/Jan/25 22:15 +0300;KIkonnikov;image-2025-01-13-22-15-12-416.png;https://jira/secure/attachment/2064644/image-2025-01-13-22-15-12-416.png","22/Oct/25 9:21 +0300;AChmykhalov;image-2025-10-22-09-21-21-890.png;https://jira/secure/attachment/2422746/image-2025-10-22-09-21-21-890.png","22/Oct/25 9:21 +0300;AChmykhalov;image-2025-10-22-09-21-33-200.png;https://jira/secure/attachment/2422747/image-2025-10-22-09-21-33-200.png","24/Oct/25 11:59 +0300;AChmykhalov;image-2025-10-24-11-59-52-567.png;https://jira/secure/attachment/2426829/image-2025-10-24-11-59-52-567.png","13/Jan/25 22:18 +0300;KIkonnikov;qry_СтатистикаПоЗамерам.q1c;https://jira/secure/attachment/2064645/qry_%D0%A1%D1%82%D0%B0%D1%82%D0%B8%D1%81%D1%82%D0%B8%D0%BA%D0%B0%D0%9F%D0%BE%D0%97%D0%B0%D0%BC%D0%B5%D1%80%D0%B0%D0%BC.q1c","15/Apr/25 14:52 +0300;MKusova;RE  Согласование расходов по доработке Аванкор Фин.msg;https://jira/secure/attachment/2186026/RE++%D0%A1%D0%BE%D0%B3%D0%BB%D0%B0%D1%81%D0%BE%D0%B2%D0%B0%D0%BD%D0%B8%D0%B5+%D1%80%D0%B0%D1%81%D1%85%D0%BE%D0%B4%D0%BE%D0%B2+%D0%BF%D0%BE+%D0%B4%D0%BE%D1%80%D0%B0%D0%B1%D0%BE%D1%82%D0%BA%D0%B5+%D0%90%D0%B2%D0%B0%D0%BD%D0%BA%D0%BE%D1%80+%D0%A4%D0%B8%D0%BD.msg","24/Feb/25 10:07 +0300;ELoevets;screenshot-1.png;https://jira/secure/attachment/2116543/screenshot-1.png","11/Mar/25 15:34 +0300;ELoevets;screenshot-2.png;https://jira/secure/attachment/2135101/screenshot-2.png","30/Oct/25 14:53 +0300;AChmykhalov;Операция_0010_УстановкаКотировок.docx;https://jira/secure/attachment/2435077/%D0%9E%D0%BF%D0%B5%D1%80%D0%B0%D1%86%D0%B8%D1%8F_0010_%D0%A3%D1%81%D1%82%D0%B0%D0%BD%D0%BE%D0%B2%D0%BA%D0%B0%D0%9A%D0%BE%D1%82%D0%B8%D1%80%D0%BE%D0%B2%D0%BE%D0%BA.docx","29/Oct/25 13:22 +0300;AChmykhalov;Операция_0025_НачислениеПроцентовПоБанковскимСчетамПоГрафикуВыплат.docx;https://jira/secure/attachment/2433050/%D0%9E%D0%BF%D0%B5%D1%80%D0%B0%D1%86%D0%B8%D1%8F_0025_%D0%9D%D0%B0%D1%87%D0%B8%D1%81%D0%BB%D0%B5%D0%BD%D0%B8%D0%B5%D0%9F%D1%80%D0%BE%D1%86%D0%B5%D0%BD%D1%82%D0%BE%D0%B2%D0%9F%D0%BE%D0%91%D0%B0%D0%BD%D0%BA%D0%BE%D0%B2%D1%81%D0%BA%D0%B8%D0%BC%D0%A1%D1%87%D0%B5%D1%82%D0%B0%D0%BC%D0%9F%D0%BE%D0%93%D1%80%D0%B0%D1%84%D0%B8%D0%BA%D1%83%D0%92%D1%8B%D0%BF%D0%BB%D0%B0%D1%82.docx","28/Oct/25 12:27 +0300;AChmykhalov;Операция_0050_ПереводНКДВЗадолженностьЭмитента.docx;https://jira/secure/attachment/2431324/%D0%9E%D0%BF%D0%B5%D1%80%D0%B0%D1%86%D0%B8%D1%8F_0050_%D0%9F%D0%B5%D1%80%D0%B5%D0%B2%D0%BE%D0%B4%D0%9D%D0%9A%D0%94%D0%92%D0%97%D0%B0%D0%B4%D0%BE%D0%BB%D0%B6%D0%B5%D0%BD%D0%BD%D0%BE%D1%81%D1%82%D1%8C%D0%AD%D0%BC%D0%B8%D1%82%D0%B5%D0%BD%D1%82%D0%B0.docx","29/Oct/25 13:22 +0300;AChmykhalov;Операция_0058_ПогашениеОблигаций_ДоПереоценки.docx;https://jira/secure/attachment/2433049/%D0%9E%D0%BF%D0%B5%D1%80%D0%B0%D1%86%D0%B8%D1%8F_0058_%D0%9F%D0%BE%D0%B3%D0%B0%D1%88%D0%B5%D0%BD%D0%B8%D0%B5%D0%9E%D0%B1%D0%BB%D0%B8%D0%B3%D0%B0%D1%86%D0%B8%D0%B9_%D0%94%D0%BE%D0%9F%D0%B5%D1%80%D0%B5%D0%BE%D1%86%D0%B5%D0%BD%D0%BA%D0%B8.docx","31/Oct/25 16:36 +0300;AChmykhalov;Операция_0110_ПереоценкаАктивов.docx;https://jira/secure/attachment/2436820/%D0%9E%D0%BF%D0%B5%D1%80%D0%B0%D1%86%D0%B8%D1%8F_0110_%D0%9F%D0%B5%D1%80%D0%B5%D0%BE%D1%86%D0%B5%D0%BD%D0%BA%D0%B0%D0%90%D0%BA%D1%82%D0%B8%D0%B2%D0%BE%D0%B2.docx","13/Jan/25 21:48 +0300;KIkonnikov;Погашение НКД_БУ - 20250113.pff;https://jira/secure/attachment/2064636/%D0%9F%D0%BE%D0%B3%D0%B0%D1%88%D0%B5%D0%BD%D0%B8%D0%B5+%D0%9D%D0%9A%D0%94_%D0%91%D0%A3+-+20250113.pff","01/Nov/25 15:50 +0300;AChmykhalov;Сравнение замеров выполнения операции закрытия периодов.docx;https://jira/secure/attachment/2438422/%D0%A1%D1%80%D0%B0%D0%B2%D0%BD%D0%B5%D0%BD%D0%B8%D0%B5+%D0%B7%D0%B0%D0%BC%D0%B5%D1%80%D0%BE%D0%B2+%D0%B2%D1%8B%D0%BF%D0%BE%D0%BB%D0%BD%D0%B5%D0%BD%D0%B8%D1%8F+%D0%BE%D0%BF%D0%B5%D1%80%D0%B0%D1%86%D0%B8%D0%B8+%D0%B7%D0%B0%D0%BA%D1%80%D1%8B%D1%82%D0%B8%D1%8F+%D0%BF%D0%B5%D1%80%D0%B8%D0%BE%D0%B4%D0%BE%D0%B2.docx","22/Oct/25 9:20 +0300;AChmykhalov;ТаблицаМедленныхПроцедурИсполнения29199.docx;https://jira/secure/attachment/2422744/%D0%A2%D0%B0%D0%B1%D0%BB%D0%B8%D1%86%D0%B0%D0%9C%D0%B5%D0%B4%D0%BB%D0%B5%D0%BD%D0%BD%D1%8B%D1%85%D0%9F%D1%80%D0%BE%D1%86%D0%B5%D0%B4%D1%83%D1%80%D0%98%D1%81%D0%BF%D0%BE%D0%BB%D0%BD%D0%B5%D0%BD%D0%B8%D1%8F29199.docx",,,,,,,,,,,,,,,WIM,,,,,,,,,,,,,,,,,,,,,,,,,,,,,https://support.avancore.ru/browse/ASP-171392,,,,,,IM Finance,IM Finance,,,,,,,,,,,,,,,,,,,,no,,,,,"0|i36gcf:",0.0,,,,,,,,,,,,,,,,,,,,,,,,,,,,,,,Да,,,,,,"13/Jan/25 9:53 +0300;ELoevets;Проверила - в консоли администрирования было около 8шт фоновых заданий, запущенных от РешетниковойЛ 
По согласованию с Любовью их сняли, других лишних активностей не заметили
Пролистала отбивки  - с конца декабря отбивка приходила всегда позже 13, так что задержка систематическая (ранее конца декабря данных нет)

Так же поднимался вопрос о сделках - распровелись сделки за  27-29 декабря (дело в том, что они встали на обмен в ДУ и заново заехали в ФИН)","13/Jan/25 20:08 +0300;KIkonnikov;1.Радикально замедлился запрос (вторая часть - в рамке):

!image-2025-01-13-21-55-16-616.png|thumbnail!

Это операция ""Корректировка финасового результата(БУ)"", которая стала выполняться до 4 мин на каждый вызов:

!image-2025-01-13-21-58-59-304.png|thumbnail!

 

До полного прояснения причины добавил индексы:

use AVC_FIN20
 go

create index VTB_PAYED_BONDS ON dbo._Document140 (_Date_Time, _Fld2384RRef, _Fld2385RRef, _Fld12257RRef, _Fld23372, _Posted)
 go

CREATE INDEX VTB_DEALS_BP_Tn ON [dbo].[_BPr6072] ([_Fld6105],[_Fld6088RRef], [_Fld6082RRef], _IDRRef)  – к текущей проблеме не имеет отношения, но запрос отметился в ТОП-е

go

 

Судя по статистике из РегистрСведений.ЗакрытиеПериодаЗамеры, операция ""Корректировка финасового результата(БУ)"" драматически замедлилась после установки релиза 2.6.11.10

!image-2025-01-13-22-15-12-416.png|thumbnail!

Запрос для вывода статистики: [^qry_СтатистикаПоЗамерам.q1c]","13/Jan/25 21:52 +0300;KIkonnikov;2. Тяжелая операция ""Погашение НКД(БУ)"" - выполняется около 5сек на каждую регламентную операцию, где есть:

!image-2025-01-13-21-46-02-387.png|thumbnail!

 

Проблема в нескольких запросах в функциях ЗаполнитьИстекшимиКупоннымиПериодамиРСБУ(), ЗаполнитьНеПогашеннымиКупоннымиПериодамиРСБУ(), ЗаполнитьСтарыеКупоныРСБУ(), ЗаполнитьСтруктурныеНотыРСБУ() - в них идет получение среза последних из РегистрСведений.ВидОбращаемостиЦБНаОРЦБ. На каждый срез уходит ~1.5сек

Замеры:

[^Погашение НКД_БУ - 20250113.pff]

 

Нужно один раз получать срез последних из РегистрСведений.ВидОбращаемостиЦБНаОРЦБ, а не в каждой функции.","13/Jan/25 22:00 +0300;KIkonnikov;Эскалируем вендору.","20/Jan/25 12:57 +0300;KIkonnikov;3. Так же тяжелые операции, оптимизация и ускорение которых требуется:
 * ""Переоценка ц/б (ЕПС)"" - выполняется от 30 до 120 сек;
 * ""Определение обращаемости ЦБ на ОРЦБ"" - выполняется от 30 до 50 сек;
 * ""Установка котировок ц/б"" - выполняется от 3 до 30 сек.","24/Jan/25 10:03 +0300;ELoevets;[~AArnaut] доброе утро! Коллеги из Аванкора попросили предоставить им тестовую базу для проведения анализа и тестирования
Можем ли мы начать процесс обезличивания и помещения данных в AVC_DEV_FIN или эта база используется для тестирования в других задачах?","24/Jan/25 14:36 +0300;AArnaut;да, можете","10/Feb/25 21:00 +0300;JiraAutomate;The issue was moved to status ""Resolved"" automaticaly due to staying in status ""UAT"" more than 7 days","11/Feb/25 12:36 +0300;KIkonnikov;Подготовка обезличенной базы - IMAPPS-29427","11/Feb/25 12:37 +0300;KIkonnikov;Ждем результатов проверки обезличенной базы.","11/Feb/25 12:55 +0300;MKusova;сейчас все работает быстро. можно закрыть задачу","11/Feb/25 13:21 +0300;KIkonnikov;[~MKusova] , можно еще улучшить. На горизонте розничное ДУ, а так же может быть увеличение кол-ва сделок. Пока есть время, можно совместно с вендором улучшить закрытие дня.","11/Feb/25 13:52 +0300;MKusova;мы только за, если есть такие ресурсы и возможности","12/Feb/25 17:05 +0300;KIkonnikov;[~AArnaut] [~MKusova] тогда могли бы вы бегло глянуть результат обезличивания базы по задаче IMAPPS-29427","13/Feb/25 10:02 +0300;AArnaut;По обезличенной базе tmp_obfuscate -все Ок.","14/Feb/25 17:59 +0300;ELoevets;Передала тестовую базу вендору","24/Feb/25 10:08 +0300;ELoevets;Задача по анализу оптимизации поставлена в план работ вендора. Ориентировочно срок 1.5 мес
 !screenshot-1.png|thumbnail! ","11/Mar/25 15:35 +0300;ELoevets;Ответ вендора
 !screenshot-2.png|thumbnail! 
Ждем замеры и выход поставки","26/Mar/25 10:09 +0300;ELoevets;Задача вендора с бесплатной доработкой [https://support.avancore.ru/browse/ASP-167374] 

Задача с потенциально платной доработкой *Оптимизация операции ""Корректировка финасового результата(БУ)* [https://support.avancore.ru/browse/ASP-171392] 
 Эту задачу могут реализовать бесплатно, но нам не обозначили сроки реализации - сделают, когда будут свободные ресурсы, т.е. ждать придется долго    
 В случае платной задачи сделают в течении 2-2,5 недель с момента оплаты

*Суть доработки:* 
 В данных запросах мы получаем документы оплаты по купонам\телу накладывая фильтры на список документов. На объемах клиента данный запрос выполняется ощутимое количество времени, хотя проблем именно с логикой запроса нету и его быстрее не сделать на наш взгляд.
 Поэтому выходом мы видим создание вспомогательного регистра для фиксации движений по оплатам определенных видов документов и использование выборки из него в этом месте (и возможно еще в НДФЛ в похожем по логике запросе)

Так же будет создано либо обработка заполнения данного регистра либо она будет проведена при обновлении базы.

*Оценка:*
 Оценка трудозатрат на нее будет 12ч.
 12 ч ставка нормо часа по договору 3 900 руб. соответственно стоимость будет 46 800 руб.

Прошу согласовать подход относительно задачи [https://support.avancore.ru/browse/ASP-171392]    *Оптимизация операции ""Корректировка финасового результата(БУ)*","26/Mar/25 13:11 +0300;MKusova;Сейчас регламентные операции проходят быстро. Не вижу смысла платных доработок","26/Mar/25 13:26 +0300;KIkonnikov;[~MKusova] я провел работу и выявил узкие места, которые определенно точно нужно исправить, чтобы подготовиться к розничному ДУ. Рекомендую сделать платную доработку в ближайшее время и не доводить ситуацию, когда эти доработки нам понадобятся в срочном порядке.","31/Mar/25 9:31 +0300;ELoevets;Коллеги, доброе утро
Вернитесь, пожалуйста, с итоговым решением","14/Apr/25 17:50 +0300;ELoevets;Коллеги, доброе утро
Вернитесь, пожалуйста, с итоговым решением","15/Apr/25 10:34 +0300;EShved;ждем согласование от Юли Пахомовой","15/Apr/25 14:53 +0300;MKusova;Согласовано. ","16/Apr/25 9:21 +0300;ELoevets;Коллеги, спасибо, согласование увидела
Напишите, пожалуйста, какой кост центр указать ","16/Apr/25 15:42 +0300;MKusova;PMHN
 
","04/Jun/25 16:47 +0300;ELoevets;Коллеги, вендор не увидел наш комментарий о согласовании цены, поэтому сделал доработку бесплатно
 Можно тестировать в AVC_UAT_FIN","04/Jun/25 17:46 +0300;AArnaut; а как мы ее должны протестировать?","04/Jun/25 18:55 +0300;KIkonnikov;Давайте я потестирую и расскажу вам о результатах","24/Jun/25 13:17 +0300;KIkonnikov;Нужно продолжить коммуницировать с вендором по доработкам в релизе 2.7.6.1","22/Oct/25 9:21 +0300;AChmykhalov;!image-2025-10-22-09-21-21-890.png!

!image-2025-10-22-09-21-33-200.png!

[^ТаблицаМедленныхПроцедурИсполнения29199.docx]","22/Oct/25 9:37 +0300;KIkonnikov;Для инфо - раньше код по Определению обращаемости ЦБ на ОРЦБ запускался для каждого портфеля, совсем недавно я попросил перенести этот код в самое начало и запускать разово, а дальше пользоваться полученными данными.","24/Oct/25 11:59 +0300;AChmykhalov;По процедуре 1 ""Погашение НКД(БУ)"", процедуры (с долгими запросами) в порядке убывания времени выполнения:

!image-2025-10-24-11-59-52-567.png!","28/Oct/25 12:28 +0300;AChmykhalov;Сводный комментарий.

Оптимизация расчетов ТОП-5:

1. Погашение НКД(БУ) [Операция_0050_ПереводНКДВЗадолженностьЭмитента] Результаты: [^Операция_0050_ПереводНКДВЗадолженностьЭмитента.docx]

2. %% по банковским счетам по графику выплат [Операция_0025_НачислениеПроцентовПоБанковскимСчетамПоГрафикуВыплат]

Результаты: [^Операция_0025_НачислениеПроцентовПоБанковскимСчетамПоГрафикуВыплат.docx]

3. Погашение облигаций до переоценки(БУ) [Операция_0058_ПогашениеОблигаций_ДоПереоценки]

Результаты: [^Операция_0058_ПогашениеОблигаций_ДоПереоценки.docx]

4. Установка котировок ц/б [Операция_0010_УстановкаКотировок]

результаты: [^Операция_0010_УстановкаКотировок.docx]

5.Переоценка ц/б (ЕПС) [Операция_0110_ПереоценкаАктивов]

результаты: [^Операция_0110_ПереоценкаАктивов.docx] 

Сводный тест: Было  \ Стало: 

результаты: [^Сравнение замеров выполнения операции закрытия периодов.docx]

Все доработки выполняются в расширении [d1tRegl] которое будет предоставлено для Аванкор ....","29/Oct/25 18:24 +0300;KIkonnikov;Вендор закрыл свою задачу [ASP-171392|https://support.avancore.ru/browse/ASP-171392]

[~AChmykhalov] какие дальнейшие действия по задаче?","30/Oct/25 12:21 +0300;AChmykhalov;Предлагаю у нас завести Подзадачу на основании комметария  https://jira/browse/IMAPPS-29199?focusedCommentId=2486409&page=com.atlassian.jira.plugin.system.issuetabpanels:comment-tabpanel#comment-2486409  (к этой задаче), я в нее перенесу результаты своей работы.

Далее на её основании я заведу новую задачу Аванкору.","12/Jan/26 8:58 +0300;AChmykhalov;Задача-эпик. Можно будет закрывать когда будут закрыты подзадачи https://jira/browse/IMAPPS-33625 и https://jira/browse/IMAPPS-33652
","20/Mar/26 18:37 +0300;AChmykhalov;Все доработки по задаче и Все подзадачи данной задачи выведены на прод.
[~AArnaut] Данную задачу можно закрывать. 
","23/Mar/26 17:41 +0300;EShved;наблюдаются сложности в проведении регламентных операций, затрачено более 5-ти часов, вместо обычных 1,5 часа","06/Apr/26 10:32 +0300;AChmykhalov;Связано с появлением Розница ДУ, сейчас регламенты разделили, розницу ДУ вынесли отдельно,
также для разделения создана задача для постановки Аванкору https://jira/browse/IMAPPS-36274
Текущая задача  - проверка оптимальности  доработок по общим операциям (кроме Розница ДУ) корректно работает."
[для Аванкор] Оптимизация запроса остатков в Сделке,IMDEV-8635,1083185,1070543,Sub-Task,Closed,IMDEV,IM Development,software,AKonstantinov,,,Medium,Done,AChmykhalov,AKonstantinov,AChmykhalov,18/Mar/26 13:15 +0300,18/May/26 8:38 +0300,14/Sep/26 5:36 +0300,18/May/26 8:38 +0300,,AvancoreDU,,Retail_DU,,,"h2. IMAPPS-35879: Доработки в расширении optOst

h3. Что надо сделать (выдержка)

* Перенести в базовый модуль объекта {{Документ.Сделка}} все фрагменты между маркерами {{// IMAPPS-35879 ++}} и {{// IMAPPS-35879 --}} из расширения optOst (файл {{Documents/Сделка/Ext/ObjectModule.bsl}}).
* В функции {{ТекстЗапросаТаблицыПоПродажамБУ_БезНКД}}: заменить прямое обращение к дате по полиморфной ссылке на выражение ВЫБОР по ТИПЗНАЧЕНИЯ(Субконто2/Партия) с ВЫРАЗИТЬ(... КАК Документ.XXX).Дата в трёх местах (поле ДокументОприходованияДата, СГРУППИРОВАТЬ ПО, поле Дата в блоке ВТ_ОстаткиТело/ВТ_ОстаткиПереоценка).
* В функции {{ТекстЗапросаНКД}}: в выборке ""ТаблицаНКДКСписанию"" поле Дата для ВТ_ОстаткиТело.Партия заменить на тот же ВЫБОР по ТИПЗНАЧЕНИЯ с приведением к типам документов.
* После переноса: проверить совпадение результатов по контрольным сделкам (продажи БУ, НКД). Маркеры IMAPPS-35879 при переносе можно удалить.

h3. Что изменено реально

* В модуле {{Расширения/optOst/Documents/Сделка/Ext/ObjectModule.bsl}} есть 2 подмены:
** {{&Вместо(""ТекстЗапросаТаблицыПоПродажамБУ_БезНКД"")}}
** {{&Вместо(""ТекстЗапросаНКД"")}}
* Изменения по задаче помечены комментариями {{// IMAPPS-35879 ++}} и {{// IMAPPS-35879 --}}

h3. 1. Исправление дат по полиморфной ссылке в ТекстЗапросаТаблицыПоПродажамБУ_БезНКД

Заменены 3 участка:

* Поле {{ДокументОприходованияДата}} в блоке ""ОстаткиАктивов""
* То же выражение в {{СГРУППИРОВАТЬ ПО}} этого блока
* Поле {{Дата}} в блоке с {{ВТ_ОстаткиТело}} и {{ВТ_ОстаткиПереоценка}}

Во всех местах вместо прямого {{Субконто2.Дата}}/{{Партия.Дата}} используется:
{{ВЫБОР КОГДА ТИПЗНАЧЕНИЯ(...) = ТИП(Документ.XXX) ТОГДА ВЫРАЗИТЬ(... КАК Документ.XXX).Дата ...}}

h3. 2. Исправление даты по полиморфной ссылке в ТекстЗапросаНКД

* В подмененной функции {{optOst_ТекстЗапросаНКД}} исправлено поле {{Дата}} ({{ВТ_ОстаткиТело.Партия}})
* Применен тот же подход через {{ВЫБОР + ТИПЗНАЧЕНИЯ + ВЫРАЗИТЬ}}

h3. Что переносить в базовую конфигурацию

* Перенести все фрагменты между маркерами {{IMAPPS-35879 ++/--}}
* В первую очередь это безопасное вычисление даты по полиморфным ссылкам в двух функциях:
** {{ТекстЗапросаТаблицыПоПродажамБУ_БезНКД}}
** {{ТекстЗапросаНКД}}",AChmykhalov,KIkonnikov,,,,,,,"ИТ тестирование доработок в запросе - успешно;26/Mar/26 7:25 +0300;AChmykhalov;1800",,,,,,,,,,,,,,,,,,,,,,,,,0,0,1800,"9,223,372,036,854,775,807%",0,0,1800,,,,,,,,,,,IMAPPS-35169,,,,,,,,,"25/Mar/26 11:50 +0300;AChmykhalov;35879.docx;https://jira/secure/attachment/2623372/35879.docx","18/Mar/26 14:10 +0300;KIkonnikov;RE Согласовать платные доработки по ДУ1.5 (оптимизация) - IMAPPS-35039.msg;https://jira/secure/attachment/2612995/RE+%D0%A1%D0%BE%D0%B3%D0%BB%D0%B0%D1%81%D0%BE%D0%B2%D0%B0%D1%82%D1%8C+%D0%BF%D0%BB%D0%B0%D1%82%D0%BD%D1%8B%D0%B5+%D0%B4%D0%BE%D1%80%D0%B0%D0%B1%D0%BE%D1%82%D0%BA%D0%B8+%D0%BF%D0%BE+%D0%94%D0%A31.5+%28%D0%BE%D0%BF%D1%82%D0%B8%D0%BC%D0%B8%D0%B7%D0%B0%D1%86%D0%B8%D1%8F%29+-+IMAPPS-35039.msg",,,,,,,,,,,,,,,,,,,,,,,,,,,,,,,,WIM,,,,,,,,,,PMHN,,,,,,,,,,,,,,,,,,1 нормо-час. Стоимость составляет 3 900 руб,https://lk.avancore.ru/tasks/ASP-201177,,,,,,IM Back-Office DU,IM Back-Office DU,,,,,,,,,,,,,,,,,,,,yes,,,,,"0|i433uv:",0.0,,,,,,,,,,,,,,,,,,,,,,,,,,,,,,,Да,normal,,,,,"18/Mar/26 13:19 +0300;AChmykhalov;Столова Екатерина
3/18/2026, 10:22:58 AM
Чмыхалов Алексей (ВИМ ИНВЕСТИЦИИ АО)
Добрый день!
*Данный заказ оценили в 1 нормо-час. Стоимость составляет 3 900 руб.*
В случае положительного решения, напишите ""Оценка согласована"".
Ожидаем согласование оценки до 25.03.2026, далее заказ без подтверждения будет закрыт со статусом - ""Не будет решаться"".
Если в дальнейшем Вами будет принято решение продолжить работы по требованию, сообщите нам и мы возобновим работы по задаче.
Хорошего дня!","18/Mar/26 14:10 +0300;KIkonnikov;Согласовано, PMHN

[^RE Согласовать платные доработки по ДУ1.5 (оптимизация) - IMAPPS-35039.msg]","18/Mar/26 15:25 +0300;AChmykhalov;Столова Екатерина
3/18/2026, 3:12:49 PM
Задача передаётся на планирование работ

Еременко Константин
3/18/2026, 3:51:45 PM
Принято в работу. Будет решено до 27/03/26.
","21/Mar/26 18:25 +0300;AChmykhalov;Статус: Waiting for installing
","24/Mar/26 18:18 +0300;AChmykhalov;https://lk.avancore.ru/tasks/ASP-201909 - при проверке поставки найдено расхождение (не все внесено в поставку). Заведена переписка.","25/Mar/26 6:15 +0300;AChmykhalov; 
Еременко Константин 25.03.26 6:00:00 
 
	Доступно в релизе 1.5.27.11
","25/Mar/26 11:50 +0300;AChmykhalov;Доработки успешно выполнены вендором  [^35879.docx]","27/Mar/26 10:24 +0300;AChmykhalov;*Предусловия внедрения*
 * Паспорт объекта внедрения слинкован с задачей: Да
 * MergeRequest прошел ревью и принят в MAIN:
 * Слинкована DEPLOY-задача: Да

*План внедрения*
 * Тип объекта внедрения : Конфигурация
 * Название объекта внедрения: DU
 * Объект внедрения новый (да/нет): Нет
 * База внедрения (если применимо: указать название): PROD_AVC_DU
 * MergeRequest в GIT или номер коммита в DEV-хранилище: -
 * Помещено в каталог автозагрузки (если применимо: указать путь до файла): -
 * Версия (если применимо: указать внедряемый номер): *не ниже 1.5.27.11*
 * График внедрения (планово, срочно): планово

*Дополнительные действия*
 * Выполнить настройки (если применимо: указать параметры настроек): Выполнять настройки не нужно
 * Дополнительные действия при внедрении (если применимо: указать действия до и/или после): не требуется
",,,,,,,,,,,,,,,,,,,,,,,,,,,,,,,,,
Возможность настройки запуска регламентных операций по фильтру без РДУ,IMDEV-8632,1146367,,Change Request,Closed,IMDEV,IM Development,software,AKonstantinov,,,High,Done,AChmykhalov,EShved,KIkonnikov,02/Apr/26 12:43 +0300,28/Jul/26 9:57 +0300,14/Sep/26 5:36 +0300,27/Jul/26 11:59 +0300,,AvancoreFinance,,CAB,Retail_DU,,"Из-за большого кол-ва РДУ договоров в ФИН-базе стал долго отрабатывать процесс Группового выполнения закрытия периода (меню Закрытие периода - Групповое выполнение закрытия периода).

Сейчас в настройках можно выбрать договоры ДУ по типам или конкретные, но:
 * РДУ это тоже тип ""Физические лица"";
 * выбирать конкретные договоры каждый раз сложно/неудобно/долго.

Нужно совместно с вендором найти решение для более гибкой отфильтровки в настройках:

!image-2026-04-02-12-43-53-270.png|thumbnail!",AChmykhalov,EShved,KIkonnikov,,,,,,"Разработка по описанию задачи: реализация доработки (отбор портфелей по СКД при групповом закрытии), изменения в конфигурации/расширении в рамках согласованного объёма.;03/Apr/26 13:46 +0300;AChmykhalov;14400","Разработка модуля (расширения) для передачи Аванкор , ИТ тестирование;06/Apr/26 14:17 +0300;AChmykhalov;14400","Ит тестирование доработок Аванкор;21/May/26 10:34 +0300;AChmykhalov;18000",,,,,,,,,,,,,,,,,,,,,,,0,0,46800,"9,223,372,036,854,775,807%",0,0,46800,,,,,,,,,,,IMAPPS-36019,,,IMDEV-8636,,,IMDEV-8641,,IMAPPS-36224,"02/Apr/26 12:43 +0300;KIkonnikov;image-2026-04-02-12-43-53-270.png;https://jira/secure/attachment/2635294/image-2026-04-02-12-43-53-270.png","03/Apr/26 11:16 +0300;AChmykhalov;image-2026-04-03-11-16-11-391.png;https://jira/secure/attachment/2637051/image-2026-04-03-11-16-11-391.png","03/Apr/26 12:48 +0300;AChmykhalov;image-2026-04-03-12-48-28-120.png;https://jira/secure/attachment/2637311/image-2026-04-03-12-48-28-120.png","05/May/26 11:52 +0300;AChmykhalov;RE  Согласование расходов по доработкам Аванкор в рамках Розничного ДУ.msg;https://jira/secure/attachment/2678259/RE++%D0%A1%D0%BE%D0%B3%D0%BB%D0%B0%D1%81%D0%BE%D0%B2%D0%B0%D0%BD%D0%B8%D0%B5+%D1%80%D0%B0%D1%81%D1%85%D0%BE%D0%B4%D0%BE%D0%B2+%D0%BF%D0%BE+%D0%B4%D0%BE%D1%80%D0%B0%D0%B1%D0%BE%D1%82%D0%BA%D0%B0%D0%BC+%D0%90%D0%B2%D0%B0%D0%BD%D0%BA%D0%BE%D1%80+%D0%B2+%D1%80%D0%B0%D0%BC%D0%BA%D0%B0%D1%85+%D0%A0%D0%BE%D0%B7%D0%BD%D0%B8%D1%87%D0%BD%D0%BE%D0%B3%D0%BE+%D0%94%D0%A3.msg","06/May/26 11:34 +0300;EShved;RE IMDEV-8632 Возможность настройки запуска регламентных операций по фильтру без РДУ.msg;https://jira/secure/attachment/2680209/RE+IMDEV-8632+%D0%92%D0%BE%D0%B7%D0%BC%D0%BE%D0%B6%D0%BD%D0%BE%D1%81%D1%82%D1%8C+%D0%BD%D0%B0%D1%81%D1%82%D1%80%D0%BE%D0%B9%D0%BA%D0%B8+%D0%B7%D0%B0%D0%BF%D1%83%D1%81%D0%BA%D0%B0+%D1%80%D0%B5%D0%B3%D0%BB%D0%B0%D0%BC%D0%B5%D0%BD%D1%82%D0%BD%D1%8B%D1%85+%D0%BE%D0%BF%D0%B5%D1%80%D0%B0%D1%86%D0%B8%D0%B9+%D0%BF%D0%BE+%D1%84%D0%B8%D0%BB%D1%8C%D1%82%D1%80%D1%83+%D0%B1%D0%B5%D0%B7+%D0%A0%D0%94%D0%A3.msg","22/May/26 6:13 +0300;AChmykhalov;ДействияПередУстановкойОбновления_8632.docx;https://jira/secure/attachment/2706034/%D0%94%D0%B5%D0%B9%D1%81%D1%82%D0%B2%D0%B8%D1%8F%D0%9F%D0%B5%D1%80%D0%B5%D0%B4%D0%A3%D1%81%D1%82%D0%B0%D0%BD%D0%BE%D0%B2%D0%BA%D0%BE%D0%B9%D0%9E%D0%B1%D0%BD%D0%BE%D0%B2%D0%BB%D0%B5%D0%BD%D0%B8%D1%8F_8632.docx","22/May/26 6:13 +0300;AChmykhalov;ДействияПослеУстановкиОбновления_8632.docx;https://jira/secure/attachment/2706032/%D0%94%D0%B5%D0%B9%D1%81%D1%82%D0%B2%D0%B8%D1%8F%D0%9F%D0%BE%D1%81%D0%BB%D0%B5%D0%A3%D1%81%D1%82%D0%B0%D0%BD%D0%BE%D0%B2%D0%BA%D0%B8%D0%9E%D0%B1%D0%BD%D0%BE%D0%B2%D0%BB%D0%B5%D0%BD%D0%B8%D1%8F_8632.docx","06/Apr/26 14:16 +0300;AChmykhalov;ПланИТТестирования_36274.docx;https://jira/secure/attachment/2640217/%D0%9F%D0%BB%D0%B0%D0%BD%D0%98%D0%A2%D0%A2%D0%B5%D1%81%D1%82%D0%B8%D1%80%D0%BE%D0%B2%D0%B0%D0%BD%D0%B8%D1%8F_36274.docx","06/Apr/26 7:26 +0300;AChmykhalov;ПримерКакЭтоВыглядит.png;https://jira/secure/attachment/2639348/%D0%9F%D1%80%D0%B8%D0%BC%D0%B5%D1%80%D0%9A%D0%B0%D0%BA%D0%AD%D1%82%D0%BE%D0%92%D1%8B%D0%B3%D0%BB%D1%8F%D0%B4%D0%B8%D1%82.png","22/May/26 6:13 +0300;AChmykhalov;Проверка доработок вендора Аванкор по задаче 8632.docx;https://jira/secure/attachment/2706033/%D0%9F%D1%80%D0%BE%D0%B2%D0%B5%D1%80%D0%BA%D0%B0+%D0%B4%D0%BE%D1%80%D0%B0%D0%B1%D0%BE%D1%82%D0%BE%D0%BA+%D0%B2%D0%B5%D0%BD%D0%B4%D0%BE%D1%80%D0%B0+%D0%90%D0%B2%D0%B0%D0%BD%D0%BA%D0%BE%D1%80+%D0%BF%D0%BE+%D0%B7%D0%B0%D0%B4%D0%B0%D1%87%D0%B5+8632.docx",,,,,,,,,,,,,,,,,,,,,,,,WIM,,,,,,,,,,PMHN,,,,,,,,,,,,,,IMDEV-8633,,,,6 нормо-часов. Стоимость составляет 23 400 руб,https://lk.avancore.ru/tasks/ASP-203060,,Impediment,,,,IM Finance,IM Finance,,,,,,,,,,,,,,,,,,,,yes,,,,,"0|i44c87:",0.0,,,,,,,,,,,,,,,,,,,,,,,,,,,,,,,Да,normal,,,,,"02/Apr/26 12:46 +0300;KIkonnikov;Сейчас выкрутились тем, что поставили временную заплатку в коде - IMAPPS-36224 Эта заплатка не системное решение и нужно вывести настройки для гибкой отфильтровки/отборов в интерфейс. 

Возможно, для удобства нужно будет прокинуть доп.поля из ДУ1.5 в ФИН.","03/Apr/26 9:36 +0300;AChmykhalov;h2. IMAPPS-36274 | ТЗ: отбор портфелей по СКД при групповом закрытии (Wiki JIRA 8.13)

{panel:title=Реквизиты|borderStyle=solid|borderColor=#4a90c8|titleBGColor=#d0e4f5|bgColor=#ffffff}
* *Заказчик:* ВТБ Капитал (направление — при передаче)
* *Исполнитель:* Аванкор (*AvancoreFinance*)
* *Заявка:* IMAPPS-36274
* *Предмет:* дополнительный отбор портфелей по пользовательской СКД при групповом закрытии периода по расписанию
* *Референс кода:* расширение *FP* (префикс процедур в примере: {{fp_}}), материалы задачи
{panel}

----

h3. 1. Контекст

{panel:title=Почему нужна доработка|borderStyle=solid|borderColor=#3b82c4|titleBGColor=#bfdbfe|bgColor=#eff6ff}
Групповое закрытие периода выполняется обработкой *«Групповое выполнение закрытия периода»* ({{ГрупповоеВыполнениеЗакрытияПериодов}}) по элементам справочника *«Настройки закрытия портфелей по расписанию»* ({{НастройкиЗакрытияПортфелейПоРасписанию}}). Штатный отбор — по типам клиентов ДУ, стратегиям и т.д.

*Проблема:* договоры РДУ часто неотделимы от прочих по типу клиента (например, «физические лица»). Исключить РДУ без ручного перечисления портфелей/договоров сложно. Нужен *настраиваемый отбор по полям справочника «Портфели»* через *СКД*, с сохранением в элементе настройки расписания и применением при выполнении закрытия.

*Связь:* временное решение — IMAPPS-36224; целевое — настройка в интерфейсе (см. обсуждение в задаче).
{panel}

*Скриншоты (вложения JIRA):*

!image-2026-04-03-11-16-11-391.png!

!image-2026-04-03-12-48-28-120.png!

{warning}
*Не удалять* две строки выше, начинающиеся с {{!image-...}}: это встраивание *вложений*. Без них картинки в комментарии не отображаются. В JIRA макросы вложений часто *не показываются*, если поместить их *внутрь* {{panel}}.

*Имена файлов вложений (должны совпадать):*
* {{image-2026-04-03-11-16-11-391.png}}
* {{image-2026-04-03-12-48-28-120.png}}
{warning}

{panel:title=Подпись к скриншотам|borderStyle=solid|borderColor=#d97706|titleBGColor=#fde68a|bgColor=#fffbeb}
Краткое пояснение для ревью: форма настройки отбора СКД и контекст группового закрытия (см. прикреплённые файлы с теми же именами).
{panel}

----

h3. 2. Цели

{panel:title=Цели доработки|borderStyle=solid|borderColor=#15803d|titleBGColor=#bbf7d0|bgColor=#f0fdf4}
# Сократить время на подготовку и сопровождение настроек закрытия при большом числе договоров РДУ.
# Дать *гибкий пользовательский фильтр* по полям портфеля в СКД без массового ручного перечисления.
# Сохранить *обратную совместимость:* при отсутствии или «пустоте» дополнительного фильтра поведение как до доработки.
{panel}

----

h3. 3. Результат для пользователя

{panel:title=Ожидаемое поведение|borderStyle=solid|borderColor=#0d9488|titleBGColor=#99f6e4|bgColor=#f0fdfa}
# В форме элемента настройки расписания пользователь задаёт *дополнительный отбор портфелей* (дерево отбора СКД).
# При закрытии (интерактивно и по регламенту) система: *(а)* формирует список кандидатов *штатно*; *(б)* при наличии сохранённого отбора *сужает* его по СКД. Если отбор не задан — шаг *(б)* не меняет состав.
{panel}

----

h3. 4. Поток данных (цепочка)

{panel:title=От настройки до списка портфелей|borderStyle=solid|borderColor=#0369a1|titleBGColor=#7dd3fc|bgColor=#f0f9ff}
# Элемент {{НастройкиЗакрытияПортфелейПоРасписанию}} хранит {{НастройкиОтбораПортфелейСКД}} ({{ХранилищеЗначения}}).
# При заполнении обработки из настройки расписания в объект обработки попадает ссылка {{НастройкаЗакрытияПортфелейПоРасписанию}} (в референсе FP — отдельный реквизит объекта обработки для передачи в фильтр).
# В точках формирования перечня портфелей вызывается {{Справочники.Портфели.ДействующиеПортфели(...)}} — результат *массив ссылок*.
# Массив передаётся в {{Справочники.Портфели.ПолучитьПортфелиПоОтборуСКД(НастройкаЗакрытияПортфелейПоРасписанию, ДействующиеПортфели)}}.
# Функция накладывает СКД *только на переданный массив* (параметр макета {{СписокПортфелей}}), возвращает отфильтрованный массив {{Ссылка}}.
{panel}

{info}СКД *не подменяет* запрос «действующих» портфелей: она ограничивает уже полученный кандидатами набор.{info}

----

h3. 5. Объекты и зона ответственности

{panel:title=Таблица объектов|borderStyle=solid|borderColor=#b45309|titleBGColor=#fcd34d|bgColor=#fffbeb}
|| Объект || Изменение ||
| {{НастройкиЗакрытияПортфелейПоРасписанию}} | Реквизит хранения СКД; форма элемента — компоновщик, сохранение в хранилище |
| {{Портфели}} | Макет СКД {{МакетОтбораПортфелей}}; менеджер — {{ПолучитьПортфелиПоОтборуСКД}}, {{УстановитьПараметрыСКД}} |
| {{ГрупповоеВыполнениеЗакрытияПериодов}} | Реквизит ссылки на настройку; в модуле объекта — вызов фильтра после {{ДействующиеПортфели}} в нужных процедурах |
{panel}

{note}Типы клиентов, стратегии, ТЧ обработки *не отменяются* — фильтр СКД лишь дополняет результат.{note}

----

h3. 6. Функциональный свод (что сделать)

{panel:title=Список работ|borderStyle=solid|borderColor=#ca8a04|titleBGColor=#fef08a|bgColor=#fefce8}
# Добавить в справочник настройки реквизит {{НастройкиОтбораПортфелейСКД}} ({{ХранилищеЗначения}}).
# Доработать {{ФормаЭлемента}}: инициализация компоновщика по макету {{МакетОтбораПортфелей}}, загрузка из хранилища / по умолчанию / из копируемого элемента, запись в хранилище перед записью объекта.
# В обработке: обеспечить наличие ссылки на текущую настройку расписания в момент расчёта портфелей; после каждого получения {{ДействующиеПортфели}} при необходимости вызывать {{ПолучитьПортфелиПоОтборуСКД}}.
# В макете СКД объявить параметр {{СписокПортфелей}} и ограничить запрос: портфель входит в переданный список *и* удовлетворяет пользовательскому отбору.
{panel}

----

h3. 7. Техника: справочник настроек

{panel:title=7. НастройкиЗакрытияПортфелейПоРасписанию|borderStyle=solid|borderColor=#7c3aed|titleBGColor=#ddd6fe|bgColor=#faf5ff}
* *Метаданные:* реквизит {{НастройкиОтбораПортфелейСКД}}, тип {{ХранилищеЗначения}} (внутри — настройки компоновки).
* *Форма:* реквизит формы-компоновщик (в FP: {{КомпоновщикНастроекОтборПортфелей}}), привязка к дереву отбора по правилам EDT.
* *События (расширение, After):* {{OnCreateAtServer}} → {{fp_ПриСозданииНаСервереПосле}}; {{BeforeWriteAtServer}} → {{fp_ПередЗаписьюНаСервереПосле}}.
* *Инициализация:* {{СхемаКомпоновки = Справочники.Портфели.ПолучитьМакет(""МакетОтбораПортфелей"")}}; {{ПоместитьВоВременноеХранилище}}; {{ИсточникДоступныхНастроекКомпоновкиДанных}}; {{Компоновщик...Инициализировать}}; загрузка {{НастройкиОтбораПортфелейСКД.Получить()}} или {{СхемаКомпоновки.НастройкиПоУмолчанию}}; при {{Параметры.ЗначениеКопирования}} — взять хранилище из копируемого элемента.
* *Сохранение:* {{ТекущийОбъект.НастройкиОтбораПортфелейСКД = Новый ХранилищеЗначения(КомпоновщикНастроекОтборПортфелей.Настройки)}}.
{panel}

----

h3. 8. Техника: справочник Портфели

{panel:title=8. Портфели (менеджер и СКД)|borderStyle=solid|borderColor=#7c3aed|titleBGColor=#ddd6fe|bgColor=#faf5ff}
* *Макет:* {{МакетОтбораПортфелей}} — набор данных запрос к {{Справочник.Портфели}}, отбор по {{СписокПортфелей}} (в XML текста запроса допустимо {{&amp;СписокПортфелей}}).
* *{{УстановитьПараметрыСКД}}:* найти элемент {{ПараметрыДанных}} по имени, выставить {{Использование}} и {{Значение}}.
* *{{ПолучитьПортфелиПоОтборуСКД}}:* ранний выход с исходным массивом, если нет настройки, пуст список кандидатов, не заполнено хранилище СКД, либо в восстановленных настройках нет элементов отбора; иначе — компоновка с {{ГенераторМакетаКомпоновкиДанныхДляКоллекцииЗначений}}, вывод в {{ТаблицаЗначений}}, возврат {{ВыгрузитьКолонку(""Ссылка"")}}.
{panel}

----

h3. 9. Техника: обработка группового закрытия

{panel:title=9. ГрупповоеВыполнениеЗакрытияПериодов|borderStyle=solid|borderColor=#7c3aed|titleBGColor=#ddd6fe|bgColor=#faf5ff}
* *Реквизит (добавлен в расширении FP):* {{НастройкаЗакрытияПортфелейПоРасписанию}} — {{CatalogRef.НастройкиЗакрытияПортфелейПоРасписанию}}; заполняется при разборе настройки регламентного закрытия (в референсе — в процедуре-заместителе заполнения реквизитов по настройке).

|| Директива || Базовый метод || Обработчик FP || Действие ||
| {{&Вместо}} | {{ЗаполнитьРеквизитыПоНастройкеРегулярногоЗакрытия}} | {{fp_ЗаполнитьРеквизитыПоНастройкеРегулярногоЗакрытия}} | Штатное заполнение + {{ЭтотОбъект.НастройкаЗакрытияПортфелейПоРасписанию = НастройкаРегулярногоЗакрытия}} |
| {{&ИзменениеИКонтроль}} | {{ЗаполнитьПериодыПортфелейПоГраницам}} | {{fp_ЗаполнитьПериодыПортфелейПоГраницам}} | После {{ДействующиеПортфели}} — вставка {{ПолучитьПортфелиПоОтборуСКД}} ({{#Вставка}}) |
| {{&ИзменениеИКонтроль}} | {{ЗаполнитьПериодыПортфелейПоВарианту_ДНГ_ДКР}} | {{fp_ЗаполнитьПериодыПортфелейПоВарианту_ДНГ_ДКР}} | Аналогично, ветка варианта периодов |
| {{&Вместо}} | {{ЗаполнитьСписокПортфелей}} | {{fp_ЗаполнитьСписокПортфелей}} | После {{ДействующиеПортфели(...)}} — фильтр СКД, затем штатное заполнение {{СписокПортфелей}} |

{note}В поставке вендора допустимы прямые правки типовых процедур вместо {{&Вместо}}/{{&ИзменениеИКонтроль}} при сохранении семантики вставок.{note}
{panel}

----

h3. 10. Состав расширения FP и файлы

{panel:title=Метаданные Configuration.xml (кроме языка)|borderStyle=solid|borderColor=#6d28d9|titleBGColor=#e9d5ff|bgColor=#faf5ff}
{{StyleItem.ЦветГиперссылки}}, {{CommonPicture.Плюс}}, {{Catalog.НастройкиЗакрытияПортфелейПоРасписанию}}, {{Catalog.ВидыОперацийЗакрытияПериода}}, {{Catalog.Портфели}}, {{DataProcessor.ГрупповоеВыполнениеЗакрытияПериодов}}.

*Код/структура менялись:* настройки расписания, портфели (менеджер + макет), обработка (модуль объекта, реквизит ссылки). *Без кода в референсе:* {{ВидыОперацийЗакрытияПериода}}, {{Плюс}}, {{ЦветГиперссылки}}.
{panel}

{panel:title=Относительные пути (каталог FP)|borderStyle=solid|borderColor=#6d28d9|titleBGColor=#e9d5ff|bgColor=#faf5ff}
* {{Catalogs/НастройкиЗакрытияПортфелейПоРасписанию.xml}}
* {{Catalogs/НастройкиЗакрытияПортфелейПоРасписанию/Forms/ФормаЭлемента/Ext/Form.xml}}
* {{Catalogs/НастройкиЗакрытияПортфелейПоРасписанию/Forms/ФормаЭлемента/Ext/Form/Module.bsl}}
* {{Catalogs/Портфели/Ext/ManagerModule.bsl}}
* {{Catalogs/Портфели/Templates/МакетОтбораПортфелей/Ext/Template.xml}}
* {{DataProcessors/ГрупповоеВыполнениеЗакрытияПериодов/Ext/ObjectModule.bsl}}
{panel}

----

h3. 11. Чеклист переноса (вендор)

{panel:title=Порядок внедрения|borderStyle=solid|borderColor=#5b21b6|titleBGColor=#e9d5ff|bgColor=#f5f3ff}
# Макет {{МакетОтбораПортфелей}} и параметр {{СписокПортфелей}}.
# Менеджер {{Портфели}}: {{УстановитьПараметрыСКД}}, {{ПолучитьПортфелиПоОтборуСКД}}.
# Справочник настроек: реквизит, форма, события, тест копирования элемента.
# Обработка: реквизит ссылки на настройку; точки после {{ДействующиеПортфели}}; перенос ссылки при заполнении из регламента.
# Регресс: пустое хранилище СКД, пустой отбор, интерактив vs регламент.
# Совместимость: {{Version8_3_25}} в референсе FP — сверить с целевой веткой.
{panel}

----

h3. 12. Граничные случаи и риски

{panel:title=Уточнить при реализации|borderStyle=solid|borderColor=#a21caf|titleBGColor=#f5d0fe|bgColor=#fdf4ff}
* *Пустой массив кандидатов:* фильтр не обязан вызывать СКД; ожидается пустой результат без ошибок.
* *Битое хранилище / неверный тип в хранилище:* желательна защита (проверка типа {{НастройкиКомпоновкиДанных}}) и запись в журнал по стандартам конфигурации.
* *Интерактивная форма обработки:* если пользователь меняет отбор только на форме обработки без синхронизации в реквизиты объекта, серверные методы могут не увидеть СКД — при появлении формы с компоновщиком на обработке нужна явная синхронизация перед расчётом (в референсе FP акцент на объекте и регламенте).
* *Производительность:* СКД вызывается на уже суженном массиве; при большом числе дней/итераций оценить число вызовов в процедурах с циклами по датам.
{panel}

----

h3. 13. Критерии приёмки

{panel:title=Проверки|borderStyle=solid|borderColor=#047857|titleBGColor=#6ee7b7|bgColor=#ecfdf5}
# Сохранение элемента настройки и повторное открытие: отбор СКД восстановлен.
# Заполненный отбор: итоговый набор портфелей в обработке сужается относительно шага только {{ДействующиеПортфели}}.
# Пустое хранилище или отсутствие условий отбора: поведение как до доработки.
# {{ЗаполнитьПериодыПортфелейПоГраницам}} и {{..._ДНГ_ДКР}}: фильтр применяется во всех ветках с {{ДействующиеПортфели}}.
# {{ЗаполнитьСписокПортфелей}}: список значений обработки соответствует отфильтрованному массиву.
# Регламентный запуск с параметром-настройкой: тот же отбор, что в элементе справочника.
# Копирование элемента настройки: настройки СКД подтягиваются из {{ЗначениеКопирования}}.
# Нет необработанных исключений в типовом сценарии закрытия; ошибки настроек — осмысленная диагностика (журнал).
{panel}

{tip}Зафиксировать тестовый набор ссылок портфелей *до* и *после* включения отбора на одной настройке расписания.{tip}

----

h3. 14. Связанные задачи и вне скоупа

{panel:title=Связи|borderStyle=solid|borderColor=#64748b|titleBGColor=#cbd5e1|bgColor=#f8fafc}
* *IMAPPS-36224* — временная заплатка; целевое решение — интерфейсная настройка отбора.
* *IMAPPS-36275* — производительность под РДУ; не подменять без отдельного ТЗ.
* *ДУ 1.5* — доп. поля в ФИН; не входит в объём без отдельной постановки.
{panel}

----

","06/Apr/26 7:26 +0300;AChmykhalov;*Универсальный отбор по любым комбинациям полей и отборов Портфеля*

Пример, как это выглядит
 !ПримерКакЭтоВыглядит.png! 

План тестирования  [^ПланИТТестирования_36274.docx] ","06/Apr/26 7:27 +0300;AChmykhalov;[~KIkonnikov] Если такой вариант подходит - составлю задачу на Аванкор","06/Apr/26 17:29 +0300;KIkonnikov;Выглядит отлично, давай заряжать вендору","07/Apr/26 9:07 +0300;AChmykhalov;Создана задача вендору  https://lk.avancore.ru/tasks/ASP-203060
Уничкина Надежда 07.04.26 8:54:32 
 
	Принято в работу

 

","17/Apr/26 13:30 +0300;AChmykhalov;Коновка Антон
4/17/2026, 1:18:19 PM
Коллеги добрый день. Анализ данной задачи доверили сразу разработке. Постараемся ознакомиться и вникнуть до конца апреля. Если останутся вопросы после ознакомления сообщим","23/Apr/26 15:01 +0300;AChmykhalov; 
Коновка Антон 23.04.26 14:39:17 
 
	Добрый день. В целом провели анализ расширения видимых проблем не заметили. Оценку трудозатрат по переносу механизма и тестирования предоставим в ближайшее время
","05/May/26 5:46 +0300;AChmykhalov;Столова Екатерина
5/4/2026, 3:16:23 PM
Чмыхалов Алексей (ВИМ ИНВЕСТИЦИИ АО) Добрый день!
Данный заказ оценили в *6 нормо-часов. Стоимость составляет 23 400 руб.*
В случае положительного решения, напишите ""Оценка согласована"".
Ожидаем согласование оценки до 12.05.2026, далее заказ без подтверждения будет закрыт со статусом - ""Не будет решаться"".
Если в дальнейшем Вами будет принято решение продолжить работы по требованию, сообщите нам и мы возобновим работы по задаче.
Хорошего дня!","05/May/26 11:35 +0300;EShved;согласовано","05/May/26 11:52 +0300;AChmykhalov;+  [^RE  Согласование расходов по доработкам Аванкор в рамках Розничного ДУ.msg] ","06/May/26 11:36 +0300;EShved;Согласование приложила в задачу.","18/May/26 13:58 +0300;AChmykhalov;1 обновление 

 
 
Пользователь Коцарев Павел внес изменения 18.05.26 13:47:04 
 
	Статус:	Выполняется UAT 


 

","20/May/26 4:48 +0300;AChmykhalov; 
Коновка Антон 19.05.26 23:18:10 
 
	Доступно в поставке 2.8.4.5
","22/May/26 6:13 +0300;AChmykhalov;Проверено (успешно) внесенные изменения по задачи в версии 2.8.4.5    [^Проверка доработок вендора Аванкор по задаче 8632.docx] ","22/May/26 6:28 +0300;AChmykhalov;*Предусловия внедрения*
 * Паспорт объекта внедрения слинкован с задачей: 
 * MergeRequest прошел ревью и принят в MAIN:
 * Слинкована DEPLOY-задача: Да

*План внедрения*
 * Тип объекта внедрения: Конфигурация
 * Название объекта внедрения: Конфигурация
 * Объект внедрения новый (да/нет): Нет
 * База внедрения (если применимо: указать название): PROD_AVC_FIN20
 * MergeRequest в GIT или номер коммита в DEV-хранилище: 
 * Версия (если применимо: указать внедряемый номер): *не ниже 2.8.4.5*
 * График внедрения (планово, срочно): Планово

*Дополнительные действия*
 * Выполнить настройки (если применимо: указать параметры настроек): *Выполнять настройки НУЖНО (см. дополнительные действия)*
 * Дополнительные действия при внедрении (если применимо: указать действия до и/или после): Дополнительных действия
ДО ОБНОВЛЕНИЯ  [^ДействияПередУстановкойОбновления_8632.docx] 
ПОСЛЕ ОБНОВЛЕНИЯ  [^ДействияПослеУстановкиОбновления_8632.docx] ",,,,,,,,,,,,,,,,,,,,,,,,,
Оптимизация 1С ФИН_Расчет НДФЛ,IMDEV-7330,753356,,Change Request,Escalated to Vendor,IMDEV,IM Development,software,AKonstantinov,,,High,,AChmykhalov,AMikhaylova,AMikhaylova,28/May/25 15:42 +0300,09/Sep/26 8:15 +0300,11/Sep/26 16:56 +0300,,,AvancoreFinance,,Retail_DU,,,"Просим провести оптимизацию Расчета НДФЛ в 1С ФИН, чтобы добиться целевых показателей (см. вложение).",AChmykhalov,AMikhaylova,EShved,tmp_DNayanzin,,,,,"Подготовка тестовой базы к проведению замеров производительности;28/Apr/26 11:36 +0300;AChmykhalov;14400","Определены блоки оптимизации, составлен план на разработку оптимизации первого из двух больших запросов.;29/Apr/26 12:37 +0300;AChmykhalov;25200","Оптимизация:	ТаблицаПродаж + запрет записи пустых документов УК;30/Apr/26 13:50 +0300;AChmykhalov;18000","IMDEV-7330: Разбор таблицы замеров расчета НДФЛ (портфель, УК, VTB_NDFL_Exchange). Зафиксированы доли времени по горячим точкам (~22% ОбщиеОбороты по портфелю, ~16% пакет УК и РасходыПоНКД). Согласованы приоритеты с планом оптимизации в документации проекта (ТаблицаПродаж, пустые документы УК, кэш оборотов, предрасчет НКД, распараллеливание).
;04/May/26 14:08 +0300;AChmykhalov;14400","IMDEV-7330: Задание по продажам - передача списка регистраторов табличным параметром, ВТ и соединение с регистром вместо тяжелого В(МассивРегистраторов); перехваты ТаблицаПродаж по цепочке УК и портфеля. Задание по УК - отказ от записи пустого документа начисления при пустых ТЧ, сообщение пользователю (обработка Формирование начислений НДФЛ).
;05/May/26 8:17 +0300;AChmykhalov;14400","IMDEV-7330: Оптимизация строки замеров по портфелю - массовый предрасчет ОбщиеОбороты по выборке портфелей, кэш и ранний возврат в перехвате ОбщиеОбороты; подготовка кэша в перехвате СоздатьДокументы обработки. Проверка согласованности с планом массового предрасчета оборотов.
;06/May/26 10:45 +0300;AChmykhalov;14400","Решение бага ""Ставка отсутствует""
+
Оптимизация строки замеров по УК - массовый предрасчет расходов НКД по парам (клиент, дата), кэш для РасходыПоНКДПоВидуОбращаемости; перехват ИнвестиционныйВычетУКД с объединением видов обращаемости. Сверка со спецификацией предрасчета НКД по клиентам.
;07/May/26 11:24 +0300;AChmykhalov;28800","Распараллеливание формирования начислений по пачкам (оркестратор, константа числа пачек, ДлительныеОперации, сшивка результата). Итог по закрытию пунктов плана 1-5 в расширении NDFL_RDU; зафиксирована рекомендация повторного профилирования на тех же объемах данных для подтверждения эффекта.;08/May/26 7:09 +0300;AChmykhalov;14400","Начало тестирования после изменений вендора.
ч1.  Code reviw;26/Aug/26 6:30 +0300;AChmykhalov;21600","Тестирование
ч1 - выявление ошибок текущего алгоритма, запуск тестирования за 2026 г (как ыло);27/Aug/26 8:05 +0300;AChmykhalov;21600","Регрессионное тестирование;28/Aug/26 13:36 +0300;AChmykhalov;21600","Регрессионное тестирование ч1;31/Aug/26 9:03 +0300;AChmykhalov;21600","Анализ результатов промежуточного теста,
создание расширений по исправлению;01/Sep/26 7:58 +0300;AChmykhalov;14400","Разбор проблемы расхождениЯ по одному клиенту - Платонов Д.А.;02/Sep/26 10:24 +0300;AChmykhalov;21600","Регрессионное тестирование, создание документации и расширений для доработки, передача в Аванкор;03/Sep/26 14:53 +0300;AChmykhalov;14400","Тестирование после доработок Аванкор;09/Sep/26 8:15 +0300;AChmykhalov;21600",,,,,,,,,,144000,0,302400,209%,144000,0,302400,,,,,,,,,,,,,,,,,,,,"17/Aug/26 14:58 +0300;AChmykhalov;384795535_e8228445b8cb496584131702bdca5a2b-170826-1458-121.pdf;https://jira/secure/attachment/2848566/384795535_e8228445b8cb496584131702bdca5a2b-170826-1458-121.pdf","27/Apr/26 15:19 +0300;tmp_DNayanzin;image-2026-04-27-15-19-47-558.png;https://jira/secure/attachment/2669094/image-2026-04-27-15-19-47-558.png","07/May/26 7:08 +0300;AChmykhalov;image-2026-05-07-07-08-57-580.png;https://jira/secure/attachment/2681766/image-2026-05-07-07-08-57-580.png","31/Aug/26 13:53 +0300;AChmykhalov;imdev7330_fix_cf_transfer_report.html;https://jira/secure/attachment/2866652/imdev7330_fix_cf_transfer_report.html","26/Aug/26 6:29 +0300;AChmykhalov;imdev7330_jira_d1_d2.html;https://jira/secure/attachment/2860133/imdev7330_jira_d1_d2.html","03/Sep/26 11:18 +0300;AChmykhalov;IMDEV7330_Locks.cfe;https://jira/secure/attachment/2876768/IMDEV7330_Locks.cfe","29/Apr/26 12:35 +0300;AChmykhalov;imdev7330_ndfl_mass_precalc_oborots.html;https://jira/secure/attachment/2672204/imdev7330_ndfl_mass_precalc_oborots.html","31/Aug/26 20:32 +0300;AChmykhalov;imdev7330_ndfl_old_vs_new2_diff.html;https://jira/secure/attachment/2867586/imdev7330_ndfl_old_vs_new2_diff.html","02/Sep/26 10:41 +0300;AChmykhalov;imdev7330_ndfl_old_vs_new3_diff.html;https://jira/secure/attachment/2874466/imdev7330_ndfl_old_vs_new3_diff.html","03/Sep/26 11:18 +0300;AChmykhalov;IMDEV7330_NkdCoupon.cfe;https://jira/secure/attachment/2876769/IMDEV7330_NkdCoupon.cfe","03/Sep/26 11:18 +0300;AChmykhalov;IMDEV7330_NkdParam.cfe;https://jira/secure/attachment/2876770/IMDEV7330_NkdParam.cfe","03/Sep/26 13:41 +0300;AChmykhalov;imdev7330_test_plan_old_vs_new5.html;https://jira/secure/attachment/2877152/imdev7330_test_plan_old_vs_new5.html","31/Aug/26 15:35 +0300;AChmykhalov;imdev7330_tz_nkd_cache_pass_by_param.html;https://jira/secure/attachment/2866899/imdev7330_tz_nkd_cache_pass_by_param.html","31/Aug/26 14:14 +0300;AChmykhalov;imdev7330_tz_prompt_locks_extension.html;https://jira/secure/attachment/2866707/imdev7330_tz_prompt_locks_extension.html","26/Aug/26 6:27 +0300;AChmykhalov;imdev7330_vendor_merge_report.html;https://jira/secure/attachment/2860131/imdev7330_vendor_merge_report.html","12/May/26 5:51 +0300;AChmykhalov;imdev7330_ДеревоИзмененныхОбъектов.html;https://jira/secure/attachment/2686087/imdev7330_%D0%94%D0%B5%D1%80%D0%B5%D0%B2%D0%BE%D0%98%D0%B7%D0%BC%D0%B5%D0%BD%D0%B5%D0%BD%D0%BD%D1%8B%D1%85%D0%9E%D0%B1%D1%8A%D0%B5%D0%BA%D1%82%D0%BE%D0%B2.html","03/Sep/26 11:17 +0300;AChmykhalov;imdev7330_триРасширения_ДеревоИзмененныхОбъектов.html;https://jira/secure/attachment/2876767/imdev7330_%D1%82%D1%80%D0%B8%D0%A0%D0%B0%D1%81%D1%88%D0%B8%D1%80%D0%B5%D0%BD%D0%B8%D1%8F_%D0%94%D0%B5%D1%80%D0%B5%D0%B2%D0%BE%D0%98%D0%B7%D0%BC%D0%B5%D0%BD%D0%B5%D0%BD%D0%BD%D1%8B%D1%85%D0%9E%D0%B1%D1%8A%D0%B5%D0%BA%D1%82%D0%BE%D0%B2.html","30/Apr/26 13:44 +0300;AChmykhalov;measurements_table_IMDEV-7330.html;https://jira/secure/attachment/2674385/measurements_table_IMDEV-7330.html","12/May/26 5:51 +0300;AChmykhalov;NDFL_RDU.cfe;https://jira/secure/attachment/2686084/NDFL_RDU.cfe","28/May/25 15:42 +0300;AMikhaylova;RE  обсудить результат нагрузочного тестирования.msg;https://jira/secure/attachment/2231301/RE++%D0%BE%D0%B1%D1%81%D1%83%D0%B4%D0%B8%D1%82%D1%8C+%D1%80%D0%B5%D0%B7%D1%83%D0%BB%D1%8C%D1%82%D0%B0%D1%82+%D0%BD%D0%B0%D0%B3%D1%80%D1%83%D0%B7%D0%BE%D1%87%D0%BD%D0%BE%D0%B3%D0%BE+%D1%82%D0%B5%D1%81%D1%82%D0%B8%D1%80%D0%BE%D0%B2%D0%B0%D0%BD%D0%B8%D1%8F.msg","04/Jun/26 14:58 +0300;AChmykhalov;RE  Согласование расходов по доработкам Аванкор в рамках Розничного ДУ.msg;https://jira/secure/attachment/2725177/RE++%D0%A1%D0%BE%D0%B3%D0%BB%D0%B0%D1%81%D0%BE%D0%B2%D0%B0%D0%BD%D0%B8%D0%B5+%D1%80%D0%B0%D1%81%D1%85%D0%BE%D0%B4%D0%BE%D0%B2+%D0%BF%D0%BE+%D0%B4%D0%BE%D1%80%D0%B0%D0%B1%D0%BE%D1%82%D0%BA%D0%B0%D0%BC+%D0%90%D0%B2%D0%B0%D0%BD%D0%BA%D0%BE%D1%80+%D0%B2+%D1%80%D0%B0%D0%BC%D0%BA%D0%B0%D1%85+%D0%A0%D0%BE%D0%B7%D0%BD%D0%B8%D1%87%D0%BD%D0%BE%D0%B3%D0%BE+%D0%94%D0%A3.msg","07/May/26 6:41 +0300;AChmykhalov;screenshot-1.png;https://jira/secure/attachment/2681762/screenshot-1.png","31/Aug/26 12:18 +0300;AMikhaylova;Гагарина_ИИС.PNG;https://jira/secure/attachment/2866403/%D0%93%D0%B0%D0%B3%D0%B0%D1%80%D0%B8%D0%BD%D0%B0_%D0%98%D0%98%D0%A1.PNG","31/Aug/26 13:17 +0300;AChmykhalov;РегрессИЗамеры_DR _Релиз АВАНКОР.docx;https://jira/secure/attachment/2866546/%D0%A0%D0%B5%D0%B3%D1%80%D0%B5%D1%81%D1%81%D0%98%D0%97%D0%B0%D0%BC%D0%B5%D1%80%D1%8B_DR+_%D0%A0%D0%B5%D0%BB%D0%B8%D0%B7+%D0%90%D0%92%D0%90%D0%9D%D0%9A%D0%9E%D0%A0.docx","12/May/26 5:51 +0300;AChmykhalov;РегрессИЗамеры_DR.docx;https://jira/secure/attachment/2686085/%D0%A0%D0%B5%D0%B3%D1%80%D0%B5%D1%81%D1%81%D0%98%D0%97%D0%B0%D0%BC%D0%B5%D1%80%D1%8B_DR.docx","12/May/26 5:51 +0300;AChmykhalov;ТаблицаПроблемИРешений_IMDEV-7330.html;https://jira/secure/attachment/2686086/%D0%A2%D0%B0%D0%B1%D0%BB%D0%B8%D1%86%D0%B0%D0%9F%D1%80%D0%BE%D0%B1%D0%BB%D0%B5%D0%BC%D0%98%D0%A0%D0%B5%D1%88%D0%B5%D0%BD%D0%B8%D0%B9_IMDEV-7330.html",,,,,,,,WIM,,,,,,,,,,PMHN,,,,,,,,,,,,,,IMDEV-8633,,,,24 нормо-часа. Стоимость составляет 93 600 руб.,https://lk.avancore.ru/tasks/ASP-205617,,,,,,IM Finance,IM Finance,,,,,,,,,,,,,,,,,,,,yes,,,,,"0|i3g3pj:",0.0,,,,,Цифровизация,,,,,,,,,,,,,,,,,,,,,,,,,,Да,normal,,,,,"12/Apr/26 18:56 +0300;AChmykhalov;[~AKonstantinov] Просьба описать точку входа в медленный расчет (картинку или описание как воспроизвести ситуацию) или ссылку на специалиста который может подсветить проблемное место","16/Apr/26 10:20 +0300;EShved;[~tmp_DNayanzin] подключись к обсуждению, pls. Спасибо","27/Apr/26 15:19 +0300;tmp_DNayanzin;Формирование начислений НДФЛ за налоговый период.

Закрытие периода - Формирование начислений НДФЛ

Заполнить - Создать документы

!image-2026-04-27-15-19-47-558.png!","27/Apr/26 16:57 +0300;AChmykhalov;На картинке указан период 2025 год, по идее такой расчет тогда 1 раз в год делается?
","28/Apr/26 10:20 +0300;tmp_DNayanzin;Да, все верно, этот расчет делается по окончании налогового периода, на 31 декабря каждого года.","29/Apr/26 12:33 +0300;AChmykhalov;h2. IMDEV-7330: таблица замеров проблемных участков

{panel:title=Контекст|titleBGColor=#E3F2FD|bgColor=#F7FBFF|borderColor=#17A2B8|borderStyle=solid}
Сводные замеры по наиболее затратным операциям расчета НДФЛ.

Отчет показывает:
* точки вызова;
* количество обращений;
* суммарное время выполнения;
* долю в общем времени.

*Область изменений:* документы по портфелю и по управляющей компании, включая операции из расширения {{VTB_NDFL_Exchange}}.
{panel}

h3. Таблица замеров

||N||Модуль||Строка||Операция в точке замера||Кол-во||Время (сек)||%||
|1|{{Документ.НачислениеНДФЛПоПортфелю.МодульОбъекта}}|7 544|{{ОбщиеОбороты = Запрос.Выполнить().Выгрузить();}}|204|138,479385|*22,13*|
|2|{{Документ.НачислениеНДФЛПоУправляющейКомпании.МодульМенеджера}}|3 069|{{Пакет = Запрос.ВыполнитьПакет();}}|194|100,749815|*16,10*|
|3|{{Документ.НачислениеНДФЛПоПортфелю.МодульОбъекта}}|6 457|{{Пакет = Запрос.ВыполнитьПакет();}}|102|50,427467|8,06|
|4|{{VTB_NDFL_Exchange Документ.НачислениеНДФЛПоПортфелю.МодульОбъекта}}|348|{{Пакет = Запрос.ВыполнитьПакет();}}|204|42,821299|6,84|
|5|{{РегистрНакопления.ИнвестиционныйВычет.МодульМенеджера}}|89|{{РезультатЗапроса = Запрос.Выполнить();}}|97|24,582869|3,93|
|6|{{Документ.НачислениеНДФЛПоПортфелю.МодульОбъекта}}|8 150|{{МассивПакетов = Запрос.ВыполнитьПакет();}}|102|15,744373|2,52|
|7|{{Документ.НачислениеНДФЛПоУправляющейКомпании.МодульМенеджера}}|2 552|{{РезультатЗапроса = Запрос.Выполнить();}}|300|12,121493|1,94|

{panel:title=Ключевые выводы и приоритеты|titleBGColor=#FFF3CD|bgColor=#FFFBE6|borderColor=#F0AD4E|borderStyle=solid}
*Основная нагрузка:* строки *1* и *2* дают вместе примерно *38,2%* времени расчета.

*Строка 1 (22,13%)*  
{{ОбщиеОбороты = Запрос.Выполнить().Выгрузить();}} в {{НачислениеНДФЛПоПортфелю}} (строка 7 544).  
Проблема: вызов выполняется отдельно на каждый портфель клиента.

*Строка 2 (16,10%)*  
{{Пакет = Запрос.ВыполнитьПакет();}} в {{НачислениеНДФЛПоУправляющейКомпании}} (строка 3 069).  
Проблема: повторяется для пар (Клиент, Дата), дублируясь между документами начисления.

*Приоритет 1:* {{ТаблицаПродаж}} (смурфинг/chatty I/O) - уже закрыто в расширении {{NDFL_RDU}} через временную таблицу и индексацию.  
*Приоритет 2:* запрет записи пустых документов УК - уже реализован в перехвате {{СоздатьНачислениеНДФЛПоУК}}.  
*Приоритет 3:* переход на массовые предрасчеты с раздачей из кэша.  
*Приоритет 4:* распараллеливание расчета по пачкам клиентов.
{panel}

{panel:title=План оптимизации (этапы)|titleBGColor=#DEEBFF|bgColor=#F4F8FF|borderColor=#0D6EFD|borderStyle=solid}
*1. {{ТаблицаПродаж}} (смурфинг/chatty I/O) - решено в расширении*  
Реализация: {{NDFL_RDU/Documents/НачислениеНДФЛПоУправляющейКомпании/Ext/ManagerModule.bsl}}, перехват {{ТаблицаПродаж}}.  
Суть: табличный параметр регистраторов, временная таблица, индексация, соединение с регистром вместо множества мелких обращений.

*2. Запрет записи пустых документов УК*  
Реализация: {{NDFL_RDU/DataProcessors/ФормированиеНачисленийНДФЛ/Ext/ObjectModule.bsl}}, перехват {{СоздатьНачислениеНДФЛПоУК}}.  
Суть: документ не записывается, если пусты {{Начисления}}, {{Удержания}}, {{ИнвестиционныйВычетПоПортфелям}}.

*3. Массовый {{ОбщиеОбороты}} (22,13%)*  
Один пакетный запрос на массив портфелей, кэш по портфелю, короткое замыкание в {{NDFL_RDU_ОбщиеОбороты}}.  
План: {{ [^imdev7330_ndfl_mass_precalc_oborots.html] l}}

*4. Массовый {{РасходыПоНКДПоВидуОбращаемости}} (16,10%)*  
Один пакет по клиентам на единую дату, кэш в разрезе (Клиент, Дата), короткое замыкание в модуле менеджера УК.  
План: {{imdev7330_ndfl_uk_nkd_mass_precalc_byclient.html}}

*5. Распараллеливание расчета*  
{{ФормированиеНачисленийНДФЛ.СоздатьДокументы}} разбивает выборку на пачки и запускает параллельно через {{ДлительныеОперации.ВыполнитьПроцедуруВНесколькоПотоков}} с передачей срезов кэша в фоновые задания.  
План: {{imdev7330_ndfl_parallel_calculation.html}}
{panel}

{panel:title=План по рабочим дням (30.04.2026 - 13.05.2026)|titleBGColor=#E8F5E9|bgColor=#F6FFF7|borderColor=#28A745|borderStyle=solid}
*Рабочие дни:* *30.04, 04.05, 05.05, 06.05, 07.05, 08.05, 12.05, 13.05*  
*Выходные и праздники:* 01-03.05 и 09-11.05

||Пункты плана||Период||Фокус||Ожидаемый результат||
|*1-2*|*30.04.2026 (чт, сокращенный)*|{{ТаблицаПродаж}} + запрет записи пустых документов УК|Пункты 1-2 завершены и готовы к проверке|
|*3*|*04.05.2026 (пн)*|Массовый предрасчет {{ОбщиеОбороты}}, кэш по портфелю, короткое замыкание {{NDFL_RDU_ОбщиеОбороты}}|Пункт 3 реализован и проверен на тестовой выборке|
|*4*|*05.05.2026 (вт) - 07.05.2026 (чт)*|Массовый предрасчет {{РасходыПоНКДПоВидуОбращаемости}}, кэш (Клиент, Дата), короткое замыкание в модуле менеджера УК|Пункт 4 реализован и интегрирован в общий сценарий|
|*5*|*08.05.2026 (пт, сокращенный) + 12.05.2026 (вт) - 13.05.2026 (ср)*|Распараллеливание {{ФормированиеНачисленийНДФЛ.СоздатьДокументы}}, итоговые замеры, сравнение с baseline|Пункт 5 завершен, подготовлен финальный отчет по эффекту|

*Критерий завершения:* к *13.05.2026* выполнены все 5 пунктов плана, получены итоговые замеры и подтверждена корректность расчета НДФЛ.
{panel}

_IMDEV-7330. Таблица замеров для анализа и приоритизации оптимизации._
","07/May/26 6:41 +0300;AChmykhalov;Баг (потенциальный) на проде при расчете НДФЛ
 !screenshot-1.png! 

 !image-2026-05-07-07-08-57-580.png! ","12/May/26 5:52 +0300;AChmykhalov;Для вендора Аванкор:

 Расширение с доработками:  [^NDFL_RDU.cfe]
 План тестирования: [^РегрессИЗамеры_DR.docx]
 Суть проблем и способов решения:  [^ТаблицаПроблемИРешений_IMDEV-7330.html]
 Перечень изменяемых объектов (для переноса в базовую конфигурацию):  [^imdev7330_ДеревоИзмененныхОбъектов.html] 

Ссылка на задачу https://lk.avancore.ru/tasks/ASP-205617 ","27/May/26 15:36 +0300;AChmykhalov;Коновка Антон
Коновка Антон
5/27/2026, 10:31:21 AM
анализ запланирован на эту неделю","02/Jun/26 12:52 +0300;AChmykhalov;Коновка Антон
6/2/2026, 12:32:26 PM
Коллеги провели анализ. Правок получается достаточно много и предполагаем, что перенос функционала в конфигурацию займет значительное время. Так же окончательное тестирование после правки будет на стороне клиента, т.к. базы не имеем для проверки подтверждения результата после переноса. Оценку озвучим в ближайшее время.","02/Jun/26 14:53 +0300;AChmykhalov;Чмыхалов Алексей (ВИМ ИНВЕСТИЦИИ АО)
Чмыхалов Алексей (ВИМ ИНВЕСТИЦИИ АО)
6/2/2026, 12:50:47 PM
Да, спасибо!
Окончательное Тестирование с нагрузкой мы проведем своими силами на копии ПРОД базы на специальном тестовом контуре.
Вы главное проведите модульное тестирование (без нагрузки).

Коновка Антон
Коновка Антон
6/2/2026, 2:51:35 PM
Хорошо. Мы проверим отсутствие ошибок и изменения результата при ручной проверки формирования этих документов из обработки и отразим в логе + контроль что тесты у нас написанные по НДФЛ не упадут после правок в документах Начисление НДФЛ по портфелю и УК","04/Jun/26 14:46 +0300;AChmykhalov; 
Столова Екатерина 04.06.26 14:41:17 
 
	Чмыхалов Алексей (ВИМ ИНВЕСТИЦИИ АО) Добрый день!
*Данный заказ оценили в 24 нормо-часа. Стоимость составляет 93 600 руб.*
В случае положительного решения, напишите ""Оценка согласована"".
Ожидаем согласование оценки до 11.06.2026, далее заказ без подтверждения будет закрыт со статусом - ""Не будет решаться"".
Если в дальнейшем Вами будет принято решение продолжить работы по требованию, сообщите нам и мы возобновим работы по задаче.
Хорошего дня
","04/Jun/26 14:58 +0300;AChmykhalov;Согласование:  [^RE  Согласование расходов по доработкам Аванкор в рамках Розничного ДУ.msg] ","08/Jun/26 10:28 +0300;AChmykhalov;Столова Екатерина
Столова Екатерина
6/4/2026, 3:24:46 PM
Задача передаётся на планирование работ.","24/Jun/26 15:33 +0300;AChmykhalov; 
Коновка Антон 24.06.26 15:13:07 
 
	Поставили в план 03.08-11.08
","11/Aug/26 15:08 +0300;AChmykhalov;| |*Коновка Антон* 11.08.26 14:56:58|
| |
| |Коллеги, добрый день. Немного кривой срок спринта указал как то (не кратный неделе). Задача уже в работе. По прогнозам должны на этой неделе закончить. |","17/Aug/26 14:57 +0300;AChmykhalov; 
Клечковская Юлия 17.08.26 14:45:41 
 
	Работы по задаче завершены. Доработка будет доступна в следующей поставке. 
Лог проверки  [^384795535_e8228445b8cb496584131702bdca5a2b-170826-1458-121.pdf] 

2.8.7.1","19/Aug/26 6:01 +0300;AChmykhalov; 
Коновка Антон 19.08.26 0:48:27 
 
	Доступно в поставке 2.8.7.2
","26/Aug/26 6:27 +0300;AChmykhalov;Проверен код внесенных изменений   [^imdev7330_vendor_merge_report.html] 
Вендору сформирован список замечаний  [^imdev7330_jira_d1_d2.html] 
На комментарий в основной задачи автоматически сформировано обращение https://lk.avancore.ru/tasks/ASP-214139","27/Aug/26 14:34 +0300;AChmykhalov; 
Клечковская Юлия 27.08.26 14:22:39 
 
	Коллеги, спасибо за замечания!
поправили.

 

 
Клечковская Юлия 27.08.26 14:23:13 
 
	Будет доступно в следующей поставке.
","31/Aug/26 12:18 +0300;AMikhaylova;Добрый день! 

Со своей стороны посмотрели как работает сейчас обработка и выявили следующие моменты, которые тоже нужно поправить. Если для этого нужно завести отдельную задачу, дайте знать, я создам.

1) Нужно исключить из формирования начислений тех клиентов, у которых по всем портфелям не было оборотов по 90-м счетам за указанный период.

Если у клиента не было оборотов по 90-м счетам, значит у него не было никаких доходов/расходов, следовательно начисление по нему можно не создавать. 

Т.е. сейчас формируются много пустых начислений (по клиентам без оборотов), если их исключить формирование будет происходить быстрее.

Например, за период 01.01.2026 - 31.12.2026, за 2026 год, следующие клиенты с пустыми оборотами по 90-м счетам. 
|Абайдулина Диана Халяфовна|
|Абайдулова Галина Фатыховна|
|Абакарова Гулияр Запировна|
|Абакумова Анна Петровна|
|Абакумова Ирина Николаевна|

Но если по клиенту хотя бы по одному портфелю были обороты по 90-м счетам, начисление по нему нужно создавать.

2) Пробовала создать 5000 начислений, и у меня произошел сбой на клиенте, у которого есть портфель ИИС (Индивидуальные инвестиционные счета). 

Клиент - Гагарина Ирина Александровна. Она была в списке под номером 4 382. После нее начисления перестали формироваться.

Т.е. сформировались только 4 381 начисления.

Нужно проанализировать, всегда ли происходит сбой на клиентах с портфелями ИИС. 

 ","31/Aug/26 13:08 +0300;AChmykhalov;Привет!
  1) А какую версию ДУ 2.0 вы смотрите и в какой базе?  Текущие доработки действуют с версии 2.8.7.2 (и то там надо настраивать параметры)
  2) Я пока вам не выкладывал на тест, так как у меня еще будет много доработок по данной обработке (позже появятся комментарии об этом)
  3) Все что не связано со скоростью и техническими ошибками, а связано с бизнес -логикой (90 счет и т.п) к этой задаче не может относится, так как мы занимаемся только ускорением текущих расчетов

PS - По Гагариной - известная проблема (см. комментарий от 07/May/26 6:41, правда там Михайлов был, но у Гагариной та же проблема она просто позже появилась), решена в последнем релизе  ","31/Aug/26 13:17 +0300;AChmykhalov; [^РегрессИЗамеры_DR _Релиз АВАНКОР.docx]  - проведено Регрессионное и Оптимизационное тестирование, определены замечания к доработкам","31/Aug/26 13:20 +0300;AChmykhalov;Проверка исправлений 2.8.7.5   

Проверено, доработки по 2.8.7.5 успешны   [^imdev7330_fix_cf_transfer_report.html] 
--","31/Aug/26 14:01 +0300;AMikhaylova;Смотрела в UAT_FIN_2

Ок. Понятно.

По п. 3 мне тогда лучше задачу выставить после того, как закроем эту?","31/Aug/26 14:17 +0300;AChmykhalov;По п.3 да, это лучший вариант","31/Aug/26 14:39 +0300;AChmykhalov;*{color:#FF8B00}Новые требуемые доработки:{color}*

1. *Обход редких блокировок* (Определен принцип решения, требуется описание и доработка в расширении)  [^imdev7330_tz_prompt_locks_extension.html] 
2. *Оптимизация кэша* (Определен принцип решения, требуется описание и доработка в расширении)  [^imdev7330_tz_nkd_cache_pass_by_param.html] 
3. *Расхождения в суммах при расчете* -     [^imdev7330_ndfl_old_vs_new2_diff.html] . После внесения доработок при тестировании {color:#FF8B00}обратить внимание на расчет Платнова{color} !- после пересчета цифры восстановились, требуется отдельный анализ после выполнения предыдущих пунктов.
PS По Платонову ситуация иногда воспроизводится на Т-1 ,(т.е. это старый баг.)  ","02/Sep/26 10:32 +0300;AChmykhalov;Задачи на Аванкор  [^imdev7330_триРасширения_ДеревоИзмененныхОбъектов.html] 

Расширения:
 [^IMDEV7330_NkdParam.cfe] 
 [^IMDEV7330_NkdCoupon.cfe] 
 [^IMDEV7330_Locks.cfe] 

Создано обращение - https://lk.avancore.ru/tasks/ASP-214628

Добавлены комментарии вендору 03.09.2026","03/Sep/26 13:41 +0300;AChmykhalov; [^imdev7330_test_plan_old_vs_new5.html]  - результаты предварительного тестирования","07/Sep/26 10:22 +0300;AChmykhalov;!https://lk.avancore.ru/api/tasks/file/secure/useravatar?size=medium&avatarId=13246! 
Клечковская Юлия9/7/2026, 10:13:08 AM
Доброе утро! Спасибо, взяли в работу","09/Sep/26 7:26 +0300;AChmykhalov;|*Коцарев Павел* 08.09.26 17:22:45|
| |
|Работы по задаче завершены, решение будет доступно в следующей поставке|",,,,,,,,,,
[Аванкор] [Регл 2] Оптимизация регламентов. Вознаграждение за управление,IMAPPS-35316,974973,,Change Request,Closed,IMAPPS,IM Application Support,software,IMAPPS_Unassigned,,http://confluence/display/IMIT/IM+Application+Support,Medium,Done,AChmykhalov,KIkonnikov,AChmykhalov,09/Feb/26 8:37 +0300,25/May/26 21:00 +0300,14/Sep/26 5:36 +0300,18/May/26 8:39 +0300,IM-2026-05-18,AvancoreDU,,CAB,Retail_DU,,"h2. Внести изменения оптимизирующие выполнение регламентной операции ""Вознаграждение за управление""

h3. Замеры производительности (Фоновое задание: ЧмыхаловАА (5), SMSK02MG138U:6560)

||#||Модуль||Номер строки||Строка кода||Кол.||Врем.(чистое)||%(Врем.)(чистое)||Примечание||
|1|Документ.ПлатежноеПоручение.МодульМенеджера|591|{{РезультатЗапроса = Запрос.Выполнить()}}|4 924|688,492505|*23,31*|Требуется индексация. (""ДокументОснование"" в  ""Документ.ПлатежноеПоручение"")|
|2|РегистрСведений.РегистрРБК_СЧА.МодульМенеджера|471|{{Возврат Запрос.Выполнить().Выгрузить()}}|2 345|363,970856|*12,32*|Изменение алгоритма расчета СЧА/РСА. Описано в ТЗ: [^TZ_RegisterRSA_SCA_Algorithm_Refactoring.html]|
|3|Документ.НачислениеВознаграждения.МодульОбъекта|92|{{Результат = Запрос.Выполнить()}}|2 143|146,036502|*4,94*|Требуется индексация. (""ДоговорДУ"" в  ""Документ.НачислениеВознаграждения"")|
|4|-e1cb/tempstorage/b8ae976d-77c5-4186-ae54-840bf21709f9/se...-|413| |19|55,910359|*1,9*|-Изменение текста запроса во внешней обработке-. Описано в ТЗ: [^TZ_GetListInvestments_Query_Refactoring.html] *{color:#0747A6}Реализуем внетренней командой в задаче https://jira/browse/IMAPPS-35036{color}*|
",AChmykhalov,JiraAutomate,KIkonnikov,,,,,,"Проведено тестирование для определения медленных мест, определено как оптимизировать медленный алгоритм по получению за каждую дату квартала данных СЧА_РЧА для расчета вознаграждения за успех;09/Feb/26 9:12 +0300;AChmykhalov;12600","Проведение тестирования кода доработок вендора на соответствие заданию;10/Mar/26 6:21 +0300;AChmykhalov;3600",,,,,,,,,,,,,,,,,,,,,,,,0,0,16200,"9,223,372,036,854,775,807%",0,0,16200,Internal Only,,,,,,,,,,IMAPPS-35169,,,,,,,,,"17/Feb/26 9:18 +0300;KIkonnikov;RE Согласовать платные доработки по ДУ1.5 (оптимизация) - IMAPPS-35316.msg;https://jira/secure/attachment/2572014/RE+%D0%A1%D0%BE%D0%B3%D0%BB%D0%B0%D1%81%D0%BE%D0%B2%D0%B0%D1%82%D1%8C+%D0%BF%D0%BB%D0%B0%D1%82%D0%BD%D1%8B%D0%B5+%D0%B4%D0%BE%D1%80%D0%B0%D0%B1%D0%BE%D1%82%D0%BA%D0%B8+%D0%BF%D0%BE+%D0%94%D0%A31.5+%28%D0%BE%D0%BF%D1%82%D0%B8%D0%BC%D0%B8%D0%B7%D0%B0%D1%86%D0%B8%D1%8F%29+-+IMAPPS-35316.msg","09/Feb/26 9:03 +0300;AChmykhalov;rvu.cfe;https://jira/secure/attachment/2560871/rvu.cfe","09/Feb/26 8:41 +0300;AChmykhalov;TZ_GetListInvestments_Query_Refactoring.html;https://jira/secure/attachment/2560853/TZ_GetListInvestments_Query_Refactoring.html","09/Feb/26 8:41 +0300;AChmykhalov;TZ_RegisterRSA_SCA_Algorithm_Refactoring.html;https://jira/secure/attachment/2560854/TZ_RegisterRSA_SCA_Algorithm_Refactoring.html","09/Feb/26 9:02 +0300;AChmykhalov;ПланТестированияИТ_Регл2_35316_Оптимизация регламентов. Вознаграждение за управление - (Аванкор).docx;https://jira/secure/attachment/2560870/%D0%9F%D0%BB%D0%B0%D0%BD%D0%A2%D0%B5%D1%81%D1%82%D0%B8%D1%80%D0%BE%D0%B2%D0%B0%D0%BD%D0%B8%D1%8F%D0%98%D0%A2_%D0%A0%D0%B5%D0%B3%D0%BB2_35316_%D0%9E%D0%BF%D1%82%D0%B8%D0%BC%D0%B8%D0%B7%D0%B0%D1%86%D0%B8%D1%8F+%D1%80%D0%B5%D0%B3%D0%BB%D0%B0%D0%BC%D0%B5%D0%BD%D1%82%D0%BE%D0%B2.+%D0%92%D0%BE%D0%B7%D0%BD%D0%B0%D0%B3%D1%80%D0%B0%D0%B6%D0%B4%D0%B5%D0%BD%D0%B8%D0%B5+%D0%B7%D0%B0+%D1%83%D0%BF%D1%80%D0%B0%D0%B2%D0%BB%D0%B5%D0%BD%D0%B8%D0%B5+-+%28%D0%90%D0%B2%D0%B0%D0%BD%D0%BA%D0%BE%D1%80%29.docx","09/Feb/26 8:59 +0300;AChmykhalov;ПланТестированияИТ_Регл2_35316_Оптимизация регламентов. Вознаграждение за управление.docx;https://jira/secure/attachment/2560865/%D0%9F%D0%BB%D0%B0%D0%BD%D0%A2%D0%B5%D1%81%D1%82%D0%B8%D1%80%D0%BE%D0%B2%D0%B0%D0%BD%D0%B8%D1%8F%D0%98%D0%A2_%D0%A0%D0%B5%D0%B3%D0%BB2_35316_%D0%9E%D0%BF%D1%82%D0%B8%D0%BC%D0%B8%D0%B7%D0%B0%D1%86%D0%B8%D1%8F+%D1%80%D0%B5%D0%B3%D0%BB%D0%B0%D0%BC%D0%B5%D0%BD%D1%82%D0%BE%D0%B2.+%D0%92%D0%BE%D0%B7%D0%BD%D0%B0%D0%B3%D1%80%D0%B0%D0%B6%D0%B4%D0%B5%D0%BD%D0%B8%D0%B5+%D0%B7%D0%B0+%D1%83%D0%BF%D1%80%D0%B0%D0%B2%D0%BB%D0%B5%D0%BD%D0%B8%D0%B5.docx","09/Feb/26 8:45 +0300;AChmykhalov;Сверка по РСА СЧА (для вознаграждения).txt;https://jira/secure/attachment/2560856/%D0%A1%D0%B2%D0%B5%D1%80%D0%BA%D0%B0+%D0%BF%D0%BE+%D0%A0%D0%A1%D0%90+%D0%A1%D0%A7%D0%90+%28%D0%B4%D0%BB%D1%8F+%D0%B2%D0%BE%D0%B7%D0%BD%D0%B0%D0%B3%D1%80%D0%B0%D0%B6%D0%B4%D0%B5%D0%BD%D0%B8%D1%8F%29.txt","09/Feb/26 9:49 +0300;AChmykhalov;Сверка по РСА СЧА (для вознаграждения)-1.txt;https://jira/secure/attachment/2560942/%D0%A1%D0%B2%D0%B5%D1%80%D0%BA%D0%B0+%D0%BF%D0%BE+%D0%A0%D0%A1%D0%90+%D0%A1%D0%A7%D0%90+%28%D0%B4%D0%BB%D1%8F+%D0%B2%D0%BE%D0%B7%D0%BD%D0%B0%D0%B3%D1%80%D0%B0%D0%B6%D0%B4%D0%B5%D0%BD%D0%B8%D1%8F%29-1.txt","09/Feb/26 8:46 +0300;AChmykhalov;ТестированиеСверкиТиповогоИНовогоАлгоритмаРасчетаСЧА_РСА.epf;https://jira/secure/attachment/2560857/%D0%A2%D0%B5%D1%81%D1%82%D0%B8%D1%80%D0%BE%D0%B2%D0%B0%D0%BD%D0%B8%D0%B5%D0%A1%D0%B2%D0%B5%D1%80%D0%BA%D0%B8%D0%A2%D0%B8%D0%BF%D0%BE%D0%B2%D0%BE%D0%B3%D0%BE%D0%98%D0%9D%D0%BE%D0%B2%D0%BE%D0%B3%D0%BE%D0%90%D0%BB%D0%B3%D0%BE%D1%80%D0%B8%D1%82%D0%BC%D0%B0%D0%A0%D0%B0%D1%81%D1%87%D0%B5%D1%82%D0%B0%D0%A1%D0%A7%D0%90_%D0%A0%D0%A1%D0%90.epf","09/Feb/26 8:54 +0300;AChmykhalov;Тесты_Управление_СравнениеДанныхБылоСтало.rar;https://jira/secure/attachment/2560863/%D0%A2%D0%B5%D1%81%D1%82%D1%8B_%D0%A3%D0%BF%D1%80%D0%B0%D0%B2%D0%BB%D0%B5%D0%BD%D0%B8%D0%B5_%D0%A1%D1%80%D0%B0%D0%B2%D0%BD%D0%B5%D0%BD%D0%B8%D0%B5%D0%94%D0%B0%D0%BD%D0%BD%D1%8B%D1%85%D0%91%D1%8B%D0%BB%D0%BE%D0%A1%D1%82%D0%B0%D0%BB%D0%BE.rar",,,,,,,,,,,,,,,,,,,,,,,,WIM,,,,,,,,,,PMHN,,,,,,,,,,,,,,IMDEV-8633,,,,2 нормо-часа. Стоимость составляет 7 800 руб.,https://lk.avancore.ru/tasks/ASP-197912,,,,,,IM Back-Office DU,IM Back-Office DU,,,,,,,,,,,,,,,,,,,,yes,,,,,"0|i3zsx3:",0.0,,,,,,,,,,,,,,,,,,,,,,,,,,,,,,,Да,normal,,,,,"09/Feb/26 9:08 +0300;AChmykhalov;Документация для эскалации вендору:
Расширение [^rvu.cfe] 
План тестирования:  [^ПланТестированияИТ_Регл2_35316_Оптимизация регламентов. Вознаграждение за управление - (Аванкор).docx] 
Описание изменений в алгоритме расчета:  [^TZ_RegisterRSA_SCA_Algorithm_Refactoring.html]
Указание на необходимость индексации поля ""ДокументОснование"" в ""Документ.ПлатежноеПоручение"" и поля ""ДоговорДУ"" в  ""Документ.НачислениеВознаграждения"".","09/Feb/26 9:49 +0300;AChmykhalov;Отдельно результаты тестирования по заменяемому алгоритму:  [^Сверка по РСА СЧА (для вознаграждения)-1.txt] 
Отдельно сверка по документам начисления вознаграждения было \ стало:   [^Тесты_Управление_СравнениеДанныхБылоСтало.rar]    (данные не изменились)","13/Feb/26 10:48 +0300;AChmykhalov;Пользователь Еременко Константин внес изменения 13.02.26 10:36:49 
 
Статус:	Открыта Waiting for Studio 

","13/Feb/26 10:52 +0300;AChmykhalov;Столова Екатерина
2/13/2026, 10:50:25 AM
Чмыхалов Алексей (ВИМ ИНВЕСТИЦИИ АО)
Добрый день!
*Данный заказ оценили в *2 нормо-часа. Стоимость составляет 7 800 руб*.
В случае положительного решения, напишите ""Оценка согласована"".*
Ожидаем согласование оценки до 20.02.2026, далее заказ без подтверждения будет закрыт со статусом - ""Не будет решаться"".
Если в дальнейшем Вами будет принято решение продолжить работы по требованию, сообщите нам и мы возобновим работы по задаче.
Хорошего дня!","17/Feb/26 9:18 +0300;KIkonnikov;Согласовано, PMHN

[^RE Согласовать платные доработки по ДУ1.5 (оптимизация) - IMAPPS-35316.msg]","17/Feb/26 11:20 +0300;AChmykhalov;Столова Екатерина
Столова Екатерина
2/17/2026, 9:43:54 AM
Задача передаётся на планирование работ.","17/Feb/26 12:22 +0300;AChmykhalov; Еременко Константин 17.02.26 12:09:48 
 
	Принято в работу. Будет решено до 27/02/26.
","10/Mar/26 6:12 +0300;AChmykhalov;Еременко Константин
3/4/2026, 12:33:55 PM
Доступно в 1.5.27.8","10/Mar/26 6:12 +0300;AChmykhalov;УАТ - ОК.

h2. Проверка доработок rvu в релизе вендора 1.5.27.8

*Дата проверки:* 10.03.2026
*Задача:* IMAPPS-35037
*Расширение rvu:* {{rvu\InformationRegisters\РегистрРСА_СЧА\Ext\ManagerModule.bsl}}
*Релиз вендора 1.5.27.8:* {{InformationRegisters\РегистрРСА_СЧА\Ext\ManagerModule.bsl}}

----

h3. Результат проверки

*Доработка алгоритма* {{ТЗ_СЧА_РСА_НаДаты}} *(РегистрРСА_СЧА)* выполнена в релизе вендора 1.5.27.8.
Алгоритм (один запрос + слияние двух указателей) и результат *идентичны* расширению rvu.

----

h3. Построчное сравнение (только отличия)

||№||Аспект||rvu (расширение)||Релиз вендора 1.5.27.8||
|1|Директива|{{&Вместо(""ТЗ_СЧА_РСА_НаДаты"")}} в начале файла|_Отсутствует_ (базовая конфигурация)|
|2|Имя функции|{{rvu_ТЗ_СЧА_РСА_НаДаты}}|{{ТЗ_СЧА_РСА_НаДаты}}|
|3|Создание таблицы результата|Вызов {{НоваяТаблицаРезультата()}}|В начале функции: создание {{ТЗ_СЧАРСАНаДаты}} и колонки через {{ОбщегоНазначения.ОписаниеТипаДата/Число}}|
|4|Пустой случай (0 дат)|{{Возврат НоваяТаблицаРезультата();}}|{{Возврат ТЗ_СЧАРСАНаДаты;}}|
|5|Переменная результата в цикле|{{Результат}}|{{ТЗ_СЧАРСАНаДаты}}|
|6|Вспомогательная функция|{{НоваяТаблицаРезультата()}} (типы через {{Новый ОписаниеТипов}}, {{КвалификаторыЧисла}})|Функции нет, логика встроена в тело|

----

h3. Что совпадает полностью

* Документирующий комментарий перед функцией
* Текст запроса к регистру (ВЫБРАТЬ ... ГДЕ ДоговорДУ, Период <= МаксДата, УПОРЯДОЧИТЬ ПО Период УБЫВ)
* Комментарий к алгоритму слияния двух указателей с примером
* Логика цикла (два указателя, слияние по убыванию)
* Финальная сортировка «Дата Возр» и структура результата (Дата, РСА, СЧА)

----

h3. Вывод

{color:green}*Сравнение проведено успешно.*{color}

Отличия носят исключительно *стилистический* характер:
* в релизе вендора 1.5.27.8 не используется отдельная функция создания таблицы
* применяется {{ОбщегоНазначения}} вместо {{ОписаниеТипов}}

+Поведение и производительность совпадают с расширением rvu.+

","10/Mar/26 6:16 +0300;AChmykhalov;*Предусловия внедрения*
 * Паспорт объекта внедрения слинкован с задачей: Да
 * MergeRequest прошел ревью и принят в MAIN:
 * Слинкована DEPLOY-задача: Да

*План внедрения*
 * Тип объекта внедрения : Конфигурация
 * Название объекта внедрения: DU
 * Объект внедрения новый (да/нет): Нет
 * База внедрения (если применимо: указать название): PROD_AVC_DU
 * MergeRequest в GIT или номер коммита в DEV-хранилище: -
 * Помещено в каталог автозагрузки (если применимо: указать путь до файла): -
 * Версия (если применимо: указать внедряемый номер): *не ниже 1.5.27.8*
 * График внедрения (планово, срочно): планово

*Дополнительные действия*
 * Выполнить настройки (если применимо: указать параметры настроек): Выполнять настройки не нужно
 * Дополнительные действия при внедрении (если применимо: указать действия до и/или после): не требуется
","25/May/26 21:00 +0300;JiraAutomate;The issue was closed automaticaly due to staying in status ""Resolved"" more than 7 days",,,,,,,,,,,,,,,,,,,,,,,,,,,,,,
[Аванкор] [Регл 4] Оптимизация регламентов. Вечерние операции.,IMAPPS-35039,948331,,Change Request,Closed,IMAPPS,IM Application Support,software,IMAPPS_Unassigned,,http://confluence/display/IMIT/IM+Application+Support,Medium,Done,AChmykhalov,KIkonnikov,AChmykhalov,26/Jan/26 9:16 +0300,12/Aug/26 19:27 +0300,14/Sep/26 5:36 +0300,18/May/26 8:39 +0300,IM-2026-05-18,AvancoreDU,,CAB,Retail_DU,,"## Цепочка вызовов

Полная иерархия вызовов от точки входа до проблемных строк:

```text
1. Справочник.РегламентныеПериоды.Форма.РегламентныйПериод.Форма
   └─> СформироватьРегламентныеОперации(Ложь) [строка 823, КЛИЕНТ]
       └─> СформироватьДокументыЗакрытияПериода(ДатаПериода, ТекДоговор, УчитыватьВыполненные) [строка 864, СЕРВЕР]
           └─> ФоновыеЗаданияСервер.СоздатьПланРегламентныхОперацийДУ(...) [строка 1123, СЕРВЕР]
               └─> ОбщийМодуль.ФоновыеЗаданияСервер.Модуль
                   └─> ТекДокумент.ВыполнитьРегламентныеПроцедуры(Отказ, УчитыватьВыполненные) [строка 291, СЕРВЕР]
                       └─> Документ.ПланРегламентныхОперацийДУ.МодульОбъекта
                           └─> Справочники.ВидыОперацийЗакрытияПериода.ВыполнитьИсполняемуюПроцедуруЗакрытияПериода(...) [строка 67, СЕРВЕР]
                               └─> Справочник.ВидыОперацийЗакрытияПериода.МодульМенеджера
                                   └─> Выполнить(ИсполняемаяПроцедура + ""..."") [строка 182, СЕРВЕР]
                                       └─> ОбщийМодуль.ИсполняемыеПроцедурыЗакрытияПериода.Модуль
                                           │
                                           ├─> Операция_0010_УстановкаКотировок()
                                           │   └─> Документ.УстановкаКотировокЦБ.ЗаполнитьКотировки()
                                           │       └─> Запрос.Выполнить() [строка 299] ⚠️ ПРОБЛЕМА
                                           │
                                           ├─> Операция_1000_РасчетРСА_СЧА()
                                           │   └─> Документ.РасчетСЧА_РСА.ПолучитьСуммыРСАСЧА(...)
                                           │       ├─> Запрос.Выполнить() [строка 216] ⚠️ ПРОБЛЕМА
                                           │       └─> ЗапросУУ.Выполнить() [строка 505] ⚠️ ПРОБЛЕМА
                                           │
                                           ├─> Операция_0110_ПереоценкаАктивов()
                                           │   └─> Документ.ПереоценкаАктивов.ЗаполнитьТЧ()
                                           │       └─> Запрос.Выполнить() [строка 671] ⚠️ ПРОБЛЕМА
                                           │
                                           ├─> Операция_0040_НачислениеКД()
                                           │   └─> Документ.НачислениеКупонногоДохода.ЗаполнитьКупоннымиПериодами()
                                           │       ├─> Запрос.Выполнить().Выгрузить() [строка 269] ⚠️ ПРОБЛЕМА
                                           │       ├─> Запрос.Выполнить().Выгрузить() [строка 2211] ⚠️ ПРОБЛЕМА
                                           │       └─> Запрос.Выполнить().Выгрузить() [строка 1856] ⚠️ ПРОБЛЕМА
                                           │
                                           ├─> Операция_0110_ПереоценкаАктивов()
                                           │   └─> Документ.ПереоценкаАктивов.ЗаполнитьПоКотировкамУУ(ДефолтныеЭмитенты)
                                           │       └─> Запрос.Выполнить().Выгрузить() [строка 1784] ⚠️ ПРОБЛЕМА
                                           │
                                           ├─> Операция_0100_ПереоценкаДенежныхСредств()
                                           │   └─> Документ.ПереоценкаДенежныхСредств.МодульОбъекта
                                           │       └─> Запрос.ВыполнитьПакет() [строка 132] ⚠️ ПРОБЛЕМА
                                           │
                                           ├─> Операция_0150_ОпределениеСделокНаХудшихУсловиях()
                                           │   └─> Документ.ОпределениеСделокНаХудшихУсловиях.МодульОбъекта
                                           │       └─> Запрос.Выполнить() [строка 161] ⚠️ ПРОБЛЕМА
                                           │
                                           ├─> (Различные операции вызывают)
                                           │   ├─> ОбщийМодуль.КалендарныеГрафики.Модуль
                                           │   │   └─> ТаблицаДнейИсключений.Найти(День,""Дата"") [строка 310] ⚠️ ПРОБЛЕМА
                                           │   │
                                           │   ├─> Справочник.ПравилаОкругленияКотировок.МодульМенеджера
                                           │   │   └─> Запрос.Выполнить() [строка 70] ⚠️ ПРОБЛЕМА
                                           │   │
                                           │   ├─> Перечисление.МетодыРасчетаКотировок.МодульМенеджера
                                           │   │   └─> Запрос.Выполнить() [строка 156] ⚠️ ПРОБЛЕМА
                                           │   │
                                           │   └─> РегистрСведений.ЗначенияПараметровДоговораДУ.МодульМенеджера
                                           │       └─> Запрос.Выполнить() [строка 73] ⚠️ ПРОБЛЕМА
                                           │
                                           └─> (Цикл на клиенте)
                                               └─> СформироватьДокументыЗакрытияПериода(...) [строка 864] ⚠️ ПРОБЛЕМА
```

---

### Анализ по строкам кода

#### Таблица проблемных строк

| №   | Модуль                                                        | Строка | Код строки                                                                                        | Вызовов   | Время (сек) | Время (%) |
| --- | ------------------------------------------------------------- | ------ | ------------------------------------------------------------------------------------------------- | --------- | ----------- | --------- |
| 1   | Документ.РасчетСЧА_РСА.МодульМенеджера                        | 505    | `РезультатУУ = ЗапросУУ.Выполнить();`                                                             | 3 532     | 2 883,72    | 11,99%    |
| 2   | Документ.ПереоценкаАктивов.МодульОбъекта                      | 671    | `Результат = Запрос.Выполнить();`                                                                 | 3 528     | 2 471,83    | 10,27%    |
| 3   | Документ.НачислениеКупонногоДохода.МодульОбъекта              | 269    | `ТаблицаАктивов = ФильтроватьОблигацииОсобойПериодичности(Запрос.Выполнить().Выгрузить());`       | 3 528     | 2 316,44    | 9,63%     |
| 4   | Документ.УстановкаКотировокЦБ.МодульОбъекта                   | 299    | `Результат = Запрос.Выполнить();`                                                                 | 3 528     | 1 823,74    | 7,58%     |
| 5   | ОбщийМодуль.КалендарныеГрафики.Модуль                         | 310    | `НайденныйДень = ТаблицаДнейИсключений.Найти(День,""Дата"");`                                       | 2 946 871 | 1 510,54    | 6,28%     |
| 6   | Документ.ПереоценкаАктивов.МодульОбъекта                      | 1784   | `СтруктураВозврата.Вставить(""ПереоценкаАктивовТаблицаАктивыУУ"", Запрос.Выполнить().Выгрузить());` | 2 746     | 1 456,43    | 6,05%     |
| 7   | Справочник.ПравилаОкругленияКотировок.МодульМенеджера         | 70     | `Результат = Запрос.Выполнить();`                                                                 | 215 460   | 1 378,03    | 5,73%     |
| 8   | Перечисление.МетодыРасчетаКотировок.МодульМенеджера           | 156    | `Результат = Запрос.Выполнить();`                                                                 | 1 861     | 1 206,60    | 5,02%     |
| 9   | Документ.НачислениеКупонногоДохода.МодульОбъекта              | 2211   | `Результат = Запрос.Выполнить().Выгрузить();`                                                     | 1 691     | 1 126,18    | 4,68%     |
| 10  | Документ.ОпределениеСделокНаХудшихУсловиях.МодульОбъекта      | 161    | `Результат = Запрос.Выполнить();`                                                                 | 137       | 370,66      | 1,54%     |
| 11  | Документ.РасчетСЧА_РСА.МодульМенеджера                        | 216    | `Результат = Запрос.Выполнить();`                                                                 | 3 532     | 512,90      | 2,13%     |
| 12  | Документ.НачислениеКупонногоДохода.МодульОбъекта              | 1856   | `Результат = Запрос.Выполнить().Выгрузить();`                                                     | 1 691     | 403,94      | 1,68%     |
| 13  | Документ.ПереоценкаДенежныхСредств.МодульОбъекта              | 132    | `Результат = Запрос.ВыполнитьПакет();`                                                            | 3 510     | 379,88      | 1,58%     |
| 14  | РегистрСведений.ЗначенияПараметровДоговораДУ.МодульМенеджера  | 73     | `Результат = Запрос.Выполнить();`                                                                 | 31 597    | 284,63      | 1,18%     |

**Итого проблемных строк:** 14  
**Суммарное время:** ~20 550 секунд (~85% от общего времени)

## Выводы

1. **Основная проблема** - множественные запросы к одним и тем же данным для каждого договора
2. **Очень частые вызовы** требуют кэширования (правила округления, поиск дней)
3. **Временные таблицы** могут значительно сократить время выполнения
4. **Комплексная оптимизация** может сократить время выполнения в 2,5-3 раза

**Рекомендуемый порядок внедрения:**

1. Создание временных таблиц для всех основных операций
2. Кэширование правил округления котировок
3. Оптимизация поиска в таблице дней исключений

**Примечание:**

- Вечерние операции выполняются значительно дольше утренних (~6,7 часов против ~40 минут)
- Оптимизация особенно критична для вечерних операций

",AChmykhalov,JiraAutomate,KIkonnikov,,,,,,"Подготовка укрупненного перечня работ по  оптимизации вечерних операций. Подготовка общего описания на ""прочие"" оптимизации относящиеся ко всем операциям.;05/Feb/26 13:00 +0300;AChmykhalov;5400","Создание аналитики по пунктам оптимизации вечерних операций 2, 6 и 10:

- **П. 2** — Переоценка активов (ЗаполнитьТЧ, строка 671): документ решения, описание цепочки вызовов, рекомендации по кэшу котировок УУ.
- **П. 6** — Переоценка активов, второй запрос УУ при проведении (строка 1784): документ решения, рефакторинг запроса (ВТ_Активы / ВТ_Остатки, индексация по Актив), описание и замечания.
- **П. 10** — Определение сделок на худших условиях (строка 161): документ решения, рекомендация по индексированию реквизита ДоговорДУ (Документ.Сделка, БизнесПроцесс.ВнебиржеваяСделка).;10/Feb/26 15:50 +0300;AChmykhalov;18000","Разработка в расширении **rev** по пунктам 2, 6, 10 и тестирование:

- Реализация оптимизации п. 6 в модуле объекта Документ.ПереоценкаАктивов (ФормированиеСтруктурыУУ): вынос Остатки в ВТ_Остатки, индексация ВТ_Активы и ВТ_Остатки по Актив, отбор по активам через соединение без фильтра в Остатки(), маркировка блока IMAPPS-35039++/--.
- Проверка и тестирование изменений (проведение переоценки активов, корректность данных).
- Доработка документации (Решение_оптимизация_строка_1784, решение по п. 10).;11/Feb/26 12:46 +0300;AChmykhalov;16200","Анализ и разработка оптимизации по блоку ""Установка котировок"";13/Feb/26 8:30 +0300;AChmykhalov;16200","Доработки блока УстановкаКотировокЦБ, тестирование ИТ;13/Feb/26 15:16 +0300;AChmykhalov;12600","Оптимизация пункта 3: Начисление КД — облигации особой периодичности:
-анализ, разработка, тестирование;16/Feb/26 14:55 +0300;AChmykhalov;16200","Проведение регрессионного тестирования вечерних операций за несколько дней;18/Feb/26 6:10 +0300;AChmykhalov;18000","Проведение тестирования на дне где много сделок, определение времени было \ стало, регрессионное тестирование за этот день;19/Feb/26 5:48 +0300;AChmykhalov;14400","Проведено тестирование (успешно), собраны сводные данные по времени, и по регрессу. Собрана документация для передачи вендору.;19/Feb/26 13:49 +0300;AChmykhalov;14400","Доработки для Аванкор:  исправление расчета календарей, улучшение кода по тексту запроса ПолучитьТекстЗапросаОстатковОблигаций ;24/Mar/26 14:17 +0300;AChmykhalov;5400","Сверка по коду , расчет вечернего регламента на конфигурации 1.5.27.0 (прод) и 1.5.27.11 (новый расчет )  , сверка отчетов по данным на которые влияют оптимизированные доработки.;31/Mar/26 13:47 +0300;AChmykhalov;12600","Проведение тестирование по времени выполнения регламентов ""вечер"" на тестовом проде (варианты по актуальному количеству договоров на 01.04.2026 и по сгенерированному количеству 15 тыс Договоров ДУ на 02.04);02/Apr/26 17:55 +0300;AChmykhalov;14400",,,,,,,,,,,,,,0,0,163800,"9,223,372,036,854,775,807%",0,0,163800,Internal Only,,,,IMDEV-8926,,IMDEV-8663,IMDEV-8899,,,IMAPPS-35169,,,,,,IMDEV-9314,,,"10/Mar/26 14:13 +0300;KIkonnikov;RE Согласовать платные доработки по ДУ1.5 (оптимизация) - IMAPPS-35039.msg;https://jira/secure/attachment/2599162/RE+%D0%A1%D0%BE%D0%B3%D0%BB%D0%B0%D1%81%D0%BE%D0%B2%D0%B0%D1%82%D1%8C+%D0%BF%D0%BB%D0%B0%D1%82%D0%BD%D1%8B%D0%B5+%D0%B4%D0%BE%D1%80%D0%B0%D0%B1%D0%BE%D1%82%D0%BA%D0%B8+%D0%BF%D0%BE+%D0%94%D0%A31.5+%28%D0%BE%D0%BF%D1%82%D0%B8%D0%BC%D0%B8%D0%B7%D0%B0%D1%86%D0%B8%D1%8F%29+-+IMAPPS-35039.msg","19/Feb/26 13:50 +0300;AChmykhalov;rev.cfe;https://jira/secure/attachment/2577573/rev.cfe","17/Feb/26 9:47 +0300;AChmykhalov;Дерево_изменяемых_объектов_расширения_rev.html;https://jira/secure/attachment/2572080/%D0%94%D0%B5%D1%80%D0%B5%D0%B2%D0%BE_%D0%B8%D0%B7%D0%BC%D0%B5%D0%BD%D1%8F%D0%B5%D0%BC%D1%8B%D1%85_%D0%BE%D0%B1%D1%8A%D0%B5%D0%BA%D1%82%D0%BE%D0%B2_%D1%80%D0%B0%D1%81%D1%88%D0%B8%D1%80%D0%B5%D0%BD%D0%B8%D1%8F_rev.html","18/Feb/26 12:18 +0300;AChmykhalov;Для_вендора_Аванкор_расширение_rev_перенос_в_CF.html;https://jira/secure/attachment/2575800/%D0%94%D0%BB%D1%8F_%D0%B2%D0%B5%D0%BD%D0%B4%D0%BE%D1%80%D0%B0_%D0%90%D0%B2%D0%B0%D0%BD%D0%BA%D0%BE%D1%80_%D1%80%D0%B0%D1%81%D1%88%D0%B8%D1%80%D0%B5%D0%BD%D0%B8%D0%B5_rev_%D0%BF%D0%B5%D1%80%D0%B5%D0%BD%D0%BE%D1%81_%D0%B2_CF.html","12/Feb/26 13:23 +0300;AChmykhalov;Замеры_по_пунктам_оптимизации_вечерние.html;https://jira/secure/attachment/2567333/%D0%97%D0%B0%D0%BC%D0%B5%D1%80%D1%8B_%D0%BF%D0%BE_%D0%BF%D1%83%D0%BD%D0%BA%D1%82%D0%B0%D0%BC_%D0%BE%D0%BF%D1%82%D0%B8%D0%BC%D0%B8%D0%B7%D0%B0%D1%86%D0%B8%D0%B8_%D0%B2%D0%B5%D1%87%D0%B5%D1%80%D0%BD%D0%B8%D0%B5.html","06/Apr/26 6:29 +0300;AChmykhalov;Запуска Вечернего регламента на копии ПРОД.docx;https://jira/secure/attachment/2639333/%D0%97%D0%B0%D0%BF%D1%83%D1%81%D0%BA%D0%B0+%D0%92%D0%B5%D1%87%D0%B5%D1%80%D0%BD%D0%B5%D0%B3%D0%BE+%D1%80%D0%B5%D0%B3%D0%BB%D0%B0%D0%BC%D0%B5%D0%BD%D1%82%D0%B0+%D0%BD%D0%B0+%D0%BA%D0%BE%D0%BF%D0%B8%D0%B8+%D0%9F%D0%A0%D0%9E%D0%94.docx","18/Feb/26 12:18 +0300;AChmykhalov;Краткая_сводка_проблемы_и_решений_оптимизации_вечерние.html;https://jira/secure/attachment/2575799/%D0%9A%D1%80%D0%B0%D1%82%D0%BA%D0%B0%D1%8F_%D1%81%D0%B2%D0%BE%D0%B4%D0%BA%D0%B0_%D0%BF%D1%80%D0%BE%D0%B1%D0%BB%D0%B5%D0%BC%D1%8B_%D0%B8_%D1%80%D0%B5%D1%88%D0%B5%D0%BD%D0%B8%D0%B9_%D0%BE%D0%BF%D1%82%D0%B8%D0%BC%D0%B8%D0%B7%D0%B0%D1%86%D0%B8%D0%B8_%D0%B2%D0%B5%D1%87%D0%B5%D1%80%D0%BD%D0%B8%D0%B5.html","19/Feb/26 13:47 +0300;AChmykhalov;ПланИТТестирования_35039_СводныйЗаДень_ЗамерыРегресс.docx;https://jira/secure/attachment/2577568/%D0%9F%D0%BB%D0%B0%D0%BD%D0%98%D0%A2%D0%A2%D0%B5%D1%81%D1%82%D0%B8%D1%80%D0%BE%D0%B2%D0%B0%D0%BD%D0%B8%D1%8F_35039_%D0%A1%D0%B2%D0%BE%D0%B4%D0%BD%D1%8B%D0%B9%D0%97%D0%B0%D0%94%D0%B5%D0%BD%D1%8C_%D0%97%D0%B0%D0%BC%D0%B5%D1%80%D1%8B%D0%A0%D0%B5%D0%B3%D1%80%D0%B5%D1%81%D1%81.docx","11/Feb/26 12:39 +0300;AChmykhalov;ПланТестированияИТ_Регл4_35039_10_ОпределениеХудшихУсловий.docx;https://jira/secure/attachment/2564885/%D0%9F%D0%BB%D0%B0%D0%BD%D0%A2%D0%B5%D1%81%D1%82%D0%B8%D1%80%D0%BE%D0%B2%D0%B0%D0%BD%D0%B8%D1%8F%D0%98%D0%A2_%D0%A0%D0%B5%D0%B3%D0%BB4_35039_10_%D0%9E%D0%BF%D1%80%D0%B5%D0%B4%D0%B5%D0%BB%D0%B5%D0%BD%D0%B8%D0%B5%D0%A5%D1%83%D0%B4%D1%88%D0%B8%D1%85%D0%A3%D1%81%D0%BB%D0%BE%D0%B2%D0%B8%D0%B9.docx","11/Feb/26 12:39 +0300;AChmykhalov;ПланТестированияИТ_Регл4_35039_2_ПереоценкаАктивов.docx;https://jira/secure/attachment/2564886/%D0%9F%D0%BB%D0%B0%D0%BD%D0%A2%D0%B5%D1%81%D1%82%D0%B8%D1%80%D0%BE%D0%B2%D0%B0%D0%BD%D0%B8%D1%8F%D0%98%D0%A2_%D0%A0%D0%B5%D0%B3%D0%BB4_35039_2_%D0%9F%D0%B5%D1%80%D0%B5%D0%BE%D1%86%D0%B5%D0%BD%D0%BA%D0%B0%D0%90%D0%BA%D1%82%D0%B8%D0%B2%D0%BE%D0%B2.docx","16/Feb/26 12:07 +0300;AChmykhalov;ПланТестированияИТ_Регл4_35039_3_НачислениеКупонногоДохода.docx;https://jira/secure/attachment/2570765/%D0%9F%D0%BB%D0%B0%D0%BD%D0%A2%D0%B5%D1%81%D1%82%D0%B8%D1%80%D0%BE%D0%B2%D0%B0%D0%BD%D0%B8%D1%8F%D0%98%D0%A2_%D0%A0%D0%B5%D0%B3%D0%BB4_35039_3_%D0%9D%D0%B0%D1%87%D0%B8%D1%81%D0%BB%D0%B5%D0%BD%D0%B8%D0%B5%D0%9A%D1%83%D0%BF%D0%BE%D0%BD%D0%BD%D0%BE%D0%B3%D0%BE%D0%94%D0%BE%D1%85%D0%BE%D0%B4%D0%B0.docx","13/Feb/26 9:38 +0300;AChmykhalov;ПланТестированияИТ_Регл4_35039_4_УстановкаКотировок.docx;https://jira/secure/attachment/2568443/%D0%9F%D0%BB%D0%B0%D0%BD%D0%A2%D0%B5%D1%81%D1%82%D0%B8%D1%80%D0%BE%D0%B2%D0%B0%D0%BD%D0%B8%D1%8F%D0%98%D0%A2_%D0%A0%D0%B5%D0%B3%D0%BB4_35039_4_%D0%A3%D1%81%D1%82%D0%B0%D0%BD%D0%BE%D0%B2%D0%BA%D0%B0%D0%9A%D0%BE%D1%82%D0%B8%D1%80%D0%BE%D0%B2%D0%BE%D0%BA.docx","11/Feb/26 12:39 +0300;AChmykhalov;ПланТестированияИТ_Регл4_35039_5_КалендарныеГрафики.docx;https://jira/secure/attachment/2564887/%D0%9F%D0%BB%D0%B0%D0%BD%D0%A2%D0%B5%D1%81%D1%82%D0%B8%D1%80%D0%BE%D0%B2%D0%B0%D0%BD%D0%B8%D1%8F%D0%98%D0%A2_%D0%A0%D0%B5%D0%B3%D0%BB4_35039_5_%D0%9A%D0%B0%D0%BB%D0%B5%D0%BD%D0%B4%D0%B0%D1%80%D0%BD%D1%8B%D0%B5%D0%93%D1%80%D0%B0%D1%84%D0%B8%D0%BA%D0%B8.docx","11/Feb/26 12:39 +0300;AChmykhalov;ПланТестированияИТ_Регл4_35039_6_ПереоценкаАктивов.docx;https://jira/secure/attachment/2564888/%D0%9F%D0%BB%D0%B0%D0%BD%D0%A2%D0%B5%D1%81%D1%82%D0%B8%D1%80%D0%BE%D0%B2%D0%B0%D0%BD%D0%B8%D1%8F%D0%98%D0%A2_%D0%A0%D0%B5%D0%B3%D0%BB4_35039_6_%D0%9F%D0%B5%D1%80%D0%B5%D0%BE%D1%86%D0%B5%D0%BD%D0%BA%D0%B0%D0%90%D0%BA%D1%82%D0%B8%D0%B2%D0%BE%D0%B2.docx","11/Feb/26 12:39 +0300;AChmykhalov;ПланТестированияИТ_Регл4_35039_7_Правила округления котировок.docx;https://jira/secure/attachment/2564889/%D0%9F%D0%BB%D0%B0%D0%BD%D0%A2%D0%B5%D1%81%D1%82%D0%B8%D1%80%D0%BE%D0%B2%D0%B0%D0%BD%D0%B8%D1%8F%D0%98%D0%A2_%D0%A0%D0%B5%D0%B3%D0%BB4_35039_7_%D0%9F%D1%80%D0%B0%D0%B2%D0%B8%D0%BB%D0%B0+%D0%BE%D0%BA%D1%80%D1%83%D0%B3%D0%BB%D0%B5%D0%BD%D0%B8%D1%8F+%D0%BA%D0%BE%D1%82%D0%B8%D1%80%D0%BE%D0%B2%D0%BE%D0%BA.docx","11/Feb/26 14:06 +0300;AChmykhalov;ПланТестированияИТ_Регл4_35039_8_УстановкаКотировокДорасчет.docx;https://jira/secure/attachment/2565104/%D0%9F%D0%BB%D0%B0%D0%BD%D0%A2%D0%B5%D1%81%D1%82%D0%B8%D1%80%D0%BE%D0%B2%D0%B0%D0%BD%D0%B8%D1%8F%D0%98%D0%A2_%D0%A0%D0%B5%D0%B3%D0%BB4_35039_8_%D0%A3%D1%81%D1%82%D0%B0%D0%BD%D0%BE%D0%B2%D0%BA%D0%B0%D0%9A%D0%BE%D1%82%D0%B8%D1%80%D0%BE%D0%B2%D0%BE%D0%BA%D0%94%D0%BE%D1%80%D0%B0%D1%81%D1%87%D0%B5%D1%82.docx","11/Feb/26 18:44 +0300;AChmykhalov;Решение_оптимизация_строка_156_МетодыРасчетаКотировок.md;https://jira/secure/attachment/2566321/%D0%A0%D0%B5%D1%88%D0%B5%D0%BD%D0%B8%D0%B5_%D0%BE%D0%BF%D1%82%D0%B8%D0%BC%D0%B8%D0%B7%D0%B0%D1%86%D0%B8%D1%8F_%D1%81%D1%82%D1%80%D0%BE%D0%BA%D0%B0_156_%D0%9C%D0%B5%D1%82%D0%BE%D0%B4%D1%8B%D0%A0%D0%B0%D1%81%D1%87%D0%B5%D1%82%D0%B0%D0%9A%D0%BE%D1%82%D0%B8%D1%80%D0%BE%D0%B2%D0%BE%D0%BA.md","10/Feb/26 15:47 +0300;AChmykhalov;Решение_оптимизация_строка_161_ОпределениеСделокНаХудшихУсловиях.md;https://jira/secure/attachment/2563641/%D0%A0%D0%B5%D1%88%D0%B5%D0%BD%D0%B8%D0%B5_%D0%BE%D0%BF%D1%82%D0%B8%D0%BC%D0%B8%D0%B7%D0%B0%D1%86%D0%B8%D1%8F_%D1%81%D1%82%D1%80%D0%BE%D0%BA%D0%B0_161_%D0%9E%D0%BF%D1%80%D0%B5%D0%B4%D0%B5%D0%BB%D0%B5%D0%BD%D0%B8%D0%B5%D0%A1%D0%B4%D0%B5%D0%BB%D0%BE%D0%BA%D0%9D%D0%B0%D0%A5%D1%83%D0%B4%D1%88%D0%B8%D1%85%D0%A3%D1%81%D0%BB%D0%BE%D0%B2%D0%B8%D1%8F%D1%85.md","10/Feb/26 15:47 +0300;AChmykhalov;Решение_оптимизация_строка_1784_ПереоценкаАктивов.md;https://jira/secure/attachment/2563642/%D0%A0%D0%B5%D1%88%D0%B5%D0%BD%D0%B8%D0%B5_%D0%BE%D0%BF%D1%82%D0%B8%D0%BC%D0%B8%D0%B7%D0%B0%D1%86%D0%B8%D1%8F_%D1%81%D1%82%D1%80%D0%BE%D0%BA%D0%B0_1784_%D0%9F%D0%B5%D1%80%D0%B5%D0%BE%D1%86%D0%B5%D0%BD%D0%BA%D0%B0%D0%90%D0%BA%D1%82%D0%B8%D0%B2%D0%BE%D0%B2.md","16/Feb/26 8:47 +0300;AChmykhalov;Решение_оптимизация_строка_269_НачислениеКД.md;https://jira/secure/attachment/2570357/%D0%A0%D0%B5%D1%88%D0%B5%D0%BD%D0%B8%D0%B5_%D0%BE%D0%BF%D1%82%D0%B8%D0%BC%D0%B8%D0%B7%D0%B0%D1%86%D0%B8%D1%8F_%D1%81%D1%82%D1%80%D0%BE%D0%BA%D0%B0_269_%D0%9D%D0%B0%D1%87%D0%B8%D1%81%D0%BB%D0%B5%D0%BD%D0%B8%D0%B5%D0%9A%D0%94.md","13/Feb/26 8:31 +0300;AChmykhalov;Решение_оптимизация_строка_299_УстановкаКотировокЦБ.md;https://jira/secure/attachment/2568376/%D0%A0%D0%B5%D1%88%D0%B5%D0%BD%D0%B8%D0%B5_%D0%BE%D0%BF%D1%82%D0%B8%D0%BC%D0%B8%D0%B7%D0%B0%D1%86%D0%B8%D1%8F_%D1%81%D1%82%D1%80%D0%BE%D0%BA%D0%B0_299_%D0%A3%D1%81%D1%82%D0%B0%D0%BD%D0%BE%D0%B2%D0%BA%D0%B0%D0%9A%D0%BE%D1%82%D0%B8%D1%80%D0%BE%D0%B2%D0%BE%D0%BA%D0%A6%D0%91.md","05/Feb/26 8:43 +0300;AChmykhalov;Решение_оптимизация_строка_310_КалендарныеГрафики.md;https://jira/secure/attachment/2556883/%D0%A0%D0%B5%D1%88%D0%B5%D0%BD%D0%B8%D0%B5_%D0%BE%D0%BF%D1%82%D0%B8%D0%BC%D0%B8%D0%B7%D0%B0%D1%86%D0%B8%D1%8F_%D1%81%D1%82%D1%80%D0%BE%D0%BA%D0%B0_310_%D0%9A%D0%B0%D0%BB%D0%B5%D0%BD%D0%B4%D0%B0%D1%80%D0%BD%D1%8B%D0%B5%D0%93%D1%80%D0%B0%D1%84%D0%B8%D0%BA%D0%B8.md","10/Feb/26 15:47 +0300;AChmykhalov;Решение_оптимизация_строка_671_ПереоценкаАктивов.md;https://jira/secure/attachment/2563640/%D0%A0%D0%B5%D1%88%D0%B5%D0%BD%D0%B8%D0%B5_%D0%BE%D0%BF%D1%82%D0%B8%D0%BC%D0%B8%D0%B7%D0%B0%D1%86%D0%B8%D1%8F_%D1%81%D1%82%D1%80%D0%BE%D0%BA%D0%B0_671_%D0%9F%D0%B5%D1%80%D0%B5%D0%BE%D1%86%D0%B5%D0%BD%D0%BA%D0%B0%D0%90%D0%BA%D1%82%D0%B8%D0%B2%D0%BE%D0%B2.md","05/Feb/26 8:43 +0300;AChmykhalov;Решение_оптимизация_строка_70_ПравилаОкругленияКотировок.md;https://jira/secure/attachment/2556884/%D0%A0%D0%B5%D1%88%D0%B5%D0%BD%D0%B8%D0%B5_%D0%BE%D0%BF%D1%82%D0%B8%D0%BC%D0%B8%D0%B7%D0%B0%D1%86%D0%B8%D1%8F_%D1%81%D1%82%D1%80%D0%BE%D0%BA%D0%B0_70_%D0%9F%D1%80%D0%B0%D0%B2%D0%B8%D0%BB%D0%B0%D0%9E%D0%BA%D1%80%D1%83%D0%B3%D0%BB%D0%B5%D0%BD%D0%B8%D1%8F%D0%9A%D0%BE%D1%82%D0%B8%D1%80%D0%BE%D0%B2%D0%BE%D0%BA.md","31/Mar/26 13:44 +0300;AChmykhalov;Сверка_080426_РегламентВечер_Было_Стало.docx;https://jira/secure/attachment/2631721/%D0%A1%D0%B2%D0%B5%D1%80%D0%BA%D0%B0_080426_%D0%A0%D0%B5%D0%B3%D0%BB%D0%B0%D0%BC%D0%B5%D0%BD%D1%82%D0%92%D0%B5%D1%87%D0%B5%D1%80_%D0%91%D1%8B%D0%BB%D0%BE_%D0%A1%D1%82%D0%B0%D0%BB%D0%BE.docx","18/Feb/26 15:42 +0300;AChmykhalov;Сравнение_вечер_30_12_25.rar;https://jira/secure/attachment/2576260/%D0%A1%D1%80%D0%B0%D0%B2%D0%BD%D0%B5%D0%BD%D0%B8%D0%B5_%D0%B2%D0%B5%D1%87%D0%B5%D1%80_30_12_25.rar",,,,,,,,WIM,,,,,,,,,,PMHN,,,,,,,,,,,,,,IMDEV-8633,,,,8 нормо-часов. Стоимость составляет 31 200 руб.,https://lk.avancore.ru/tasks/ASP-199250,,,,,,IM Back-Office DU,IM Back-Office DU,,,,,,,,,,,,,,,,,,,,yes,,,,,"0|i3yp07:",0.0,,,,,,,,,,,,,,,,,,,,,,,,,,,,,,,Да,normal,,,,,"05/Feb/26 8:44 +0300;AChmykhalov;h1. Проблемные строки вечерних операций

Список пунктов оптимизации по документу «Замеры по пунктам оптимизации (вечерние операции)». Под каждым пунктом подставьте ссылку на документ решения и на тесты.

---
|| № блока || Номера операций || Код || Описание || Период выполнения ||
| **1** | 2, 6 | 0110 | Переоценка активов | 10.02 – 11.02 |
| **2** | 4, 8 | 0010 | Установка котировок | 12.02 – 13.02 |
| **3** | 5, 7, 10 | — | Прочее | 10.02 – 11.02 |
| **4** | 3 | 0040 | Начисление КД | 16.02 – 17.02 |
| **5** | Все | — | Тестирование и эскалация  | 18.02 – 19.02 |
---

**1. Расчет СЧА/РСА (запрос УУ)**  
Модуль: Документ.РасчетСЧА_РСА.МодульМенеджера, строка 505  
Код: `РезультатУУ = ЗапросУУ.Выполнить();`  
Вызовов: 3 532, время: 2 883,72 с (11,99%)

Описание: ПолучитьСуммыРСАСЧА(). Вызывается из Операция_1000_РасчетРСА_СЧА() через ИсполняемыеПроцедурыЗакрытияПериода. Запрос выполняется до проведения документа, получает данные для расчета СЧА и РСА для УУ.

Цепочка: Операция_1000_РасчетРСА_СЧА → ИсполняемыеПроцедурыЗакрытияПериода → Документ.РасчетСЧА_РСА → ПолучитьСуммыРСАСЧА(), стр. 505.

- Решение: пока оставляем как есть, запрос без сложных фильтров
---

**2. Переоценка активов (ЗаполнитьТЧ)**  
Модуль: Документ.ПереоценкаАктивов.МодульОбъекта, строка 671  
Код: `Результат = Запрос.Выполнить();`  
Вызовов: 3 528, время: 2 471,83 с (10,27%)

Описание: ЗаполнитьТЧ(). Вызывается из Операция_0110_ПереоценкаАктивов(). Запрос выполняется до проведения документа при заполнении табличной части, получает данные об активах для переоценки (котировки УУ по договорам). При массовом закрытии периода для каждого договора ДУ выполняется запрос к регистрам (остатки, котировки БУ/УУ, дефолтные события).

Цепочка: Операция_0110_ПереоценкаАктивов → Документ.ПереоценкаАктивов → ЗаполнитьТЧ() → АктивыЗаполнитьПоКотировкам() → ЗаполнитьПоКотировкамУУ(), стр. 671.

- Решение: [ [^Решение_оптимизация_строка_671_ПереоценкаАктивов.md] ]
- Тесты: [ [^ПланТестированияИТ_Регл4_35039_2_ПереоценкаАктивов.docx] ]

---

**3. Начисление КД — облигации особой периодичности**  
Модуль: Документ.НачислениеКупонногоДохода.МодульОбъекта, строка 269  
Код: `ТаблицаАктивов = ФильтроватьОблигации...(Запрос.Выполнить().Выгрузить());`  
Вызовов: 3 528, время: 2 316,44 с (9,63%)

Описание: ЗаполнитьКупоннымиПериодами(). Вызывается из Операция_0040_НачислениеКД(). Запрос получает облигации с особой периодичностью, результат фильтруется.

Цепочка: Операция_0040_НачислениеКД → Документ.НачислениеКупонногоДохода → ЗаполнитьКупоннымиПериодами(), стр. 269.

- Решение: [ [^Решение_оптимизация_строка_269_НачислениеКД.md] ]
- Тесты: [ [^ПланТестированияИТ_Регл4_35039_3_НачислениеКупонногоДохода.docx] ]

---

**4. Установка котировок ЦБ**  
Модуль: Документ.УстановкаКотировокЦБ.МодульОбъекта, строка 299  
Код: `Результат = Запрос.Выполнить();`  
Вызовов: 3 528, время: 1 823,74 с (7,58%)

Описание: ЗаполнитьКотировки(). Вызывается из Операция_0010_УстановкаКотировок(). Запрос выполняется до проведения документа, получает данные для установки котировок ценных бумаг.

Цепочка: Операция_0010_УстановкаКотировок → Документ.УстановкаКотировокЦБ → ЗаполнитьКотировки(), стр. 299.

- Решение: [ [^Решение_оптимизация_строка_299_УстановкаКотировокЦБ.md] ]
- Тесты: [ [^ПланТестированияИТ_Регл4_35039_4_УстановкаКотировок.docx] ]

---

**5. Поиск в таблице дней исключений**  
Модуль: ОбщийМодуль.КалендарныеГрафики.Модуль, строка 310  
Код: `НайденныйДень = ТаблицаДнейИсключений.Найти(День,""Дата"");`  
Вызовов: 2 946 871, время: 1 510,54 с (6,28%)

Описание: Вызывается при работе с календарными графиками (ОбщийМодуль.КалендарныеГрафики). Поиск дня в таблице исключений в функции ОпределитьТипДня.

Цепочка: Регламенты (переоценка, КД, котировки и др.) → КалендарныеГрафики (ПолучитьТаблицуРегистраКалендарь, ОпределитьТипДня, ПолучитьСледующуюРабочуюДату) → стр. 310.

- Решение: [ [^Решение_оптимизация_строка_310_КалендарныеГрафики.md] ]
- Тесты: [ [^ПланТестированияИТ_Регл4_35039_5_КалендарныеГрафики.docx] ]

---

**6. Переоценка активов — второй запрос (УУ при проведении)**  
Модуль: Документ.ПереоценкаАктивов.МодульОбъекта, строка 1784  
Код: `СтруктураВозврата.Вставить(""ПереоценкаАктивовТаблицаАктивыУУ"", Запрос.Выполнить().Выгрузить());`  
Вызовов: 2 746, время: 1 456,43 с (6,05%)

Описание: Функция ФормированиеСтруктурыУУ(), вызывается при проведении документа при формировании движений и структур УУ/НУ. Запрос получает данные для таблицы «ПереоценкаАктивовТаблицаАктивыУУ»: список активов из входной таблицы и остатки по ним из регистра накопления СтоимостьАктивовУправленческий на момент проведения.

Цепочка: Операция_0110_ПереоценкаАктивов → Документ.ПереоценкаАктивов (проведение) → ФормированиеСтруктурыУУ() → стр. 1784.

- Решение: [ [^Решение_оптимизация_строка_1784_ПереоценкаАктивов.md] ]
- Тесты: [ [^ПланТестированияИТ_Регл4_35039_6_ПереоценкаАктивов.docx] ]

---

**7. Правила округления котировок**  
Модуль: Справочник.ПравилаОкругленияКотировок.МодульМенеджера, строка 70  
Код: `Результат = Запрос.Выполнить();`  
Вызовов: 215 460, время: 1 378,03 с (5,73%)

Описание: Запрос в функции ПравилаОкругленияПоВидуАктива (модуль менеджера справочника). Выполняется при расчетах котировок, переоценке, НКД и др.

Цепочка: Операция_0010_УстановкаКотировок, Операция_0110_ПереоценкаАктивов, Операция_0040_НачислениеКД и др. → расчеты котировок/переоценки → Справочник.ПравилаОкругленияКотировок.ПравилаОкругленияПоВидуАктива(), стр. 70.

- Решение: [ [^Решение_оптимизация_строка_70_ПравилаОкругленияКотировок.md] ]
- Тесты: [ [^ПланТестированияИТ_Регл4_35039_7_Правила округления котировок.docx] ]

---

**8. Методы расчета котировок**  
Модуль: Перечисление.МетодыРасчетаКотировок.МодульМенеджера, строка 156  
Код: `Результат = Запрос.Выполнить();`  
Вызовов: 1 861, время: 1 206,60 с (5,02%)

Описание: Запрос к перечислению методов расчета котировок в модуле менеджера перечисления.

Цепочка: Операция_0010_УстановкаКотировок → УстановкаКотировокЦБ / УстановкаКотировокЦБПоПулам (ЗаполнитьКотировки) → РасчетныеКотировкиЦенныхБумаг → ОпределитьКотировкиПоБалансовойСтоимости (и др.), стр. 156.

- Решение: [ [^Решение_оптимизация_строка_156_МетодыРасчетаКотировок.md] ]
- Тесты: [ [^ПланТестированияИТ_Регл4_35039_8_УстановкаКотировокДорасчет.docx] ]

---

**9. Начисление КД — второй запрос**  
Модуль: Документ.НачислениеКупонногоДохода.МодульОбъекта, строка 2211  
Код: `Результат = Запрос.Выполнить().Выгрузить();`  
Вызовов: 1 691, время: 1 126,18 с (4,68%)

Описание: Второй запрос в процедуре начисления купонного дохода. Получает дополнительные данные для расчета купонного дохода.
Цепочка: Операция_0040_НачислениеКД → Документ.НачислениеКупонногоДохода → (процедура с запросом), стр. 2211.

- Решение: пока оставляем как есть, в других днях он не попадает в топ медленных
---

**10. Определение сделок на худших условиях**  
Модуль: Документ.ОпределениеСделокНаХудшихУсловиях.МодульОбъекта, строка 161  
Код: `Результат = Запрос.Выполнить();`  
Вызовов: 137, время: 370,66 с (1,54%)

Описание: Запрос выполняется в процедуре определения сделок на худших условиях (Операция_0150_ОпределениеСделокНаХудшихУсловиях). Вызывается из ИсполняемыхПроцедурЗакрытияПериода. Получает данные о сделках для анализа. Время на один вызов очень велико (~2,7 с). Рекомендация: включить индексирование реквизита ДоговорДУ в Документ.Сделка и в БизнесПроцесс.ВнебиржеваяСделка (в базовой конфигурации для этих объектов реквизит ДоговорДУ имеет DontIndex).

Цепочка: Операция_0150_ОпределениеСделокНаХудшихУсловиях → Документ.ОпределениеСделокНаХудшихУсловиях → стр. 161.

- Решение: [ [^Решение_оптимизация_строка_161_ОпределениеСделокНаХудшихУсловиях.md] ]
- Тесты: [ [^ПланТестированияИТ_Регл4_35039_10_ОпределениеХудшихУсловий.docx] ]
","05/Feb/26 8:47 +0300;AChmykhalov;Расширение  [^rev.cfe]  на базе версии [1.5.27.6]
(также включает в себя доработки по ранее переданной задаче по утренним регламентам [IMAPPS-35037])

Документация для эскалации вендору Аванкор:
 [^Замеры_по_пунктам_оптимизации_вечерние.html] 
 [^Дерево_изменяемых_объектов_расширения_rev.html] 
 [^Краткая_сводка_проблемы_и_решений_оптимизации_вечерние.html] 
 [^Для_вендора_Аванкор_расширение_rev_перенос_в_CF.html] 

План тестирования:  
[^ПланИТТестирования_35039_СводныйЗаДень_ЗамерыРегресс.docx] ","19/Feb/26 13:57 +0300;AChmykhalov;Комментарий-памятка: {color:#4C9AFF}Чтобы не забыть{color}, при описании Плана внедрения, надо будет написать чтобы после внедрения установить в Истина новую константу ИспользоватьПредварительныеЗапросыДляВечернихРегламентов","10/Mar/26 6:17 +0300;AChmykhalov;Столова Екатерина
2/24/2026, 9:57:57 AM
Чмыхалов Алексей (ВИМ ИНВЕСТИЦИИ АО)
Добрый день!
{color:#FFAB00}Данный заказ оценили в 6 нормо-часов. Стоимость составляет 23 400 руб.{color}
В случае положительного решения, напишите ""Оценка согласована"".
Ожидаем согласование оценки до 04.03.2026, далее заказ без подтверждения будет закрыт со статусом - ""Не будет решаться"".
Если в дальнейшем Вами будет принято решение продолжить работы по требованию, сообщите нам и мы возобновим работы по задаче.
Хорошего дня!","10/Mar/26 10:56 +0300;AChmykhalov;Столова Екатерина
Столова Екатерина
3/10/2026, 10:50:18 AM
Чмыхалов Алексей (ВИМ ИНВЕСТИЦИИ АО)
Добрый день!
*{color:#00875A}Данный заказ оценили в 8 нормо-часов. Стоимость составляет 31 200 руб.{color}*
В случае положительного решения, напишите ""Оценка согласована"".
Ожидаем согласование оценки до 17.03.2026, далее заказ без подтверждения будет закрыт со статусом - ""Не будет решаться"".
Если в дальнейшем Вами будет принято решение продолжить работы по требованию, сообщите нам и мы возобновим работы по задаче.
Хорошего дня!

Чмыхалов Алексей (ВИМ ИНВЕСТИЦИИ АО)
Чмыхалов Алексей (ВИМ ИНВЕСТИЦИИ АО)
3/10/2026, 10:53:18 AM
Я ранее подал бизнесу на согласование:
Столова Екатерина2/24/2026, 9:57:57 AM
Чмыхалов Алексей (ВИМ ИНВЕСТИЦИИ АО)
Добрый день!
Данный заказ оценили в 6 нормо-часов. Стоимость составляет 23 400 руб.
В случае положительного решения, напишите ""Оценка согласована"".
Ожидаем согласование оценки до 04.03.2026, далее заказ без подтверждения будет закрыт со статусом - ""Не будет решаться"".
Если в дальнейшем Вами будет принято решение продолжить работы по требованию, сообщите нам и мы возобновим работы по задаче.
Хорошего дня!

Напишите за счет чего увеличено время на 2 часа?","10/Mar/26 11:52 +0300;AChmykhalov;Еременко Константин
3/10/2026, 11:27:59 AM
Алексей, там на анализ не учли + в связи с ошибкой и по практике выполнения предыдущих задач оценка скорректирована была.","10/Mar/26 14:13 +0300;KIkonnikov;Согласовано 8h на сумму 31200 руб. - PMHN

[^RE Согласовать платные доработки по ДУ1.5 (оптимизация) - IMAPPS-35039.msg]","10/Mar/26 15:09 +0300;AChmykhalov;Столова Екатерина
3/10/2026, 2:48:33 PM
Задача передаётся на планирование работ","11/Mar/26 6:09 +0300;AChmykhalov;Еременко Константин 10.03.26 17:39:49 
 
Принято в работу. Будет решено до 20/03/26.

","21/Mar/26 18:25 +0300;AChmykhalov;Еременко Константин
3/20/2026, 10:34:02 AM
Добрый день. Поставка будет в понедельник сорей всего. Извините, немного не успеваем.
","24/Mar/26 8:54 +0300;AChmykhalov;ременко Константин
3/22/2026, 2:36:18 PM
Добрый день,
просьба переделать запросы, а то их в таком виде будет тяжело поддерживать. Нужно чтобы запрос можно было иметь возможность открыть конструктором запросов.
Вот правила ИТС https://its.1c.ru/db/v8std#content:437:hdoc
6.2. Нужно стараться, чтобы каждая часть формируемого запроса могла быть открыта с помощью конструктора запросов

это позволяет осуществить экспресс-проверку корректности синтаксиса запроса
это упрощает разработку и сопровождение кода конфигурации, в том числе сторонними разработчиками
ПолучитьТекстЗапросаОстатковОблигаций(УсловиеДоговора, УсловиеБУ, ПрименятьФильтрОсобенныйУчет = Истина)
Если есть еще какие-то подобные, то тоже пожалуйста исправьте.
2.  В календарных графиках у вас вечный цикл получается. 
Тест не проходит.


image-2026-03-22-19-46-27-171.png
Чмыхалов Алексей (ВИМ ИНВЕСТИЦИИ АО)
Чмыхалов Алексей (ВИМ ИНВЕСТИЦИИ АО)
3/24/2026, 8:53:11 AM
Спасибо!
Смотрите нам очень нужны изменения по модулю регламентных заданий, так как в связи с резким увеличением количества Договоров сильно замедлились расчеты вечерних регламентов. По запросам можете оставить комментарий, но надо уже внедрять решение, там не просто так сделано через плейсхолдеры.

По календарям: нужно подправить несколько строк: ДоработкаКалендарь.docx (также эти изменения внес в код в revДоработкаКалендарь.cfe)

Очень ждем поставки. Мы еще неоднократно будет вносить доработки в этот модуль, это только первые шаги чтобы ускорить хотя бы в основном расчеты.
Также будем проводить рефакторинг и улучшать.","24/Mar/26 15:42 +0300;AChmykhalov;Заведена переписка по тестированию поставки https://lk.avancore.ru/tasks/ASP-201873
Ок, вендор исправил поставку, новая версия 1.5.27.10","24/Mar/26 18:17 +0300;AChmykhalov;h1. Сравнение выполнения доработок вендором Аванкор по коду на соответствие заданию

_Автоматический построчный анализ тел процедур. Повторная тщательная проверка: 24.03.2026_

{panel:title=Методика|borderStyle=solid|borderColor=#b6d9ff|titleBGColor=#dbeafe|bgColor=#eaf4ff}
Для каждого объекта из {{Дерево_изменяемых_объектов_расширения_rev.html}} найдена соответствующая процедура/функция в расширении {{rev}} и в конфигурации вендора {{CF_Доработки_REV_включая_rvu_И_rm}}. Тела процедур сравнены построчно.

*Ожидаемые отличия (не являются ошибками):* удаление аннотации {{&Вместо(""..."")}}, удаление префикса {{rev_}} / {{re_}} / {{reg_m_}} / {{r_}} из имени, добавление комментариев {{ASP-XXXXXX}} вендором.
{panel}

{panel:title=Статистика|borderStyle=solid|borderColor=#d9e2ec|bgColor=#f7f9fc}
* Всего процедур проверено: *21*
* {color:#16a34a}Тело совпадает: *20*{color}
* {color:#92400e}С намеренным изменением вендора: *1*{color}
* {color:#16a34a}Отсутствуют в CF: *0*{color}
{panel}

{panel:title=Проверки CF-части (константа и индексирование)|borderStyle=solid|borderColor=#9bd8cf|titleBGColor=#ccece6|bgColor=#eefaf8}
* (/) Константа {{ИспользоватьПредварительныеЗапросыДляВечернихРегламентов}} -- найдена в CF
* (/) {{Документ.Сделка.ДоговорДУ}} -- Indexing = *Index* (было DontIndex)
* (/) {{БизнесПроцесс.ВнебиржеваяСделка.ДоговорДУ}} -- Indexing = *Index* (было DontIndex)
{panel}

h2. 1. Справочники

h3. 1.1. Справочник.РегламентныеПериоды -- модуль менеджера

||Процедура в rev||Процедура в CF||Результат||
|{{r_СформироватьРегламентныеОперации}} _(rev стр. 40-192)_|{{СформироватьРегламентныеОперации}} _(CF стр. 249-401)_|{color:#16a34a}*IDENTICAL*{color}|
|{{ЗаполнитьПараметрыСохраненияПакетнымиДаннымиВечернихОпераций}} _(rev стр. 294-335)_|{{ЗаполнитьПараметрыСохраненияПакетнымиДаннымиВечернихОпераций}} _(CF стр. 797-838)_|{color:#16a34a}*IDENTICAL*{color}|
|{{r_СформироватьДокументыЗакрытияПериода}} _(rev стр. 388-631)_|{{СформироватьДокументыЗакрытияПериода}} _(CF стр. 539-782)_|{color:#16a34a}*IDENTICAL*{color}|

h3. 1.2. Справочник.ВидыОперацийЗакрытияПериода -- модуль менеджера

||Процедура в rev||Процедура в CF||Результат||
|{{reg_m_ВыполнитьИсполняемуюПроцедуруЗакрытияПериода}} _(rev стр. 2-46)_|{{ВыполнитьИсполняемуюПроцедуруЗакрытияПериода}} _(CF стр. 170-214)_|{color:#16a34a}*IDENTICAL*{color}|

h3. 1.3. Справочник.ПравилаОкругленияКотировок -- модуль менеджера

||Функция в rev||Функция в CF||Результат||
|{{re_ПравилаОкругленияПоВидуАктива}} _(rev стр. 3-5, делегирует в ОбщегоНазначенияДУПовтИсп)_|{{ПравилаОкругленияПоВидуАктива}} _(CF стр. 12-14)_|{color:#16a34a}*IDENTICAL*{color}|

h2. 2. Документы

h3. 2.1. Документ.УстановкаКотировокЦБ -- модуль объекта

||Процедура в rev||Процедура в CF||Результат||
|{{rev_ЗаполнитьКотировки}}|{{ЗаполнитьКотировки}} _(CF стр. 54-150)_|{color:#16a34a}*IDENTICAL*{color}|
|{{rev_СписокЦБДляЗаполнения}}|{{СписокЦБДляЗаполнения}} _(CF стр. 166-327)_|{color:#16a34a}*IDENTICAL*{color}|

h3. 2.2. Документ.ПереоценкаАктивов -- модуль объекта

||Процедура в rev||Процедура в CF||Результат||
|{{rev_ЗаполнитьТЧ}}|{{ЗаполнитьТЧ}} _(CF стр. 32-39)_|{color:#16a34a}*IDENTICAL*{color}|
|{{rev_АктивыЗаполнитьПоКотировкам}}|Интегрировано в {{ЗаполнитьПоКотировкамУУ}}|{color:#16a34a}*IDENTICAL*{color}|
|{{rev_ЗаполнитьПоКотировкамУУ}}|{{ЗаполнитьПоКотировкамУУ}} _(CF стр. 546-639)_|{color:#16a34a}*IDENTICAL*{color}|
|{{rev_ФормированиеСтруктурыУУ}}|{{ФормированиеСтруктурыУУ}} _(CF стр. 1926-2079)_|{color:#16a34a}*IDENTICAL*{color}|

h3. 2.3. Документ.НачислениеКупонногоДохода -- модуль объекта

||Процедура в rev||Процедура в CF||Результат||
|{{rev_ЗаполнитьКупоннымиПериодами}} _(rev стр. 25-302)_|{{ЗаполнитьКупоннымиПериодами}} _(CF стр. 55-333)_|{color:#16a34a}*IDENTICAL*{color}|

h3. 2.4. Документ.ПланРегламентныхОперацийДУ -- модуль объекта

||Процедура в rev||Процедура в CF||Результат||
|{{reg_m_ВыполнитьРегламентныеПроцедуры}} _(rev стр. 5-107)_|{{ВыполнитьРегламентныеПроцедуры}} _(CF стр. 8-111)_|{color:#16a34a}*IDENTICAL*{color}|

h2. 3. Перечисления

h3. 3.1. Перечисление.МетодыРасчетаКотировок -- модуль менеджера

||Процедура в rev||Процедура в CF||Результат||
|{{rev_ОпределитьКотировкиПоБалансовойСтоимости}} _(rev стр. 3-105)_|{{ОпределитьКотировкиПоБалансовойСтоимости}} _(CF стр. 99-201)_|{color:#16a34a}*IDENTICAL*{color}|

h2. 4. Общие модули

h3. 4.1. ИсполняемыеПроцедурыЗакрытияПериода

||Процедура в rev||Процедура в CF||Результат||
|{{rev_Операция_0010_УстановкаКотировок}} _(rev стр. 283-314)_|{{Операция_0010_УстановкаКотировок}} _(CF стр. 478-510)_|{color:#16a34a}*IDENTICAL*{color}|
|{{rev_Операция_0110_ПереоценкаАктивов}} _(rev стр. 237-280)_|{{Операция_0110_ПереоценкаАктивов}} _(CF стр. 1396-1438)_|{color:#16a34a}*IDENTICAL*{color}|
|{{rev_Операция_0040_НачислениеКД}} _(rev стр. 317-362)_|{{Операция_0040_НачислениеКД}} _(CF стр. 750-796)_|{color:#16a34a}*IDENTICAL*{color}|

h3. 4.2. ФоновыеЗаданияСервер

||Процедура в rev||Функция в CF||Результат||
|{{reg_m_СоздатьПланРегламентныхОперацийДУ}} _(rev стр. 4-78)_|{{СоздатьПланРегламентныхОперацийДУ}} _(CF стр. 245-320)_|{color:#16a34a}*IDENTICAL*{color}|

h3. 4.3. КалендарныеГрафики

||Функция в rev||Функция в CF||Результат||
|{{re_ПолучитьСледующуюРабочуюДату}} _(rev стр. 3-51)_|{{ПолучитьСледующуюРабочуюДату}} _(CF стр. 565-614)_|{color:#92400e}*CHANGED*{color}|
|{{re_ПолучитьТаблицуРегистраКалендарь}} _(rev стр. 56-94)_|{{ПолучитьТаблицуРегистраКалендарь}} _(CF стр. 341-379)_|{color:#16a34a}*IDENTICAL*{color}|
|{{re_ОпределитьТипДня}} _(rev стр. 99-130)_|{{ОпределитьТипДня}} _(CF стр. 298-329)_|{color:#16a34a}*IDENTICAL*{color}|

{panel:title=Намеренное изменение вендора (оптимизация) в ПолучитьСледующуюРабочуюДату|borderStyle=solid|borderColor=#fde68a|titleBGColor=#fef9c3|bgColor=#fffbeb}
*REV:*
{noformat}
ДанныеКалендаря = ПолучитьТаблицуРегистраКалендарь(Календарь, , , Истина);
{noformat}
*CF:*
{noformat}
ДанныеКалендаря = КалендарныеГрафикиПовтИсп.ПолучитьТаблицуРегистраКалендарь(Календарь, , , Истина);
{noformat}
Вендор перенаправил вызов через модуль повторного использования {{КалендарныеГрафикиПовтИсп}}, который является оберткой и вызывает {{КалендарныеГрафики.ПолучитьТаблицуРегистраКалендарь}}. Функциональная логика идентична, но результат кэшируется на уровне сеанса -- это оптимизация производительности.
{panel}

h3. 4.4. ОбщегоНазначенияДУ

||Функция в rev||Функция в CF||Результат||
|{{СоответствиеТаблицПоДоговорамДУ}} _(rev стр. 15-67)_|{{СоответствиеТаблицПоДоговорамДУ}} _(CF стр. 3005-3057)_|{color:#16a34a}*IDENTICAL*{color}|
|{{ДатаСЗаданнымиСекундами}} _(rev стр. 84-89)_|{{ДатаСЗаданнымиСекундами}} _(CF стр. 3073-3078)_|{color:#16a34a}*IDENTICAL*{color}|

h3. 4.5. ОбщегоНазначенияДУПовтИсп

||Функция в rev||Функция в CF||Результат||
|{{ПравилаОкругленияПоВидуАктива}} _(rev стр. 12-94)_|{{ПравилаОкругленияПоВидуАктива}} _(CF стр. 74-156)_|{color:#16a34a}*IDENTICAL*{color}|

{panel:title=Заключение|borderStyle=solid|borderColor=#e2e8f0|titleBGColor=#f1f5f9|bgColor=#ffffff}
Все 21 процедура/функция из дерева изменяемых объектов расширения rev найдены в конфигурации CF вендора. 20 из 21 -- тела процедур функционально идентичны. Отличия ограничены ожидаемыми изменениями при переносе из расширения в основную конфигурацию: удаление аннотаций {{&Вместо}}, удаление префиксов имен, добавление комментариев {{ASP-XXXXXX}}.

*1 намеренное изменение вендора:* В функции {{ПолучитьСледующуюРабочуюДату}} модуля {{КалендарныеГрафики}} вызов {{ПолучитьТаблицуРегистраКалендарь}} заменен на {{КалендарныеГрафикиПовтИсп.ПолучитьТаблицуРегистраКалендарь}} -- оптимизация через кэширование в модуле повторного использования. Логика сохранена полностью.

CF-часть (константа, индексирование) также выполнена корректно.
{panel}
","27/Mar/26 9:07 +0300;AChmykhalov;В процессе тестирования.  Закончилось место в журнале транзакций базы tempdp на SMSK02DB310U\DBMAM1C06  Ошибка при работе  с базой данных  AVC_REGR_CLEAN_DU на сервере  SMSK02DB310U\DBMAM1C06: Ошибка СУБД:
Microsoft OLE DB Driver 19 for SQL Server: The transaction log for database 'tempdb' is full due to 'ACTIVE_TRANSACTION'.
HRESULT=80040E14, SQLSrvr: SQLSTATE=42000, state=4, Severity=11, native=9002, line=1

Завел заявку ИТ то ИТ https://itportal/MyRequests/RequestDetails?type=ServiceRequest&id=SR6564805 для чистки","29/Mar/26 13:35 +0300;AChmykhalov;Описание

Повторилась ошибка (смотри заявку SR6564805 )

Ошибка при работе с базой данных от 27.03.2026 20:18:01 на сервере SMSK02DB310U\DBMAM1C06
Ошибка СУБД:
Microsoft OLE DB Driver 19 for SQL Server: The transaction log for database 'tempdb' is full due to 'ACTIVE_TRANSACTION'.
HRESULT=80040E14, SQLSrvr: SQLSTATE=42000, state=4, Severity=11, native=9002, line=1

Завел заявку SR6567880   ИТ то ИТ","31/Mar/26 5:59 +0300;AChmykhalov;По заявке почистили место на диске ,

ИТ тестирование - успешно,
сверка по коду и по изменяемым данным расхождений не выявила  [^Сверка_080426_РегламентВечер_Было_Стало.docx] ","02/Apr/26 7:56 +0300;AChmykhalov;Обновлена база Srvr=""SMSK02MG138:8541"";Ref=""AVC_UAT_RDU_PERFTEST"";
Залита ДУ на 01.04.2026,  обновлена конфигурация на тестируемую версию 1.5.27.11

h1. IMAPPS-36018: Результаты тестов производительности и рекомендация по потокам

{panel:title=Кратко для бизнеса|borderStyle=solid|borderColor=#4a6785|titleBGColor=#deebff|bgColor=#f7fbff}
Цель тестов - определить время расчета Договоров ДУ после доработок вечерних регламентов, а также оценить влияние количества параллельных потоков.
Текущие результаты подтверждают рост общей скорости при увеличении потоков. После модернизации процессоров (добавлено 10 ядер, всего 32) выполнен Тест 3 на 12 потоках: 30 000 договоров за 2 ч 38 мин (189,9 договоров/мин). До целевых 2 ч 30 мин и 200 договоров/мин остается небольшой зазор; дальнейший эффект ожидается от доработки пост-расчетов СЧА.
{panel}

h2. 1. Что уже выполнено

h3. {color:#0747A6}Тест 1 (сделано){color}

|| Параметр || Значение ||
| Количество потоков | 5 |
| Объем | 13 578 договоров |
| Время выполнения | 2 ч 48 мин |
| Общая скорость | 80,8 договоров/мин |
| Скорость на 1 поток | 16,16 договоров/мин |

{panel:title=Вывод по тесту 1|borderStyle=solid|borderColor=#14892c|titleBGColor=#e3fcef|bgColor=#f3fff5}
Система стабильно обрабатывает большой объем в многопоточном режиме. Получена подтвержденная базовая скорость для дальнейших расчетов.
{panel}

h3. {color:#0747A6}Тест 2 (сделано){color}

|| Параметр || Значение ||
| Количество потоков | 7 |
| Объем | 15 000 договоров |
| Запуск | 09:50 |
| Фактическое завершение | 12:13 |
| Фактическое время выполнения | 2 ч 23 мин (143 минуты) |
| Фактическая общая скорость | 104,9 договоров/мин |
| Скорость на 1 поток | 14,99 договоров/мин |

{panel:title=Вывод по тесту 2|borderStyle=solid|borderColor=#14892c|titleBGColor=#e3fcef|bgColor=#f3fff5}
Тест 2 завершен фактически в 12:13. При 7 потоках обработано 15 000 договоров за 2 ч 23 мин с фактической скоростью 104,9 договоров/мин.
{panel}

h3. {color:#0747A6}Тест 3 (сделано, после модернизации CPU){color}

|| Параметр || Значение ||
| Модернизация процессоров | добавлено 10 ядер (итого 32: было 2 процессора по 11 ядер, стало 2 процессора по 16 ядер) |
| Количество потоков | 12 |
| Объем | 30 000 договоров |
| Время выполнения | 2 ч 38 мин (158 минут) |
| Общая скорость | 189,9 договоров/мин |
| Скорость на 1 поток | 15,83 договоров/мин |

{panel:title=Вывод по тесту 3|borderStyle=solid|borderColor=#14892c|titleBGColor=#e3fcef|bgColor=#f3fff5}
После модернизации процессоров контрольный прогон на 12 потоках (30 000 договоров) занял 2 ч 38 мин. Скорость 189,9 договоров/мин; до целевого ориентира 2 ч 30 мин осталось +8 минут, до целевой скорости 200 договоров/мин - небольшой недобор.
{panel}

h2. 1.1 Сводная таблица тестов

|| Тест || Статус || Потоки || Объем договоров || Факт/прогноз времени || Отклонение от цели 2 ч 30 мин (мин) || Общая скорость (договоров/мин) || Комментарий ||
| Тест 1 | {color:#0747A6}СДЕЛАНО{color} | 5 | 13 578 | 2 ч 48 мин (факт) | н/п (другой объем) | 80,8 | Базовый подтвержденный замер |
| Тест 2 | {color:#0747A6}СДЕЛАНО{color} | 7 | 15 000 | 2 ч 23 мин (факт) | н/п (другой объем) | 104,9 (факт) | Фактическое завершение в 12:13 |
| Тест 3 | {color:#0747A6}СДЕЛАНО{color} | 12 | 30 000 | 2 ч 38 мин (факт) | +8 | 189,9 (факт) | После модернизации CPU (32 ядра) |

h2. 2. Модернизация серверов и Тест 3 (выполнено)

Обновление процессорной конфигурации выполнено:
* было: 2 процессора по 11 ядер (22 ядра)
* стало: 2 процессора по 16 ядер (32 ядра), добавлено 10 ядер

Фактический контрольный тест после модернизации:
* объем: 30 000 договоров
* режим: 12 потоков
* фактическое время: 2 ч 38 мин (прогноз до модернизации был 2 ч 44 мин)

h3. Планируемая доработка пост-расчетов

Также планируется выполнение задачи по пост-расчетам:
* Расчет СЧА выполнять после просчета всех остальных показателей каждого Договора ДУ, но сразу по всем Договорам ДУ.
* Далее продолжать расчет по каждому Договору ДУ для СЧА не путем выполнения отдельного запроса, а путем получения данных из заранее рассчитанной таблицы.

{panel:title=Ожидаемый эффект от доработки пост-расчетов|borderStyle=solid|borderColor=#4a6785|titleBGColor=#deebff|bgColor=#f7fbff}
Снижение нагрузки на базу за счет исключения повторяющихся запросов в цикле по договорам и повышение предсказуемости общего времени вечернего расчета.
{panel}

h2. 3. Целевой ориентир бизнеса

|| Показатель || Значение ||
| Целевое время на 30 000 договоров | 2 ч 30 мин |
| Требуемая общая скорость | не менее 200 договоров/мин |

h2. 4. Факт и прогноз по 12 потокам (после модернизации CPU)

|| Потоки || Общая скорость (договоров/мин) || Время на 30 000 договоров ||
| 12 | 189,9 (факт, Тест 3) | 2 ч 38 мин |

До модернизации прогноз по экстраполяции давал 182,5 договоров/мин и 2 ч 44 мин; факт на новых CPU оказался лучше прогноза на 6 минут.

{panel:title=Рекомендация|borderStyle=solid|borderColor=#14892c|titleBGColor=#e3fcef|bgColor=#f3fff5}
На текущем этапе фиксируем ограничение: использовать не более 12 потоков.
После реализации пост-обработки СЧА необходимо провести повторное тестирование и подобрать минимально достаточное количество потоков в сторону уменьшения.
{panel}

h2. 5. Бизнес-эффект

# Сокращение длительности ночной обработки при росте объемов.
# Более предсказуемое выполнение регламентных операций в рамках SLA.
# После внедрения пост-обработки СЧА ожидается возможность снижения количества потоков при сохранении приемлемого времени расчета.

h2. 6. Статус (для комментария в Jira)

* {color:#0747A6}[DONE] Тест 1 завершен.{color}
* {color:#0747A6}[DONE] Тест 2 завершен (12:13, 2 ч 23 мин).{color}
* {color:#0747A6}[DONE] Модернизация CPU: +10 ядер, всего 32. Тест 3 на 12 потоках, 30 000 договоров за 2 ч 38 мин (189,9 дог/мин). До цели 2 ч 30 мин +8 мин; до целевой скорости 200 дог/мин небольшой недобор - ожидается доработка пост-расчетов СЧА.{color}
* План тестирования  [^Запуска Вечернего регламента на копии ПРОД.docx] 
","06/Apr/26 14:23 +0300;AChmykhalov;*Предусловия внедрения*
 * Паспорт объекта внедрения слинкован с задачей: Да
 * MergeRequest прошел ревью и принят в MAIN:
 * Слинкована DEPLOY-задача: Да

*План внедрения*
 * Тип объекта внедрения : Конфигурация
 * Название объекта внедрения: DU
 * Объект внедрения новый (да/нет): Нет
 * База внедрения (если применимо: указать название): PROD_AVC_DU
 * MergeRequest в GIT или номер коммита в DEV-хранилище: -
 * Помещено в каталог автозагрузки (если применимо: указать путь до файла): -
 * Версия (если применимо: указать внедряемый номер): *не ниже 1.5.27.11*
 * График внедрения (планово, срочно): планово

*Дополнительные действия*
 * Выполнить настройки (если применимо: указать параметры настроек): Выполнять настройки не нужно
 * Дополнительные действия при внедрении (если применимо: указать действия до и/или после): {color:#00875A}после внедрения установить в Истина новую константу ИспользоватьПредварительныеЗапросыДляВечернихРегламентов{color}
","26/May/26 21:00 +0300;JiraAutomate;The issue was closed automaticaly due to staying in status ""Resolved"" more than 7 days",,,,,,,,,,,,,,,,,,,,,,
[Аванкор] [Регл 3] Оптимизация регламентов. Утренние операции.,IMAPPS-35037,948316,,Change Request,Closed,IMAPPS,IM Application Support,software,IMAPPS_Unassigned,,http://confluence/display/IMIT/IM+Application+Support,Medium,Done,AChmykhalov,KIkonnikov,AChmykhalov,26/Jan/26 9:08 +0300,26/May/26 21:00 +0300,14/Sep/26 5:36 +0300,18/May/26 8:39 +0300,IM-2026-05-18,AvancoreDU,,CAB,Retail_DU,," [^Пакетная_оптимизация_переоценки_взаиморасчетов.md] Оптимизировать:
## Проблемные строки

### Таблица проблемных строк

| №   | Модуль                                                        | Строка | Код строки                                                                                                           | Вызовов | Время (сек) | Время (%) |
| --- | ------------------------------------------------------------- | ------ | -------------------------------------------------------------------------------------------------------------------- | ------- | ----------- | --------- |
| 1   | Документ.ПереоценкаВзаиморасчетов.МодульОбъекта               | 132    | `РезультатЗапроса = Запрос.Выполнить();`                                                                             | 3 407   | 287,24      | 11,74%    |
| 2   | Документ.ПогашениеОблигаций.МодульОбъекта                     | 141    | `Список = Запрос.Выполнить().Выгрузить();`                                                                                  | 3 431     | 228,38      | 10,12%    |
| 3   | Документ.НачислениеПроцентовПоБанковскимСчетам.МодульОбъекта  | 110    | `Результат = Запрос.Выполнить();`                                                                                    | 3 528   | 203,41      | 8,32%     |
| 4   | Документ.ПереводНКДВЗадолженностьЭмитента.МодульОбъекта       | 2004   | `ТаблицаНКД = Запрос.Выполнить().Выгрузить();`                                                                       | 978     | 159,40      | 6,52%     |
| 5   | Документ.ПереводНКДВЗадолженностьЭмитента.МодульОбъекта       | 247    | `ТаблицаДанных = Запрос.Выполнить().Выгрузить();`                                                                    | 3 528   | 125,12      | 5,11%     |
| 6   | Документ.ПереводНКДВЗадолженностьЭмитента.МодульОбъекта       | 424    | `РезультатЗапроса = Запрос.Выполнить();`                                                                             | 978     | 120,41      | 4,92%     |
| 7   | Документ.ПереводНКДВЗадолженностьЭмитента.МодульОбъекта       | 795    | `ТаблицаОстатков = Запрос.Выполнить().Выгрузить();`                                                                  | 978     | 98,34       | 4,02%     |


**Итого проблемных строк:** 7 
**Суммарное время:** ~1 491,42 секунды (~61% от общего времени)",AChmykhalov,JiraAutomate,KIkonnikov,PKudryashov,,,,,"По п.4,5 блока ""Погашение НДК"" созданы описания на разработку.
Начата разработка модулей;29/Jan/26 16:54 +0300;AChmykhalov;10800","	По п.4,5 блока ""Погашение НДК""  - Завершена разработка модулей
	По п.6,7 блока ""Погашение НДК"" созданы описания на разработку.
Начата разработка модулей;30/Jan/26 16:59 +0300;AChmykhalov;18000","Блок ""Погашение облигаций"":
Блок «Погашение облигаций» (пп. 2). Этап: аналитика, предварительная разработка
--------------------------------------------------------------------------------
- Сбор и анализ требований: разбор замеров (стр. 141, 3 431 вызов запроса, 10,12% времени).
- Изучение текущих процессов: дерево вызовов от формы РегламентныйПериод до ЗаполнитьСписокОблигаций (стр. 141); цепочка РегламентныеПериоды -> СформироватьДокументыЗакрытияПериода -> Операция_0055.
- Формирование ТЗ: три режима (обычный, пакетный, готовая таблица); запрос по веткам БУ/НУ/УУ/ВУ с ОБЪЕДИНИТЬ ВСЕ; разбиение по договорам через СоответствиеТаблицПоДоговорамДУ; 7-й параметр ДополнительныеДанные для операции 0055; подмена ЗаполнитьСписокОблигаций и Операция_0055 в расширении rm.
- Документация: Дерево_вызовов_ПогашениеОблигаций_строка141_и_оптимизация.md (контекст, дерево вызовов, вносимые изменения по объектам).;03/Feb/26 15:49 +0300;AChmykhalov;18000","Блок «Погашение облигаций»
- Code review и доработки: ПогашениеОблигаций (rm_ЗаполнитьСписокОблигаций, СформироватьМассивТекстовЗапросаСписокАктивовОблигаций, НастроитьЗапросСписокАктивовСОстатками); РегламентныеПериоды (пакетный блок 0055, СоответствиеДоговорТаблицаАктивовОблигаций); ИсполняемыеПроцедурыЗакрытияПериода (rm_Операция_0055 с ДополнительныеДанные).
- ИТ-тестирование: проверка сценариев для облигаций (БУ, НУ, УУ, ВУ); сверка изменений .;04/Feb/26 15:01 +0300;AChmykhalov;16200","Блок «Начисление процентов по банковским счетам»:
- Анализ алгоритмов начисления процентов: разбор замеров (стр. 110, 3 528 вызовов, 8,32%); дерево вызовов до ЗаполнитьТЧ (стр. 110).
- Изучение типов счетов и ставок: расчётные/текущие/депозитные счета (БУ, УУ); запрос по веткам БУ и УУ, колонки ДоговорДУ, БУ, УУ, БанковскийСчет.
- Разработка прототипа решения: три режима ЗаполнитьТЧ (обычный, пакетный, готовая таблица); СоответствиеТаблицПоДоговорамДУ; операция 0030 с 7-м параметром ДополнительныеДанные; подмена в rm.
- Документация: Дерево_вызовов_НачислениеПроцентовПоБанковскимСчетам_строка110_и_оптимизация.md (сокращение, уточнение описания без Свернуть по цепочке).
- Code review и доработки: НачислениеПроцентовПоБанковскимСчетам (rm_ЗаполнитьТЧ, СформироватьМассивТекстовЗапросаОстаткиПоБанковскимСчетам, НастроитьЗапросОстаткиПоБанковскимСчетам); РегламентныеПериоды (пакетный блок 0030); ИсполняемыеПроцедурыЗакрытияПериода (rm_Операция_0030 с ДополнительныеДанные).
- ИТ-тестирование начисления процентов по банковским счетам (расчётные, депозитные; БУ/УУ).;05/Feb/26 13:05 +0300;AChmykhalov;12600","Тестирование сводное по всем оптимизированным операциям за несколько дней (проверка, что результаты расчётов после оптимизации (все блоки: переоценка, НКД, погашение облигаций, начисление процентов) не изменяются);06/Feb/26 13:19 +0300;AChmykhalov;12600","Проведение тестирования кода доработок вендора на соответствие заданию;10/Mar/26 13:43 +0300;AChmykhalov;10800",,,,,,,,,,,,,,,,,,,0,0,99000,"9,223,372,036,854,775,807%",0,0,127800,Internal Only,,,,IMDEV-8926,,,,,,IMAPPS-35169,,,,,,IMDEV-8130,,,"19/Feb/26 10:54 +0300;KIkonnikov;RE Согласовать платные доработки по ДУ1.5 (оптимизация) - IMAPPS-35037.msg;https://jira/secure/attachment/2577089/RE+%D0%A1%D0%BE%D0%B3%D0%BB%D0%B0%D1%81%D0%BE%D0%B2%D0%B0%D1%82%D1%8C+%D0%BF%D0%BB%D0%B0%D1%82%D0%BD%D1%8B%D0%B5+%D0%B4%D0%BE%D1%80%D0%B0%D0%B1%D0%BE%D1%82%D0%BA%D0%B8+%D0%BF%D0%BE+%D0%94%D0%A31.5+%28%D0%BE%D0%BF%D1%82%D0%B8%D0%BC%D0%B8%D0%B7%D0%B0%D1%86%D0%B8%D1%8F%29+-+IMAPPS-35037.msg","05/Feb/26 10:41 +0300;AChmykhalov;Дерево_вызовов_НачислениеПроцентовПоБанковскимСчетам_строка110_и_оптимизация.md;https://jira/secure/attachment/2557171/%D0%94%D0%B5%D1%80%D0%B5%D0%B2%D0%BE_%D0%B2%D1%8B%D0%B7%D0%BE%D0%B2%D0%BE%D0%B2_%D0%9D%D0%B0%D1%87%D0%B8%D1%81%D0%BB%D0%B5%D0%BD%D0%B8%D0%B5%D0%9F%D1%80%D0%BE%D1%86%D0%B5%D0%BD%D1%82%D0%BE%D0%B2%D0%9F%D0%BE%D0%91%D0%B0%D0%BD%D0%BA%D0%BE%D0%B2%D1%81%D0%BA%D0%B8%D0%BC%D0%A1%D1%87%D0%B5%D1%82%D0%B0%D0%BC_%D1%81%D1%82%D1%80%D0%BE%D0%BA%D0%B0110_%D0%B8_%D0%BE%D0%BF%D1%82%D0%B8%D0%BC%D0%B8%D0%B7%D0%B0%D1%86%D0%B8%D1%8F.md","29/Jan/26 16:38 +0300;AChmykhalov;Дерево_вызовов_ПереводНКД_строка2004_и_оптимизация.md;https://jira/secure/attachment/2546690/%D0%94%D0%B5%D1%80%D0%B5%D0%B2%D0%BE_%D0%B2%D1%8B%D0%B7%D0%BE%D0%B2%D0%BE%D0%B2_%D0%9F%D0%B5%D1%80%D0%B5%D0%B2%D0%BE%D0%B4%D0%9D%D0%9A%D0%94_%D1%81%D1%82%D1%80%D0%BE%D0%BA%D0%B02004_%D0%B8_%D0%BE%D0%BF%D1%82%D0%B8%D0%BC%D0%B8%D0%B7%D0%B0%D1%86%D0%B8%D1%8F.md","29/Jan/26 8:41 +0300;AChmykhalov;Дерево_вызовов_ПереводНКД_строка247_и_оптимизация.md;https://jira/secure/attachment/2545530/%D0%94%D0%B5%D1%80%D0%B5%D0%B2%D0%BE_%D0%B2%D1%8B%D0%B7%D0%BE%D0%B2%D0%BE%D0%B2_%D0%9F%D0%B5%D1%80%D0%B5%D0%B2%D0%BE%D0%B4%D0%9D%D0%9A%D0%94_%D1%81%D1%82%D1%80%D0%BE%D0%BA%D0%B0247_%D0%B8_%D0%BE%D0%BF%D1%82%D0%B8%D0%BC%D0%B8%D0%B7%D0%B0%D1%86%D0%B8%D1%8F.md","30/Jan/26 9:48 +0300;AChmykhalov;Дерево_вызовов_ПереводНКД_строка795_и_оптимизация.md;https://jira/secure/attachment/2547338/%D0%94%D0%B5%D1%80%D0%B5%D0%B2%D0%BE_%D0%B2%D1%8B%D0%B7%D0%BE%D0%B2%D0%BE%D0%B2_%D0%9F%D0%B5%D1%80%D0%B5%D0%B2%D0%BE%D0%B4%D0%9D%D0%9A%D0%94_%D1%81%D1%82%D1%80%D0%BE%D0%BA%D0%B0795_%D0%B8_%D0%BE%D0%BF%D1%82%D0%B8%D0%BC%D0%B8%D0%B7%D0%B0%D1%86%D0%B8%D1%8F.md","03/Feb/26 15:47 +0300;AChmykhalov;Дерево_вызовов_ПогашениеОблигаций_строка141_и_оптимизация.md;https://jira/secure/attachment/2554098/%D0%94%D0%B5%D1%80%D0%B5%D0%B2%D0%BE_%D0%B2%D1%8B%D0%B7%D0%BE%D0%B2%D0%BE%D0%B2_%D0%9F%D0%BE%D0%B3%D0%B0%D1%88%D0%B5%D0%BD%D0%B8%D0%B5%D0%9E%D0%B1%D0%BB%D0%B8%D0%B3%D0%B0%D1%86%D0%B8%D0%B9_%D1%81%D1%82%D1%80%D0%BE%D0%BA%D0%B0141_%D0%B8_%D0%BE%D0%BF%D1%82%D0%B8%D0%BC%D0%B8%D0%B7%D0%B0%D1%86%D0%B8%D1%8F.md","16/Feb/26 8:46 +0300;AChmykhalov;Дерево_изменяемых_объектов_расширения_rm.html;https://jira/secure/attachment/2570353/%D0%94%D0%B5%D1%80%D0%B5%D0%B2%D0%BE_%D0%B8%D0%B7%D0%BC%D0%B5%D0%BD%D1%8F%D0%B5%D0%BC%D1%8B%D1%85_%D0%BE%D0%B1%D1%8A%D0%B5%D0%BA%D1%82%D0%BE%D0%B2_%D1%80%D0%B0%D1%81%D1%88%D0%B8%D1%80%D0%B5%D0%BD%D0%B8%D1%8F_rm.html","16/Feb/26 8:46 +0300;AChmykhalov;Для_вендора_Аванкор_расширение_rm_перенос_в_CF.html;https://jira/secure/attachment/2570354/%D0%94%D0%BB%D1%8F_%D0%B2%D0%B5%D0%BD%D0%B4%D0%BE%D1%80%D0%B0_%D0%90%D0%B2%D0%B0%D0%BD%D0%BA%D0%BE%D1%80_%D1%80%D0%B0%D1%81%D1%88%D0%B8%D1%80%D0%B5%D0%BD%D0%B8%D0%B5_rm_%D0%BF%D0%B5%D1%80%D0%B5%D0%BD%D0%BE%D1%81_%D0%B2_CF.html","30/Jan/26 13:20 +0300;AChmykhalov;Задание_оптимизация_строка424_ПередЗаписью_ПереводНКД.md;https://jira/secure/attachment/2548014/%D0%97%D0%B0%D0%B4%D0%B0%D0%BD%D0%B8%D0%B5_%D0%BE%D0%BF%D1%82%D0%B8%D0%BC%D0%B8%D0%B7%D0%B0%D1%86%D0%B8%D1%8F_%D1%81%D1%82%D1%80%D0%BE%D0%BA%D0%B0424_%D0%9F%D0%B5%D1%80%D0%B5%D0%B4%D0%97%D0%B0%D0%BF%D0%B8%D1%81%D1%8C%D1%8E_%D0%9F%D0%B5%D1%80%D0%B5%D0%B2%D0%BE%D0%B4%D0%9D%D0%9A%D0%94.md","04/Feb/26 8:34 +0300;AChmykhalov;Замеры_по_пунктам_оптимизации_rm.html;https://jira/secure/attachment/2554975/%D0%97%D0%B0%D0%BC%D0%B5%D1%80%D1%8B_%D0%BF%D0%BE_%D0%BF%D1%83%D0%BD%D0%BA%D1%82%D0%B0%D0%BC_%D0%BE%D0%BF%D1%82%D0%B8%D0%BC%D0%B8%D0%B7%D0%B0%D1%86%D0%B8%D0%B8_rm.html","16/Feb/26 8:46 +0300;AChmykhalov;Краткая_сводка_проблемы_и_решений_оптимизации.html;https://jira/secure/attachment/2570355/%D0%9A%D1%80%D0%B0%D1%82%D0%BA%D0%B0%D1%8F_%D1%81%D0%B2%D0%BE%D0%B4%D0%BA%D0%B0_%D0%BF%D1%80%D0%BE%D0%B1%D0%BB%D0%B5%D0%BC%D1%8B_%D0%B8_%D1%80%D0%B5%D1%88%D0%B5%D0%BD%D0%B8%D0%B9_%D0%BE%D0%BF%D1%82%D0%B8%D0%BC%D0%B8%D0%B7%D0%B0%D1%86%D0%B8%D0%B8.html","26/Jan/26 9:09 +0300;AChmykhalov;Пакетная_оптимизация_переоценки_взаиморасчетов.md;https://jira/secure/attachment/2540002/%D0%9F%D0%B0%D0%BA%D0%B5%D1%82%D0%BD%D0%B0%D1%8F_%D0%BE%D0%BF%D1%82%D0%B8%D0%BC%D0%B8%D0%B7%D0%B0%D1%86%D0%B8%D1%8F_%D0%BF%D0%B5%D1%80%D0%B5%D0%BE%D1%86%D0%B5%D0%BD%D0%BA%D0%B8_%D0%B2%D0%B7%D0%B0%D0%B8%D0%BC%D0%BE%D1%80%D0%B0%D1%81%D1%87%D0%B5%D1%82%D0%BE%D0%B2.md","06/Feb/26 12:03 +0300;AChmykhalov;ПланИТТестирования_35037_СводныйЗаДень.docx;https://jira/secure/attachment/2559358/%D0%9F%D0%BB%D0%B0%D0%BD%D0%98%D0%A2%D0%A2%D0%B5%D1%81%D1%82%D0%B8%D1%80%D0%BE%D0%B2%D0%B0%D0%BD%D0%B8%D1%8F_35037_%D0%A1%D0%B2%D0%BE%D0%B4%D0%BD%D1%8B%D0%B9%D0%97%D0%B0%D0%94%D0%B5%D0%BD%D1%8C.docx","05/Feb/26 13:02 +0300;AChmykhalov;ПланТестированияИТ_Регл3_35037_НачислениеПроцентов.docx;https://jira/secure/attachment/2557630/%D0%9F%D0%BB%D0%B0%D0%BD%D0%A2%D0%B5%D1%81%D1%82%D0%B8%D1%80%D0%BE%D0%B2%D0%B0%D0%BD%D0%B8%D1%8F%D0%98%D0%A2_%D0%A0%D0%B5%D0%B3%D0%BB3_35037_%D0%9D%D0%B0%D1%87%D0%B8%D1%81%D0%BB%D0%B5%D0%BD%D0%B8%D0%B5%D0%9F%D1%80%D0%BE%D1%86%D0%B5%D0%BD%D1%82%D0%BE%D0%B2.docx","02/Feb/26 7:05 +0300;AChmykhalov;ПланТестированияИТ_Регл3_35037_НКД_2004строка.docx;https://jira/secure/attachment/2550963/%D0%9F%D0%BB%D0%B0%D0%BD%D0%A2%D0%B5%D1%81%D1%82%D0%B8%D1%80%D0%BE%D0%B2%D0%B0%D0%BD%D0%B8%D1%8F%D0%98%D0%A2_%D0%A0%D0%B5%D0%B3%D0%BB3_35037_%D0%9D%D0%9A%D0%94_2004%D1%81%D1%82%D1%80%D0%BE%D0%BA%D0%B0.docx","02/Feb/26 7:05 +0300;AChmykhalov;ПланТестированияИТ_Регл3_35037_НКД_247строка.docx;https://jira/secure/attachment/2550960/%D0%9F%D0%BB%D0%B0%D0%BD%D0%A2%D0%B5%D1%81%D1%82%D0%B8%D1%80%D0%BE%D0%B2%D0%B0%D0%BD%D0%B8%D1%8F%D0%98%D0%A2_%D0%A0%D0%B5%D0%B3%D0%BB3_35037_%D0%9D%D0%9A%D0%94_247%D1%81%D1%82%D1%80%D0%BE%D0%BA%D0%B0.docx","02/Feb/26 7:05 +0300;AChmykhalov;ПланТестированияИТ_Регл3_35037_НКД_424строка.docx;https://jira/secure/attachment/2550961/%D0%9F%D0%BB%D0%B0%D0%BD%D0%A2%D0%B5%D1%81%D1%82%D0%B8%D1%80%D0%BE%D0%B2%D0%B0%D0%BD%D0%B8%D1%8F%D0%98%D0%A2_%D0%A0%D0%B5%D0%B3%D0%BB3_35037_%D0%9D%D0%9A%D0%94_424%D1%81%D1%82%D1%80%D0%BE%D0%BA%D0%B0.docx","02/Feb/26 7:05 +0300;AChmykhalov;ПланТестированияИТ_Регл3_35037_НКД_795строка.docx;https://jira/secure/attachment/2550962/%D0%9F%D0%BB%D0%B0%D0%BD%D0%A2%D0%B5%D1%81%D1%82%D0%B8%D1%80%D0%BE%D0%B2%D0%B0%D0%BD%D0%B8%D1%8F%D0%98%D0%A2_%D0%A0%D0%B5%D0%B3%D0%BB3_35037_%D0%9D%D0%9A%D0%94_795%D1%81%D1%82%D1%80%D0%BE%D0%BA%D0%B0.docx","04/Feb/26 14:59 +0300;AChmykhalov;ПланТестированияИТ_Регл3_35037_ПогашениеОблигаций.docx;https://jira/secure/attachment/2556031/%D0%9F%D0%BB%D0%B0%D0%BD%D0%A2%D0%B5%D1%81%D1%82%D0%B8%D1%80%D0%BE%D0%B2%D0%B0%D0%BD%D0%B8%D1%8F%D0%98%D0%A2_%D0%A0%D0%B5%D0%B3%D0%BB3_35037_%D0%9F%D0%BE%D0%B3%D0%B0%D1%88%D0%B5%D0%BD%D0%B8%D0%B5%D0%9E%D0%B1%D0%BB%D0%B8%D0%B3%D0%B0%D1%86%D0%B8%D0%B9.docx","02/Feb/26 7:05 +0300;AChmykhalov;ПланТестированияИТ_Регл3_35084_ПереоценкаВзаиморасчета.docx;https://jira/secure/attachment/2550959/%D0%9F%D0%BB%D0%B0%D0%BD%D0%A2%D0%B5%D1%81%D1%82%D0%B8%D1%80%D0%BE%D0%B2%D0%B0%D0%BD%D0%B8%D1%8F%D0%98%D0%A2_%D0%A0%D0%B5%D0%B3%D0%BB3_35084_%D0%9F%D0%B5%D1%80%D0%B5%D0%BE%D1%86%D0%B5%D0%BD%D0%BA%D0%B0%D0%92%D0%B7%D0%B0%D0%B8%D0%BC%D0%BE%D1%80%D0%B0%D1%81%D1%87%D0%B5%D1%82%D0%B0.docx","06/Feb/26 12:02 +0300;AChmykhalov;Тестирование_Утренние_за_01_10_25.rar;https://jira/secure/attachment/2559355/%D0%A2%D0%B5%D1%81%D1%82%D0%B8%D1%80%D0%BE%D0%B2%D0%B0%D0%BD%D0%B8%D0%B5_%D0%A3%D1%82%D1%80%D0%B5%D0%BD%D0%BD%D0%B8%D0%B5_%D0%B7%D0%B0_01_10_25.rar","06/Feb/26 12:02 +0300;AChmykhalov;Тестирование_Утренние_за_23_10_25.rar;https://jira/secure/attachment/2559356/%D0%A2%D0%B5%D1%81%D1%82%D0%B8%D1%80%D0%BE%D0%B2%D0%B0%D0%BD%D0%B8%D0%B5_%D0%A3%D1%82%D1%80%D0%B5%D0%BD%D0%BD%D0%B8%D0%B5_%D0%B7%D0%B0_23_10_25.rar","06/Feb/26 12:02 +0300;AChmykhalov;Тестирование_Утренние_за_25_11_25.rar;https://jira/secure/attachment/2559354/%D0%A2%D0%B5%D1%81%D1%82%D0%B8%D1%80%D0%BE%D0%B2%D0%B0%D0%BD%D0%B8%D0%B5_%D0%A3%D1%82%D1%80%D0%B5%D0%BD%D0%BD%D0%B8%D0%B5_%D0%B7%D0%B0_25_11_25.rar",,,,,,,,,,,WIM,,,,,,,,,,50% PMRI / 50% PMHN ,,,,,,,,,,,,,,IMDEV-8633,,,,4 нормо-часа. Стоимость составляет 15 600 руб,https://lk.avancore.ru/tasks/ASP-197909,,,,,,IM Back-Office DU,IM Back-Office DU,,,,,,,,,,,,,,,,,,,,yes,,,,,"0|i3yoyn:",0.0,,,,,,,,,,,,,,,,,,,,,,,,,,,,,,,Да,normal,,,,,"26/Jan/26 9:09 +0300;AChmykhalov;План оптимизации , стр 1:  [^Пакетная_оптимизация_переоценки_взаиморасчетов.md] 
Вынесено и реализуется в отдельной подзадаче https://jira/browse/IMAPPS-35084
Все остальные доработки в этой задаче зависят от https://jira/browse/IMAPPS-35035 и https://jira/browse/IMAPPS-35084","29/Jan/26 8:51 +0300;AChmykhalov;h3. Предварительный план работ

h4. Блок «Переоценка взаиморасчетов» (пп. 1)
* **Период выполнения:** 27.01 – 28.01
**Пункты:**
* п. 4: анализ дерева вызовов и оптимизация (см.  [^Пакетная_оптимизация_переоценки_взаиморасчетов.md]
**План ИТ тестирования:**  [^ПланТестированияИТ_Регл3_35084_ПереоценкаВзаиморасчета.docx]  

h4. Блок «НКД» (пп. 4–7)
* **Период выполнения:** 29.01 – 30.01
* **Этап:** аналитика, предварительная разработка
**Пункты:**
* п. 4: анализ дерева вызовов и оптимизация (см.  [^Дерево_вызовов_ПереводНКД_строка2004_и_оптимизация.md] )
* п. 5: анализ дерева вызовов и оптимизация (см. [^Дерево_вызовов_ПереводНКД_строка247_и_оптимизация.md] )
* п. 6:  [^Задание_оптимизация_строка424_ПередЗаписью_ПереводНКД.md] 
* п. 7: анализ дерева вызовов и оптимизация (см.  [^Дерево_вызовов_ПереводНКД_строка795_и_оптимизация.md] )
* **Период выполнения:** 02.02
* **Этап:** CR, доработки, ИТ‑тест
- проведение code review, внесение доработок по итогам ревью;
- выполнение ИТ‑тестирования.
**Планы ИТ тестирования:**  
 [^ПланТестированияИТ_Регл3_35037_НКД_247строка.docx] 
 [^ПланТестированияИТ_Регл3_35037_НКД_424строка.docx] 
 [^ПланТестированияИТ_Регл3_35037_НКД_795строка.docx] 
 [^ПланТестированияИТ_Регл3_35037_НКД_2004строка.docx]  

h4. Блок «Погашение облигаций» (пп. 2)
* **Период выполнения:** 03.02
* **Этап:** аналитика, предварительная разработка
- анализ дерева вызовов и оптимизация (см.  [^Дерево_вызовов_ПогашениеОблигаций_строка141_и_оптимизация.md] )
* **Период выполнения:** 04.02
* **Этап:** CR, доработки, ИТ‑тест
- проведение code review, внесение доработок;
- выполнение ИТ‑тестирования (с проверкой сценариев для всех типов облигаций).
 [^ПланТестированияИТ_Регл3_35037_ПогашениеОблигаций.docx] 

h4. Блок «Начисление процентов по банковским счетам» (пп. 3)
* **Период выполнения:** 05.02
* **Этап:** аналитика, предварительная разработка
- анализ алгоритмов начисления процентов;
- разработка прототипа решения  [^Дерево_вызовов_НачислениеПроцентовПоБанковскимСчетам_строка110_и_оптимизация.md] 
* **Период выполнения:** 05.02
* **Этап:** CR, доработки, ИТ‑тест
- проведение code review, внесение доработок;
- выполнение ИТ‑тестирования.
 [^ПланТестированияИТ_Регл3_35037_НачислениеПроцентов.docx] 

h3. Сводный тест (в т.ч. для Аванкор)
* **Период выполнения:** 06.02  
* Регрессионное тестирование (что результаты расчетов после оптимизации не изменяются) + Тестирование производительности (времени выполнения утреннего регламента До и После)
Сводный план тестирования: 
 [^ПланИТТестирования_35037_СводныйЗаДень.docx]
 
Архив тестовых отчетов для сравнения было  \ стало:
 [^Тестирование_Утренние_за_23_10_25.rar] 
 [^Тестирование_Утренние_за_01_10_25.rar] 
 [^Тестирование_Утренние_за_25_11_25.rar] 

h3. Эскалация для Аванкор
* **Период выполнения:** 09.02
* Описание задачи для Аванкор: 
 Исходные замеры времени  [^Замеры_по_пунктам_оптимизации_rm.html]
 Описание проблем:   [^Краткая_сводка_проблемы_и_решений_оптимизации.html]
 Перечень изменяемых объектов и модулей:  [^Дерево_изменяемых_объектов_расширения_rm.html] 
 Порядок внесения обновлений (инструкция):   [^Для_вендора_Аванкор_расширение_rm_перенос_в_CF.html]
 Тестирование  [^ПланИТТестирования_35037_СводныйЗаДень.docx]  ","13/Feb/26 11:58 +0300;KIkonnikov;Смежная задача IMDEV-8130","18/Feb/26 8:52 +0300;AChmykhalov;Еременко Константин
Еременко Константин
2/18/2026, 8:16:28 AM
Алексей, добрый день.
Анализировать надо или просто оценить вставку вашего кода?

Чмыхалов Алексей (ВИМ ИНВЕСТИЦИИ АО)
Чмыхалов Алексей (ВИМ ИНВЕСТИЦИИ АО)
2/18/2026, 8:52:13 AM
Добрый день!
Оцените вариант обновления кода.","18/Feb/26 12:08 +0300;AChmykhalov;Столова Екатерина
2/18/2026, 11:37:08 AM
Чмыхалов Алексей (ВИМ ИНВЕСТИЦИИ АО)
Добрый день!
Данный заказ оценили в *4 нормо-часа. Стоимость составляет 15 600 руб*.
В случае положительного решения, напишите ""Оценка согласована"".
Ожидаем согласование оценки до 25.02.2026, далее заказ без подтверждения будет закрыт со статусом - ""Не будет решаться"".
Если в дальнейшем Вами будет принято решение продолжить работы по требованию, сообщите нам и мы возобновим работы по задаче.
Хорошего дня!","18/Feb/26 12:11 +0300;AChmykhalov;{color:#4C9AFF}Чтобы не забыть{color}, при описании Плана внедрения, надо будет написать чтобы после внедрения установить в Истина новую константу ИспользоватьПредварительныеЗапросыДляУтреннихРегламентов","19/Feb/26 10:54 +0300;KIkonnikov;Согласовано, 50% PMRI/50%PMHN

[^RE Согласовать платные доработки по ДУ1.5 (оптимизация) - IMAPPS-35037.msg]","19/Feb/26 11:38 +0300;AChmykhalov;Столова Екатерина
2/19/2026, 11:22:06 AM
Задача передаётся на планирование работ","19/Feb/26 13:56 +0300;AChmykhalov;Еременко Константин 19.02.26 13:45:06 
 
Принято в работу. Будет решено до 6/03/26.
","11/Mar/26 11:01 +0300;AChmykhalov;УАТ - ОК

h2. Проверка доработок расширения rm в релизе вендора 1.5.27.8

*Дата проверки:* 10.03.2026
*Задача:* IMAPPS-35037
*Источник rm:* {{rm\}}
*Релиз вендора 1.5.27.8:* базовая конфигурация CF

----

h3. Результат проверки

Проверено *10 объектов* (9 модулей + 1 константа). Все *35+ процедур и функций* из расширения rm присутствуют в CF и функционально идентичны.

||Модуль||Процедуры||Статус||
|Константа {{ИспользоватьПредварительныеЗапросыДляУтреннихРегламентов}}|---|{color:green}*Добавлена в CF*{color}|
|{{Справочники.РегламентныеПериоды.МодульМенеджера}}|3 процедуры|{color:green}*OK*{color}|
|{{Справочники.ВидыОперацийЗакрытияПериода.МодульМенеджера}}|1 процедура|{color:green}*OK*{color}|
|{{Документы.ПереоценкаВзаиморасчетов.МодульОбъекта}}|8 процедур/функций|{color:green}*OK*{color}|
|{{Документы.ПереводНКДВЗадолженностьЭмитента.МодульОбъекта}}|14 процедур|{color:green}*OK*{color}|
|{{Документы.ПогашениеОблигаций.МодульОбъекта}}|3 процедуры|{color:green}*OK*{color}|
|{{Документы.НачислениеПроцентовПоБанковскимСчетам.МодульОбъекта}}|3 процедуры|{color:green}*OK*{color}|
|{{Документы.ПланРегламентныхОперацийДУ.МодульОбъекта}}|1 процедура|{color:green}*OK*{color}|
|{{ОбщиеМодули.ИсполняемыеПроцедурыЗакрытияПериода}}|4 операции|{color:green}*OK*{color}|
|{{ОбщиеМодули.ФоновыеЗаданияСервер}}|1 функция|{color:green}*OK*{color}|
|{{ОбщиеМодули.ОбщегоНазначенияДУ}}|2 функции|{color:green}*OK*{color}|

----

h3. Построчные отличия (единые для всех модулей)

||№||Аспект||rm (расширение)||CF 1.5.27.8||
|1|Директива замены|{{&Вместо(""ИмяПроцедуры"")}} перед каждой процедурой|_Отсутствует_ --- код встроен в CF|
|2|Префиксы имён процедур|{{reg_m_}}, {{nkd_m_}}, {{rm_}}, {{r_}}|Оригинальные имена без префиксов|
|3|Метки задач в комментариях|{{// IMAPPS-35037++}}|{{// ASP-197909 IMAPPS-35037++}} (добавлен трекинговый тег вендора)|
|4|Логика и код|Оригинальная реализация|Полностью идентична|
|5|Тексты SQL-запросов|Оригинальные|Идентичны|
|6|Сигнатуры функций/процедур|С доп. параметрами IMAPPS-35037|Идентичны|

----

h3. Детали по модулям

h4. 0. Константа ИспользоватьПредварительныеЗапросыДляУтреннихРегламентов

Добавлена напрямую в CF (не в расширение rm) согласно требованию документации. Тип: Булево.
Используется в {{РегламентныеПериоды.МодульМенеджера}}:

{noformat}
ОбщегоНазначенияДУПовтИсп.ПолучитьЗначениеКонстанты(""ИспользоватьПредварительныеЗапросыДляУтреннихРегламентов"") = Истина
{noformat}

h4. 1. Справочники.РегламентныеПериоды.МодульМенеджера

Перенесены 3 процедуры:

* *{{СформироватьРегламентныеОперации}}* --- rm: {{r_СформироватьРегламентныеОперации}} + {{&Вместо}}. CF: без директивы, тег {{// ASP-196537}}. Логика идентична включая блок IMAPPS-35037++ (проверка константы, вызов пакетного заполнения).
* *{{ЗаполнитьПараметрыСохраненияПакетнымиДаннымиУтреннихОпераций}}* --- 6 пакетных блоков (взаиморасчёты, купонные периоды, НКД УУ, остатки НКД БУ, облигации, банковские счета). Идентичны.
* *{{СформироватьДокументыЗакрытияПериода}}* --- rm: {{r_СформироватьДокументыЗакрытияПериода}} + {{&Вместо}}. CF: без директивы. Извлечение 6 соответствий договор -> таблица, цикл по родителям, вызов фонового/синхронного задания с {{СоответствиеОперацияТаблица}} --- идентичны.

h4. 2. Справочники.ВидыОперацийЗакрытияПериода.МодульМенеджера

* *{{ВыполнитьИсполняемуюПроцедуруЗакрытияПериода}}* --- rm: {{reg_m_ВыполнитьИсполняемуюПроцедуруЗакрытияПериода}} + {{&Вместо}}. CF: без директивы. Блок условной передачи {{СоответствиеОперацияТаблица}} (строки IMAPPS-35037++) идентичен.

h4. 3. Документы.ПереоценкаВзаиморасчетов.МодульОбъекта

Перенесены 8 процедур/функций:

* {{ЗаполнитьТабличнуюЧастьВзаиморасчеты}} (3 режима)
* {{ЗаполнитьПоГотовойТаблице}}, {{ЗаполнитьПакетно}}, {{ЗаполнитьОбычныйРежим}}
* {{ТекстЗапросаПереоценкиВзаиморасчетов}}, {{НастроитьЗапросДляРежима}}
* {{ПодготовитьТаблицуДоговорыВалютаРегл}}, {{ИсключаемыеСчетаРасчетов}}

Все идентичны.

h4. 4. Документы.ПереводНКДВЗадолженностьЭмитента.МодульОбъекта

Перенесены 14 процедур по пунктам 3.1--3.4:

*3.1 Купонные периоды:*
* {{ЗаполнитьКупоннымиПериодами}} (3 режима), {{ЗаполнитьКупоннымиПериодамиОбычныйРежим}}
* {{ЗаполнитьОблигацииПоГотовойТаблице}}, {{ЗаполнитьКупоннымиПериодамиПакетно}}
* {{ПодготовитьСчетаОблигаций}}, {{ПодготовитьСчетаНКД}}
* {{ТекстЗапросаКупонныхПериодов}}, {{НастроитьЗапросКупонныхПериодов}}

*3.2 ТаблицаНКД_УУ:*
* {{ТаблицаНКД_УУ}}, {{ТекстЗапросаТаблицаНКД_УУ}}, {{НастроитьЗапросТаблицаНКД_УУ}}, {{СформироватьДвиженияУУ}}

*3.3 ТаблицыДанных:*
* {{СформироватьТаблицыДанных}}, {{ТекстЗапросаСформироватьТаблицыДанных}}, {{НастроитьЗапросСформироватьТаблицыДанных}}, {{СформироватьДвиженияБУ}}

*3.4 ПередЗаписью:*
* {{ПередЗаписью}}

Все идентичны.

h4. 5. Документы.ПогашениеОблигаций.МодульОбъекта

Перенесены 3 процедуры/функции:
* {{ЗаполнитьСписокОблигаций}} (3 режима)
* {{СформироватьМассивТекстовЗапросаСписокАктивовОблигаций}}
* {{НастроитьЗапросСписокАктивовСОстатками}}

Все идентичны.

h4. 6. Документы.НачислениеПроцентовПоБанковскимСчетам.МодульОбъекта

Перенесены 3 процедуры/функции:
* {{ЗаполнитьТЧ}} (3 режима)
* {{СформироватьМассивТекстовЗапросаОстаткиПоБанковскимСчетам}}
* {{НастроитьЗапросОстаткиПоБанковскимСчетам}}

Все идентичны.

h4. 7. Документы.ПланРегламентныхОперацийДУ.МодульОбъекта

* *{{ВыполнитьРегламентныеПроцедуры}}* --- добавлен параметр {{СоответствиеОперацияТаблица = Неопределено}} и блок его передачи в {{ПараметрыВыполнения}}. Идентично rm.

h4. 8. ОбщиеМодули.ИсполняемыеПроцедурыЗакрытияПериода

Перенесены 4 процедуры операций:

* {{Операция_0200_ПереоценкаВзаиморасчетов}} (параметр {{ДополнительныеДанные}}) --- идентична
* {{Операция_0050_ПереводНКДВЗадолженностьЭмитента}} (параметр {{ДополнительныеДанные}} --- Структура или ТЗ) --- идентична
* {{Операция_0055_ПогашениеОблигаций}} (параметр {{ДополнительныеДанные}}) --- идентична
* {{Операция_0030_НачислениеПроцентовПоБанковскимСчетам}} (параметр {{ДополнительныеДанные}}) --- идентична

h4. 9. ОбщиеМодули.ФоновыеЗаданияСервер

* *{{СоздатьПланРегламентныхОперацийДУ}}* --- добавлен параметр {{СоответствиеОперацияТаблица = Неопределено}}, передаётся в {{ВыполнитьРегламентныеПроцедуры}}. Идентично rm.

h4. 10. ОбщиеМодули.ОбщегоНазначенияДУ

* *{{СоответствиеТаблицПоДоговорамДУ}}* --- разбивка общей таблицы на соответствие по договорам. Идентична.
* *{{ДатаСЗаданнымиСекундами}}* --- возвращает дату с заданными секундами. Идентична.

----

h3. Вывод

{color:green}*Сравнение проведено успешно.*{color}

Все доработки расширения rm перенесены в релиз вендора 1.5.27.8. Обнаруженные отличия носят исключительно архитектурный и стилистический характер:
* убраны директивы {{&Вместо}} и префиксы имён (норма при встраивании кода из расширения в CF)
* к меткам {{IMAPPS-35037++}} добавлен трекинговый тег {{ASP-197909}} вендора

+Поведение, производительность и логика совпадают с расширением rm.+
","11/Mar/26 11:05 +0300;AChmykhalov;*Предусловия внедрения*
 * Паспорт объекта внедрения слинкован с задачей: Да
 * MergeRequest прошел ревью и принят в MAIN:
 * Слинкована DEPLOY-задача: Да

*План внедрения*
 * Тип объекта внедрения : Конфигурация
 * Название объекта внедрения: DU
 * Объект внедрения новый (да/нет): Нет
 * База внедрения (если применимо: указать название): PROD_AVC_DU
 * MergeRequest в GIT или номер коммита в DEV-хранилище: -
 * Помещено в каталог автозагрузки (если применимо: указать путь до файла): -
 * Версия (если применимо: указать внедряемый номер): *не ниже 1.5.27.8*
 * График внедрения (планово, срочно): планово

*Дополнительные действия*
 * Выполнить настройки (если применимо: указать параметры настроек): Выполнять настройки не нужно
 * Дополнительные действия при внедрении (если применимо: указать действия до и/или после): {color:#00875A}после внедрения установить в Истина новую константу ИспользоватьПредварительныеЗапросыДляУтреннихРегламентов{color}
","26/May/26 21:00 +0300;JiraAutomate;The issue was closed automaticaly due to staying in status ""Resolved"" more than 7 days",,,,,,,,,,,,,,,,,,,,,,,,,,,,,
[Аванокр] [Регл 1] Оптимизация регламентов. Справочник РегламентныеПериоды - Выполнение цикла регламентов перенести на сервер,IMAPPS-35035,948294,,Change Request,Closed,IMAPPS,IM Application Support,software,IMAPPS_Unassigned,,http://confluence/display/IMIT/IM+Application+Support,Medium,Done,AChmykhalov,KIkonnikov,AChmykhalov,26/Jan/26 8:57 +0300,25/May/26 21:00 +0300,14/Sep/26 5:36 +0300,18/May/26 8:39 +0300,IM-2026-05-18,AvancoreDU,,CAB,Retail_DU,,"Базовая версия: Доверительное управление, версия 1.5 (1.5.26.6)

h1. Задание на доработку: Справочник РегламентныеПериоды

h2. 1. Введение

h3. 1.1. Описание проблемы

В конфигурации ДУ (версия 1.5.26.6) при выполнении регламентных операций основной цикл обработки и передачи параметров работает на Клиенте, что приводит к следующим проблемам:

* *Невозможность оптимизации:* Нельзя выполнить предварительные серверные расчеты с передачей больших данных
* *Блокировка интерфейса:* Пользователь не может работать в системе во время выполнения операций
* *Множественные вызовы сервера:* Каждый договор вызывает отдельную серверную процедуру

h3. 1.2. Текущая архитектура (ПРОБЛЕМНАЯ)

{code:language=bsl}
// Справочник.РегламентныеПериоды.Форма.РегламентныйПериод
&НаКлиенте
Процедура СформироватьРегламентныеОперации(УчитыватьВыполненные = Ложь)
    СписокДоговоровДУ = ПолучитьДоговораДУпоДинамическомуСписку(УчитыватьВыполненные);

    // ЦИКЛ ВЫПОЛНЯЕТСЯ НА КЛИЕНТЕ!
    Для каждого ТекДоговор Из СписокДоговоровДУ Цикл
        // Каждый договор вызывает серверную процедуру
        СформироватьДокументыЗакрытияПериода(ДатаПериода, ТекДоговор, УчитыватьВыполненные);
    КонецЦикла;
КонецПроцедуры
{code}

h3. 1.3. Ближайшие планы развития

{info:title=Цель оптимизации}
* *Цель оптимизации:* В ближайшее время планируется передавать в процедуру *Соответствие структур*, где для каждого Договора и определенного расчета будет закреплена *заранее сформированная таблица данных*.
* *Результат:* Вместо 3500 отдельных запросов к базе данных - выполнить один общий запрос и передать готовые данные.
* *Требование:* Цикл должен работать на сервере, чтобы иметь доступ к переданным структурам данных.
{info}

h2. 2. Техническое решение

h3. 2.1. Простыми словами

*Проблема:* Основной цикл обработки работает на клиенте, что приводит к множественным вызовам сервера и блокирует интерфейс пользователя. Главное - не дает выполнить предварительные серверные расчеты с передачей больших (сравнительно) данных, не используя архитектуру Клиент-Сервер.

*Решение:* Перенести цикл обработки на сервер в фоновое задание, показывать пользователю асинхронное окно прогресса.

{panel:title=Преимущества решения|borderColor=#28a745|titleBGColor=#d4edda|bgColor=#d4edda}
* (/) Пользователь сможет работать параллельно с выполнением операций
* (/) Можно будет передавать готовые данные вместо запросов
* (/) Показывается подробный прогресс выполнения
* (/) Используются стандартные механизмы платформы 1С
{panel}

h3. 2.2. Технология: Длительные операции платформы 1С

Использовать механизм *""Длительные операции""* платформы 1С:

# Запустить обработку в *фоновом задании* на сервере
# Показывать *асинхронное окно прогресса* пользователю
# Сообщать о *прогрессе выполнения* через {{ДлительныеОперации.СообщитьПрогресс()}}

h2. 3. Детали изменений в коде

{warning:title=⚠️ ВАЖНО}
Код в расширении CFE_NEW демонстрирует архитектуру решения. Все изменения необходимо реализовывать в основной конфигурации ДУ!
{warning}

h3. 3.1. Модуль формы РегламентныйПериод

*Расположение:* {{Справочники.РегламентныеПериоды.Формы.РегламентныйПериод.МодульФормы}}

h4. 3.1.1. ЗАМЕНЯЕМ существующую процедуру

*Оригинальная процедура:* {{СформироватьРегламентныеОперации}}
*Примечание:* В расширении CFE_NEW процедура имеет имя {{d1t_cikl_СформироватьРегламентныеОперации}} (с префиксом для идентификации в расширении). При переносе в основную конфигурацию имя должно быть {{СформироватьРегламентныеОперации}} (без префикса).
*Расположение:* {{&НаКлиенте}} с директивой {{&Вместо(""СформироватьРегламентныеОперации"")}}
*Входные параметры:*
* {{УчитыватьВыполненные}} (Булево) - учитывать выполненные операции

*Изменения в логике:*
* Старый синхронный цикл закомментирован (оставлен для демонстрации ""как было"" - в финальной реализации его необходимо *УБРАТЬ*)
* Добавлен вызов {{СформироватьРегламентныеОперацииНаСервере()}} для запуска фонового задания
* Добавлен вызов {{НачатьОтслеживаниеЗадания()}} для отслеживания прогресса

h4. 3.1.2. ДОБАВЛЯЕМ новые процедуры

Добавить в область {{#Область РаботаСДлительнымиОперациями}}:

||Процедура/Функция||Назначение||Особенности||
|{{СформироватьРегламентныеОперацииНаСервере}} (Серверная функция)|Подготовка параметров и запуск фонового задания|Выход: Структура с результатом запуска задания|
|{{НачатьОтслеживаниеЗадания}} (Клиентская процедура)|Настройка параметров асинхронного ожидания и отображения прогресса|Использует {{ДлительныеОперацииКлиент.ОжидатьЗавершение()}}|
|{{ОбработатьРезультатЗадания}} (Клиентский обработчик)|Обработка завершения фонового задания и обновление интерфейса|Экспортная процедура, обрабатывает все статусы выполнения|
|{{ЗавершитьОбработкуПослеУспехаНаКлиенте}} (Вспомогательная)|Финализация успешного выполнения|Обновление данных формы, очистка временного хранилища|
|{{ПоказатьПредупреждениеОбОшибке}} (Вспомогательная)|Отображение ошибок пользователю|Унифицированная обработка ошибок|

h3. 3.2. Модуль менеджера справочника РегламентныеПериоды

*Расположение:* {{Справочники.РегламентныеПериоды.МодульМенеджера}}

h4. 3.2.1. ДОБАВЛЯЕМ новую экспортную процедуру

*Название:* {{СформироватьРегламентныеОперацииНаСервере}}
*Расположение:* Экспортная процедура модуля менеджера (выполняется в фоновом задании)
*Область:* {{#Область ФормированиеРегламентныхОпераций}}

*Входные параметры:*
* {{ПараметрыПроцедуры}} (Структура) - структура с параметрами:
** {{ДатаПериода}} (Дата) - дата периода выполнения операций
** {{СписокДоговоровДУ}} (Массив) - массив договоров для обработки
** {{УчитыватьВыполненные}} (Булево) - учитывать выполненные операции
** {{НаименованиеФоновогоЗадания}} (Строка) - уникальное имя фонового задания
** {{ПараметрыСохранения}} (Структура) - параметры из временного хранилища формы
* {{АдресХранилищаРезультат}} (Строка) - адрес для сохранения результата выполнения

*Изменения:*
* Основной цикл обработки договоров перенесен на сервер
* Добавлена отправка прогресса через {{ДлительныеОперации.СообщитьПрогресс()}}
* Добавлена валидация входных параметров
* Результат сохраняется во временное хранилище

h4. 3.2.2. РАСШИРЯЕМ перенесенную процедуру

*Название:* {{СформироватьДокументыЗакрытияПериода}}
*Расположение:* Процедура модуля менеджера (перенесена из формы и расширена)
*Область:* {{#Область ФормированиеРегламентныхОпераций}} (та же область, что и для процедуры {{СформироватьРегламентныеОперацииНаСервере}})

*Новые входные параметры (4 параметра дополнительно):*
* {{НаименованиеФоновогоЗадания}} (Строка) - уникальное имя фонового задания
* {{ТекЗначение}} (Число) - текущий номер обрабатываемого договора
* {{МаксимальноеЗначение}} (Число) - общее количество договоров для обработки
* {{ПараметрыСохранения}} (Структура) - структура с сохраненными настройками и данными

*Изменения в логике:*
* *Перенос процедуры:* Из модуля формы в модуль менеджера для работы в фоновом задании
* *Параметры:* Добавлены параметры длительных операций (НаименованиеФоновогоЗадания, ТекЗначение, МаксимальноеЗначение, ПараметрыСохранения)
* *Передача данных:* Параметры теперь передаются напрямую вместо получения из временного хранилища формы
* *Совместимость:* Полностью сохранена существующая логика создания документов и планов операций

h2. 4. Инструкции по внедрению

h3. 4.1. Подготовка

# Изучить код в расширении {{CFE_NEW}} как демонстрацию решения
# Создать резервную копию основной конфигурации ДУ
# Открыть конфигурацию в Конфигураторе

h3. 4.2. Изменения в модуле формы

# Открыть форму {{Справочники.РегламентныеПериоды.Формы.РегламентныйПериод}}
# Открыть модуль формы
# Найти процедуру {{СформироватьРегламентныеОперации}}
# Заменить логику согласно примеру из расширения CFE_NEW
# Добавить новые процедуры в область {{#Область РаботаСДлительнымиОперациями}}

h3. 4.3. Изменения в модуле менеджера

# Открыть справочник {{Справочники.РегламентныеПериоды}}
# Открыть модуль менеджера
# Создать область {{#Область ФормированиеРегламентныхОпераций}}
# Добавить экспортную процедуру {{СформироватьРегламентныеОперацииНаСервере}} в эту область
# Перенести и расширить процедуру {{СформироватьДокументыЗакрытияПериода}} в эту же область

h3. 4.4. Финальная очистка кода

{warning:title=⚠️ ВАЖНО}
После переноса кода из расширения CFE_NEW в основную конфигурацию необходимо выполнить финальную очистку:
{warning}

# *Удалить тестовые комментарии:*
** Удалить все закомментированные блоки кода, которые были оставлены для демонстрации ""как было"" (например, старый синхронный цикл в процедуре {{СформироватьРегламентныеОперации}})
** Удалить комментарии с пометками {{////////////}} и области {{#Область УДАЛИ_МЕНЯ_1}}, {{#Область УДАЛИ_МЕНЯ_2}} и подобные
** Удалить комментарии с пометками {{#Область ИЗМЕНЕНИЕ_СформироватьРегламентныеОперации}} и другие временные маркеры
# *Проверить и переименовать области на нормальные названия:*
** В модуле формы: убедиться, что область называется {{#Область РаботаСДлительнымиОперациями}} (в расширении уже используется правильное название)
** В модуле менеджера: убедиться, что область называется {{#Область ФормированиеРегламентныхОпераций}} (в расширении уже используется правильное название)
** Удалить временные области {{#Область УДАЛИ_МЕНЯ_1}} и {{#Область УДАЛИ_МЕНЯ_2}} вместе с их содержимым
# *Проверить код на наличие временных маркеров и исправить имена:*
** В модуле формы: переименовать процедуру {{d1t_cikl_СформироватьРегламентныеОперации}} в {{СформироватьРегламентныеОперации}} (убрать префикс {{d1t_cikl_}})
** Убедиться, что нет других комментариев с префиксами типа {{d1t_cikl_}} в именах процедур
** Проверить, что все процедуры имеют правильные имена без тестовых префиксов

h2. 5. Структура файлов

h3. 5.1. Оригинальная конфигурация

* {{Catalogs\РегламентныеПериоды.xml}} - метаданные справочника
* {{Catalogs\РегламентныеПериоды\Forms\РегламентныйПериод\Module.bsl}} - модуль формы (требует изменений)
* {{Catalogs\РегламентныеПериоды\ManagerModule.bsl}} - модуль менеджера (требует изменений)

h3. 5.2. Расширение с демонстрацией решения

* {{Catalogs\РегламентныеПериоды\Ext\ManagerModule.bsl}} - пример модуля менеджера
* {{Catalogs\РегламентныеПериоды\Forms\РегламентныйПериод\Ext\Form\Module.bsl}} - пример модуля формы


",AChmykhalov,JiraAutomate,KIkonnikov,,,,,,"Составление задания на доработку;26/Jan/26 9:11 +0300;AChmykhalov;7200","Разработка расширения с реализацией задачи согласно описанию, проведено ИТ тестирование, передано вендору;27/Jan/26 7:58 +0300;AChmykhalov;9000","Контроль комментариев и статусов в Аванкор по задаче;09/Feb/26 9:18 +0300;AChmykhalov;900","UAT тестирование;13/Feb/26 15:14 +0300;AChmykhalov;3600",,,,,,,,,,,,,,,,,,,,,,0,0,20700,"9,223,372,036,854,775,807%",0,0,20700,Internal Only,,,,,,,,,,IMAPPS-35169,,,,,,,,,"05/Feb/26 10:38 +0300;KIkonnikov;RE Согласовать платные доработки по ДУ1.5 (оптимизация) - IMAPPS-35035.msg;https://jira/secure/attachment/2557161/RE+%D0%A1%D0%BE%D0%B3%D0%BB%D0%B0%D1%81%D0%BE%D0%B2%D0%B0%D1%82%D1%8C+%D0%BF%D0%BB%D0%B0%D1%82%D0%BD%D1%8B%D0%B5+%D0%B4%D0%BE%D1%80%D0%B0%D0%B1%D0%BE%D1%82%D0%BA%D0%B8+%D0%BF%D0%BE+%D0%94%D0%A31.5+%28%D0%BE%D0%BF%D1%82%D0%B8%D0%BC%D0%B8%D0%B7%D0%B0%D1%86%D0%B8%D1%8F%29+-+IMAPPS-35035.msg","03/Feb/26 15:45 +0300;AChmykhalov;Дерево_изменяемых_объектов_расширения_d1t_cikl.html;https://jira/secure/attachment/2554082/%D0%94%D0%B5%D1%80%D0%B5%D0%B2%D0%BE_%D0%B8%D0%B7%D0%BC%D0%B5%D0%BD%D1%8F%D0%B5%D0%BC%D1%8B%D1%85_%D0%BE%D0%B1%D1%8A%D0%B5%D0%BA%D1%82%D0%BE%D0%B2_%D1%80%D0%B0%D1%81%D1%88%D0%B8%D1%80%D0%B5%D0%BD%D0%B8%D1%8F_d1t_cikl.html","03/Feb/26 15:45 +0300;AChmykhalov;Для_вендора_Аванкор_расширение_d1t_cikl_перенос_в_CF.html;https://jira/secure/attachment/2554081/%D0%94%D0%BB%D1%8F_%D0%B2%D0%B5%D0%BD%D0%B4%D0%BE%D1%80%D0%B0_%D0%90%D0%B2%D0%B0%D0%BD%D0%BA%D0%BE%D1%80_%D1%80%D0%B0%D1%81%D1%88%D0%B8%D1%80%D0%B5%D0%BD%D0%B8%D0%B5_d1t_cikl_%D0%BF%D0%B5%D1%80%D0%B5%D0%BD%D0%BE%D1%81_%D0%B2_CF.html","26/Jan/26 8:58 +0300;AChmykhalov;Задание_на_доработку_РегламентныеПериоды.html;https://jira/secure/attachment/2539975/%D0%97%D0%B0%D0%B4%D0%B0%D0%BD%D0%B8%D0%B5_%D0%BD%D0%B0_%D0%B4%D0%BE%D1%80%D0%B0%D0%B1%D0%BE%D1%82%D0%BA%D1%83_%D0%A0%D0%B5%D0%B3%D0%BB%D0%B0%D0%BC%D0%B5%D0%BD%D1%82%D0%BD%D1%8B%D0%B5%D0%9F%D0%B5%D1%80%D0%B8%D0%BE%D0%B4%D1%8B.html","27/Jan/26 7:56 +0300;AChmykhalov;ПланТестированияИТ_Ргел1.docx;https://jira/secure/attachment/2541838/%D0%9F%D0%BB%D0%B0%D0%BD%D0%A2%D0%B5%D1%81%D1%82%D0%B8%D1%80%D0%BE%D0%B2%D0%B0%D0%BD%D0%B8%D1%8F%D0%98%D0%A2_%D0%A0%D0%B3%D0%B5%D0%BB1.docx","13/Feb/26 15:29 +0300;AChmykhalov;ПланУАТтестирования_35035_Регл1.docx;https://jira/secure/attachment/2569316/%D0%9F%D0%BB%D0%B0%D0%BD%D0%A3%D0%90%D0%A2%D1%82%D0%B5%D1%81%D1%82%D0%B8%D1%80%D0%BE%D0%B2%D0%B0%D0%BD%D0%B8%D1%8F_35035_%D0%A0%D0%B5%D0%B3%D0%BB1.docx",,,,,,,,,,,,,,,,,,,,,,,,,,,,WIM,,,,,,,,,,PMHN,,,,,,,,,,,,,,IMDEV-8633,,,,2 нормо-часа. Стоимость составляет 7 800 руб.,https://lk.avancore.ru/tasks/ASP-196537,,,,,,IM Back-Office DU,IM Back-Office DU,,,,,,,,,,,,,,,,,,,,yes,,,,,"0|i3yow7:",0.0,,,,,,,,,,,,,,,,,,,,,,,,,,,,,,,Да,normal,,,,,"27/Jan/26 7:57 +0300;AChmykhalov;Разработано и протестировано согласно плана  [^ПланТестированияИТ_Ргел1.docx] 
","28/Jan/26 9:15 +0300;AChmykhalov;Аванкору:

Чмыхалов Алексей (ВИМ ИНВЕСТИЦИИ АО)
Чмыхалов Алексей (ВИМ ИНВЕСТИЦИИ АО)
1/27/2026, 5:26:13 PM
Добрый день!
Прошу взять в работу задачу ASP‑196537 («Оптимизация регламентов. Справочник „РегламентныеПериоды“ — выполнение цикла регламентов перенести на сервер»).
Кратко о сути задачи: необходимо перенести выполнение цикла регламентных операций с клиента на сервер в конфигурации «Доверительное управление, версия 1.5». Это позволит:

проводить предварительные серверные расчёты с передачей больших объёмов данных;
избежать блокировки пользовательского интерфейса во время выполнения операций;
сократить количество вызовов сервера (сейчас каждый договор инициирует отдельную серверную процедуру).
Важные уточнения:
задача относится к конфигурации «Доверительное управление, версия 1.5» (в системе нет возможности указать эту версию, указана ДУ 1.0);
все изменения должны быть реализованы в основной конфигурации ДУ, а не в расширении d1t_cikl (расширение служит только для демонстрации концепции и архитектуры решения).
Буду благодарен за подтверждение взятия задачи в работу и предварительные сроки её реализации. Если потребуются дополнительные детали или возникнут вопросы — готов оперативно предоставить разъяснения.","28/Jan/26 15:47 +0300;AChmykhalov;Еременко Константин
1/28/2026, 3:34:17 PM
Добрый день, Алексей. До конца недели ответим.","03/Feb/26 14:50 +0300;AChmykhalov; 
Пользователь Еременко Константин внес изменения 03.02.26 14:23:44 
 
	Статус:	Открыта Waiting for Studio 

","03/Feb/26 15:43 +0300;AChmykhalov;Столова Екатерина
2/3/2026, 3:26:57 PM
Чмыхалов Алексей (ВИМ ИНВЕСТИЦИИ АО)
Добрый день!
*Данный заказ оценили в 2 нормо-часа. Стоимость составляет 7 800 руб.*
В случае положительного решения, напишите ""Оценка согласована"".
Ожидаем согласование оценки до 10.02.2026, далее заказ без подтверждения будет закрыт со статусом - ""Не будет решаться"".
Если в дальнейшем Вами будет принято решение продолжить работы по требованию, сообщите нам и мы возобновим работы по задаче.
Хорошего дня!","05/Feb/26 10:38 +0300;KIkonnikov;Согласовано, PMHN
 [^RE Согласовать платные доработки по ДУ1.5 (оптимизация) - IMAPPS-35035.msg] ","05/Feb/26 11:15 +0300;AChmykhalov;Столова Екатерина
Столова Екатерина
2/5/2026, 11:04:11 AM
Задача передаётся на планирование работ","05/Feb/26 12:14 +0300;AChmykhalov;Еременко Константин
2/5/2026, 11:54:51 AM
Принято в работу. Будет решено до 20/02/26.","12/Feb/26 11:36 +0300;AChmykhalov; 
Пользователь Еременко Константин внес изменения 12.02.26 11:23:58 
 
	Статус:	Выполняется Waiting for installing 

Еременко Константин 12.02.26 11:44:47 
 
Доступно в релизе 1.5.27.4.
","13/Feb/26 15:29 +0300;AChmykhalov;Проведено УАТ тестирование  [^ПланУАТтестирования_35035_Регл1.docx] (успешно)","13/Feb/26 15:30 +0300;AChmykhalov;*Предусловия внедрения*
 * Паспорт объекта внедрения слинкован с задачей: Да
 * MergeRequest прошел ревью и принят в MAIN:
 * Слинкована DEPLOY-задача: Да

*План внедрения*
 * Тип объекта внедрения : Конфигурация
 * Название объекта внедрения: DU
 * Объект внедрения новый (да/нет): Нет
 * База внедрения (если применимо: указать название): PROD_AVC_DU
 * MergeRequest в GIT или номер коммита в DEV-хранилище: -
 * Помещено в каталог автозагрузки (если применимо: указать путь до файла): -
 * Версия (если применимо: указать внедряемый номер): *не ниже 1.5.27.4*
 * График внедрения (планово, срочно): планово

*Дополнительные действия*
 * Выполнить настройки (если применимо: указать параметры настроек): Выполнять настройки не нужно
 * Дополнительные действия при внедрении (если применимо: указать действия до и/или после): не требуется","25/May/26 21:00 +0300;JiraAutomate;The issue was closed automaticaly due to staying in status ""Resolved"" more than 7 days",,,,,,,,,,,,,,,,,,,,,,,,,,,,,
[Аванкор] Оптимизация функции ДоговорКонтрагентаСРольюДоговорДУПоПортфелю путем переноса в модуль повторного использования,IMAPPS-35010,943466,,Change Request,Closed,IMAPPS,IM Application Support,software,IMAPPS_Unassigned,,http://confluence/display/IMIT/IM+Application+Support,Medium,Done,AChmykhalov,KIkonnikov,AChmykhalov,23/Jan/26 8:48 +0300,25/May/26 21:00 +0300,14/Sep/26 5:36 +0300,18/May/26 8:39 +0300,IM-2026-05-18,AvancoreDU,,CAB,Retail_DU,,"h2. OPT-001: Оптимизация функции ДоговорКонтрагентаСРольюДоговорДУПоПортфелю путем переноса в модуль повторного использования

----

h1. Анализ ситуации и предложения по оптимизации

h2. 📊 Текущая ситуация

*Функция в модуле менеджера справочника {{ДоговорыКонтрагентов}}:*

{code:language=bsl}
Функция ДоговорКонтрагентаСРольюДоговорДУПоПортфелю(ДоговорДУ) Экспорт
    // Выполняет запрос к справочнику ДоговорыКонтрагентов
    // Ищет договор с ролью ""ДоговорДУ"" по переданному ДоговорДУ
    // Возвращает найденный договор или пустую ссылку
КонецФункции // ()
{code}

*Место вызова:* Общий модуль {{ОбщегоНазначенияДУ.Функция ПолучитьИдентификаторПорученияКлиента()}}

h2. 🎯 Предложение по оптимизации

h3. Вариант 1: Перенос в {{ОбщегоНазначенияДУПовтИсп}} (рекомендуемый)

h4. Преимущества

* ✅ *Кэширование на уровне сессии* ({{ReturnValuesReuse = DuringSession}})
* ✅ *Снижение нагрузки на БД* - результаты запросов кэшируются
* ✅ *Логичное размещение* - модуль содержит функции НСИ
* ✅ *Улучшение производительности* при многократных вызовах с одинаковым {{ДоговорДУ}}

h4. Реализация

# *Добавить функцию в {{ОбщегоНазначенияДУПовтИсп}}:*

{code:language=bsl}
// Функция возвращает найденный договор контрагента с ролью ""ДоговорДУ"".
//
// Параметры:
//  ДоговорДУ- <Тип.спр. ДоговорДУ> - договор ДУ
//
// Возвращаемое значение:
//   ДоговорКонтрагента - Тип:сп.ДоговорыКонтрагентов   - Найденный договор с ролью ДоговорДУ.
Функция ДоговорКонтрагентаСРольюДоговорДУПоПортфелю(ДоговорДУ) Экспорт

    ДоговорКонтрагента = Справочники.ДоговорыКонтрагентов.ПустаяСсылка();

    Если НЕ ЗначениеЗаполнено(ДоговорДУ) Тогда
        Возврат ДоговорКонтрагента;
    КонецЕсли;


    Запрос = Новый Запрос;
    Запрос.Текст =
        ""ВЫБРАТЬ ПЕРВЫЕ 1
        |    ДоговорыКонтрагентов.Ссылка
        |ИЗ
        |    Справочник.ДоговорыКонтрагентов КАК ДоговорыКонтрагентов
        |ГДЕ
        |    ДоговорыКонтрагентов.ДоговорДУ = &ДоговорДУ
        |    И ДоговорыКонтрагентов.РольДоговора = &РольДоговора
        |
        |УПОРЯДОЧИТЬ ПО
        |    ДоговорыКонтрагентов.ДатаДоговора УБЫВ"";

    Запрос.УстановитьПараметр(""ДоговорДУ"", ДоговорДУ);
    Запрос.УстановитьПараметр(""РольДоговора"", Перечисления.РолиДоговоровКонтрагента.ДоговорДУ);

    РезультатЗапроса = Запрос.Выполнить();

    Выборка = РезультатЗапроса.Выбрать();
    Если Выборка.Следующий() Тогда
        ДоговорКонтрагента = Выборка.Ссылка;
    КонецЕсли;


    Возврат ДоговорКонтрагента;

КонецФункции // ()
{code}

# *Оставить обертку в модуле менеджера справочника:*

{code:language=bsl}
Функция ДоговорКонтрагентаСРольюДоговорДУПоПортфелю(ДоговорДУ) Экспорт
    Возврат ОбщегоНазначенияДУПовтИсп.ДоговорКонтрагентаСРольюДоговорДУПоПортфелю(ДоговорДУ);
КонецФункции
{code}

# *Обновить вызов в {{ОбщегоНазначенияДУ}}:*

{code:language=bsl}
НайденныйДоговорКонтрагента = ОбщегоНазначенияДУПовтИсп.ДоговорКонтрагентаСРольюДоговорДУПоПортфелю(ДоговорДУ);
{code}",AChmykhalov,JiraAutomate,KIkonnikov,,,,,,"UAT тестирование;02/Feb/26 13:32 +0300;AChmykhalov;5400",,,,,,,,,,,,,,,,,,,,,,,,,,0,5400,,,0,5400,Internal Only,,,,,,,,,,IMAPPS-35169,,,,,,,,,"26/Jan/26 13:23 +0300;KIkonnikov;RE Платные доработки по АванкорДУ1.5 (под оптимизацию РДУ) - IMAPPS-35010.msg;https://jira/secure/attachment/2540754/RE+%D0%9F%D0%BB%D0%B0%D1%82%D0%BD%D1%8B%D0%B5+%D0%B4%D0%BE%D1%80%D0%B0%D0%B1%D0%BE%D1%82%D0%BA%D0%B8+%D0%BF%D0%BE+%D0%90%D0%B2%D0%B0%D0%BD%D0%BA%D0%BE%D1%80%D0%94%D0%A31.5+%28%D0%BF%D0%BE%D0%B4+%D0%BE%D0%BF%D1%82%D0%B8%D0%BC%D0%B8%D0%B7%D0%B0%D1%86%D0%B8%D1%8E+%D0%A0%D0%94%D0%A3%29+-+IMAPPS-35010.msg","23/Jan/26 8:47 +0300;AChmykhalov;для АВАНКОР __ Надо вынести тело кода в ПовтИсп.docx;https://jira/secure/attachment/2537643/%D0%B4%D0%BB%D1%8F+%D0%90%D0%92%D0%90%D0%9D%D0%9A%D0%9E%D0%A0+__+%D0%9D%D0%B0%D0%B4%D0%BE+%D0%B2%D1%8B%D0%BD%D0%B5%D1%81%D1%82%D0%B8+%D1%82%D0%B5%D0%BB%D0%BE+%D0%BA%D0%BE%D0%B4%D0%B0+%D0%B2+%D0%9F%D0%BE%D0%B2%D1%82%D0%98%D1%81%D0%BF.docx","02/Feb/26 13:31 +0300;AChmykhalov;ПланУАТ_тестирования_35010_Релиз_1_5_27_2.docx;https://jira/secure/attachment/2551738/%D0%9F%D0%BB%D0%B0%D0%BD%D0%A3%D0%90%D0%A2_%D1%82%D0%B5%D1%81%D1%82%D0%B8%D1%80%D0%BE%D0%B2%D0%B0%D0%BD%D0%B8%D1%8F_35010_%D0%A0%D0%B5%D0%BB%D0%B8%D0%B7_1_5_27_2.docx",,,,,,,,,,,,,,,,,,,,,,,,,,,,,,,WIM,,,,,,,,,,PMHN,,,,,,,,,,,,,,IMDEV-8633,,,,1 нормо-час. Стоимость составляет 3 900 руб.,https://lk.avancore.ru/tasks/ASP-196358,,,,,,IM Back-Office DU,IM Back-Office DU,,,,,,,,,,,,,,,,,,,,yes,,,,,"0|i3yjgv:",0.0,,,,,,,,,,,,,,,,,,,,,,,,,,,,,,,Да,normal,,,,,"23/Jan/26 8:49 +0300;AChmykhalov;Чмыхалов Алексей (ВИМ ИНВЕСТИЦИИ АО)
Чмыхалов Алексей (ВИМ ИНВЕСТИЦИИ АО)
1/23/2026, 8:45:10 AM
Примечание: у нас есть места, где для одного и того же договора в рамках сеанса очень много раз вызывается данная функция для  [^для АВАНКОР __ Надо вынести тело кода в ПовтИсп.docx] , и в связи с тем, что это занимает много времени, предложение перенести ее в общий модуль с кэшированием.
Спасибо!","26/Jan/26 8:42 +0300;AChmykhalov;Чмыхалов Алексей (ВИМ ИНВЕСТИЦИИ АО)
Чмыхалов Алексей (ВИМ ИНВЕСТИЦИИ АО)
1/23/2026, 11:35:05 AM
Анализ ситуации с кэшированием в системе 1С
На основании данных, представленных в приложенном файле с замерами времени, в процессе тестирования выявлено отсутствие кэширования запроса со стороны системы.
Ограничения внешнего кэширования
Важно отметить, что 1С не обеспечивает гарантий учёта результатов кэширования, выполняемого сторонними системами (включая, но не ограничиваясь: Windows, SQL и аналогичными).
Решение от компании 1С
В целях обеспечения контролируемого кэширования компания 1С внедрила специализированный механизм, реализованный посредством:
общих модулей;
поддержки повторного использования.
Рекомендации по оценке
Проведение оценки допустимо при условии учёта следующего ключевого аспекта: процедура переноса элемента в модуль повторного использования является тривиальной (элементарной) операцией.
Еременко Константин
Еременко Константин
1/23/2026, 12:10:41 PM
Алексей, просто напишите оценивать или нет. Как пожелание мы не будем делать т.к. этой системой только вы пользуетесь.

Чмыхалов Алексей (ВИМ ИНВЕСТИЦИИ АО)
Чмыхалов Алексей (ВИМ ИНВЕСТИЦИИ АО)
1/23/2026, 12:48:27 PM
Оцените","26/Jan/26 10:43 +0300;AChmykhalov; 
Столова Екатерина 26.01.26 9:50:00 
 
	Чмыхалов Алексей (ВИМ ИНВЕСТИЦИИ АО) 
Добрый день!
*Данный заказ оценили в 1 нормо-час. Стоимость составляет 3 900 руб.*
В случае положительного решения, напишите ""Оценка согласована"".
Ожидаем согласование оценки до 03.02.2026, далее заказ без подтверждения будет закрыт со статусом - ""Не будет решаться"".
Если в дальнейшем Вами будет принято решение продолжить работы по требованию, сообщите нам и мы возобновим работы по задаче.
Хорошего дня!
","26/Jan/26 13:23 +0300;KIkonnikov;Доработки 1h на сумму 3900руб согласованы, кост-центр PMHN

[^RE Платные доработки по АванкорДУ1.5 (под оптимизацию РДУ) - IMAPPS-35010.msg]","26/Jan/26 14:06 +0300;AChmykhalov; 
Столова Екатерина 26.01.26 13:51:44 
 
	Задача передаётся на планирование работ
","26/Jan/26 15:25 +0300;AChmykhalov;Еременко Константин 26.01.26 15:12:26 
 
Принято в работу. Будет решено до 6/02/26.
","27/Jan/26 7:56 +0300;AChmykhalov;Переведена Аванкором в статус UAT","28/Jan/26 15:46 +0300;AChmykhalov; 
Пользователь Еременко Константин внес изменения 28.01.26 15:35:39 
 
	Статус:	 Waiting for installing 

","30/Jan/26 17:01 +0300;AChmykhalov; Еременко Константин 30.01.26 16:44:52 
 
	Доступно в релизе v. 1.5.27.2
","02/Feb/26 9:30 +0300;AChmykhalov;Проведено УАТ тестирование  [^ПланУАТ_тестирования_35010_Релиз_1_5_27_2.docx] (успешно)","03/Feb/26 12:49 +0300;AChmykhalov;*Предусловия внедрения*
 * Паспорт объекта внедрения слинкован с задачей: Да
 * MergeRequest прошел ревью и принят в MAIN:
 * Слинкована DEPLOY-задача: Да

*План внедрения*
 * Тип объекта внедрения : Конфигурация
 * Название объекта внедрения: DU
 * Объект внедрения новый (да/нет): Нет
 * База внедрения (если применимо: указать название): PROD_AVC_DU
 * MergeRequest в GIT или номер коммита в DEV-хранилище: -
 * Помещено в каталог автозагрузки (если применимо: указать путь до файла): -
 * Версия (если применимо: указать внедряемый номер): *не ниже 1.5.27.2*
 * График внедрения (планово, срочно): планово

*Дополнительные действия*
 * Выполнить настройки (если применимо: указать параметры настроек): Выполнять настройки не нужно
 * Дополнительные действия при внедрении (если применимо: указать действия до и/или после): не требуется","09/Feb/26 9:14 +0300;AChmykhalov;Если можно, то необходимо передвинуть на следующий этап, у меня нет доступа к кнопке. Спасибо.","25/May/26 21:00 +0300;JiraAutomate;The issue was closed automaticaly due to staying in status ""Resolved"" more than 7 days",,,,,,,,,,,,,,,,,,,,,,,,,,,,
[Аванкор] Оптимизация исполнения сделок (обработка после загрузки из ДУ  без дублей перепроведения),IMAPPS-34812,934866,,Change Request,Closed,IMAPPS,IM Application Support,software,IMAPPS_Unassigned,,http://confluence/display/IMIT/IM+Application+Support,Medium,Done,AChmykhalov,KIkonnikov,AChmykhalov,13/Jan/26 13:10 +0300,28/Aug/26 12:22 +0300,28/Aug/26 12:22 +0300,16/Feb/26 8:57 +0300,IM-2026-02-16,AvancoreFinance,,CAB,Retail_DU,,"Эпик:

 - [Аванкор] - заказать доработку как в ДУ 1.5 чтобы при выполнении БП СделкиTn на этапе проведения Сделки (Перерегистрации ц-б) определять проведена ли она уже, и если Да - то не выполнять повторное дублирующее проведение.

- [Вн. команда] - доработать внешнюю обработку ExchDU_ЗапускОперацийПослеОбмена с целью оптимизации запуска потоков обработки СделокTn и ПеререгистрацийЦБ  (завести отдельную Саб-таск https://jira/browse/IMAPPS-34813)",AChmykhalov,JiraAutomate,,,,,,,"- Анализ проблемы дублирующего проведения документов в БП СделкиTn
- Анализ процедуры `СинхронизироватьПредмет` (строка 163) и понимание её логики работы
- Определение условий, при которых проведение должно быть пропущено:
  - Документ является объектом типа ""ДокументОбъект.Сделка""
  - Документ уже проведен
  - У документа нет дополнительных свойств
- Формулирование логического выражения для проверки;14/Jan/26 9:00 +0300;AChmykhalov;14400","UAT тестирование доработок, найдена ошибка, передано вендору;02/Feb/26 15:55 +0300;AChmykhalov;7200","UAT тестирование исправления по релизу вендора 2.8.1.0;06/Feb/26 10:11 +0300;AChmykhalov;3600",,,,,,,,,,,,,,,,,,,,,,,0,0,25200,"9,223,372,036,854,775,807%",0,0,70200,Internal Only,,,,,,,,,,IMAPPS-34058,,,IMDEV-7331,,,,,,"02/Feb/26 15:35 +0300;AChmykhalov;image-2026-02-02-15-35-12-268.png;https://jira/secure/attachment/2552088/image-2026-02-02-15-35-12-268.png","14/Jan/26 9:01 +0300;AChmykhalov;Задача1_Аванкор_ПостановкаЗадачи.html;https://jira/secure/attachment/2523614/%D0%97%D0%B0%D0%B4%D0%B0%D1%87%D0%B01_%D0%90%D0%B2%D0%B0%D0%BD%D0%BA%D0%BE%D1%80_%D0%9F%D0%BE%D1%81%D1%82%D0%B0%D0%BD%D0%BE%D0%B2%D0%BA%D0%B0%D0%97%D0%B0%D0%B4%D0%B0%D1%87%D0%B8.html","06/Feb/26 10:11 +0300;AChmykhalov;ПланУАТ_тестирования_34812_Релиз_2_8_1_0.docx;https://jira/secure/attachment/2559005/%D0%9F%D0%BB%D0%B0%D0%BD%D0%A3%D0%90%D0%A2_%D1%82%D0%B5%D1%81%D1%82%D0%B8%D1%80%D0%BE%D0%B2%D0%B0%D0%BD%D0%B8%D1%8F_34812_%D0%A0%D0%B5%D0%BB%D0%B8%D0%B7_2_8_1_0.docx",,,,,,,,,,,,,,,,,,,,,,,,,,,,,,,WIM,,,,,,,,,,,,,,,,,,,,,,,,IMDEV-8633,,,,,https://lk.avancore.ru/tasks/ASP-195362,,,,,,IM Finance,IM Finance,,,,,,,,,,,,,,,,,,,,no,,,,,"0|i3xppb:",0.0,,,,,,,,,,,,,,,,,,,,,,,,,,,,,,,Да,normal,,,,,"14/Jan/26 9:00 +0300;AChmykhalov;Описание изменений:   [^Задача1_Аванкор_ПостановкаЗадачи.html] 

h2. Краткое описание хода работ

*Анализ и проектирование*

_Изучение задачи и проектирование решения_

* Проанализирована проблема дублирующего проведения документов Сделка в БП СделкиTn
* Изучена демонстрационная доработка в конфигурации *ДУ 1.5*
* Определено место внесения изменений в оригинальной конфигурации: процедура {code}СинхронизироватьПредмет{code} 
* Разработана логика проверки необходимости проведения:
** Проверка типа документа (ДокументОбъект.Сделка)
** Проверка статуса проведения
** Проверка наличия дополнительных свойств

*Начало реализации*

_Внесение изменений в демо-расширение для Аванкор_

* Добавлена переменная {code}ТребуетсяПроведение{code} с логикой проверки
* Определено точное место вставки кода (после проверки пометки удаления)
* Выполнена первичная проверка синтаксиса

----
*Реализация основной логики*

_Завершение доработки_

* Реализован условный блок {code}Если ТребуетсяПроведение Тогда{code} вокруг кода проведения
* Проверена корректность вложенности блоков кода
* Логика обработки ошибок сохранена
* Выполнена проверка стиля кода на соответствие стандартам 1С
----

h2. Итоговый результат

{panel:title=Реализовано|borderStyle=solid|borderColor=#3572b0|titleBGColor=#3572b0|bgColor=#e3f2fd}
Логика предотвращения дублирующего проведения документов Сделка, которые уже проведены и не имеют дополнительных свойств
{panel}

{panel:title=Задача передана в Аванкор|borderStyle=solid|borderColor=#3572b0|titleBGColor=#3572b0|bgColor=#e3f2fd}
https://lk.avancore.ru/tasks/ASP-195362
{panel}
","14/Jan/26 13:37 +0300;AChmykhalov; 
Коновка Антон 14.01.26 13:23:30 
 
	Чмыхалов Алексей (ВИМ ИНВЕСТИЦИИ АО) Добрый день. Возьмем на анализ. Отпишемся после того как ознакомимся с вашим предложением и определим вид задачки в которой сделаем это. Как всегда если посчитаем это недоработками системы- постараемся сделать для вас бесплатно. Очень ценим ваши предложения
","19/Jan/26 11:58 +0300;AChmykhalov; 
Коновка Антон 19.01.26 11:44:52 
 
	Добрый день. Задача на анализе. В ближайшее время зададим ряд вопросов.
","20/Jan/26 8:50 +0300;AChmykhalov;Хомич Андрей
Хомич Андрей
1/19/2026, 4:26:49 PM
Чмыхалов Алексей (ВИМ ИНВЕСТИЦИИ АО)
Добрый день, можете уточнить, У вас повторное перепроведение сделок происходит при закрытии периода.
Или при исполнении сделок Tn, в загрузке отчета брокера.

Чмыхалов Алексей (ВИМ ИНВЕСТИЦИИ АО)
Чмыхалов Алексей (ВИМ ИНВЕСТИЦИИ АО)
1/19/2026, 4:49:47 PM
Добрый день!
А в чем суть вопроса? Почему важно когда происходит данная операция?
Чтобы я точнее смог ответить.

Пока формулировка остается такой-же как была
Это оптимизационная задача, а не в том плане что у нас что-то не работает.
Предлагаемое решение не привязано к конкретному сценарию вызова БП «СделкаTn». Проверка должна работать:
при ручном запуске процесса;
при автоматической обработке загруженных данных;
при вызовах из интеграционных механизмов;
в любых других случаях инициирования БП","20/Jan/26 11:21 +0300;AChmykhalov;Коновка Антон
Коновка Антон
1/20/2026, 10:47:39 AM
Чмыхалов Алексей (ВИМ ИНВЕСТИЦИИ АО) Добрый день. Поясню суть вопроса. Мы на своей базе пытаемся воспроизвести описанный пример когда у нас проходит двойная запись документа и не можем понять пока кейс как увидеть этого. Возможно мы что то делаем не так как вы. Можете подробно описать действия в базе исходя из которых вы увидели двойную запись. Это загрузка отчета брокера или закрытие дня с определенными настройками?

Чмыхалов Алексей (ВИМ ИНВЕСТИЦИИ АО)
Чмыхалов Алексей (ВИМ ИНВЕСТИЦИИ АО)
1/20/2026, 11:21:04 AM
Спасибо за детальное описание проблемы.

Сразу отмечу важный момент: наша среда включает кастомные расширения и внешние обработки поверх типовой конфигурации, что влияет на бизнес-процесс. Прямое воспроизведение невозможно.

Однако для тестирования двойной записи предлагаю следующий подход: (можете любой свой вариант использовать)

Шаг 1. Начните БП СделкаTn (любым удобным способом)
Шаг 2. Убедитесь, что выполнился этап ""Открытие плановой позиции"" (при этом создается не проведенная Перерега)
Шаг 3. Принудительно проведите Перерегистрацию до автоматического запуска этапа ""Закрытие плановой позиции""","20/Jan/26 17:47 +0300;AChmykhalov;Чмыхалов Алексей (ВИМ ИНВЕСТИЦИИ АО)
Чмыхалов Алексей (ВИМ ИНВЕСТИЦИИ АО)
1/20/2026, 11:28:31 AM
Чтобы долго не затягивать данную мелкую задачу, если вы не видите проблем в такой небольшой доработке то предлагаю ее сделать

Коновка Антон
Коновка Антон
1/20/2026, 5:34:09 PM
Чмыхалов Алексей (ВИМ ИНВЕСТИЦИИ АО) мы заинтересованы в поиске ""лишних записей документов"" т.к. если от этого удастся уйти это в целом ускорит работу со сделками. Поэтому пока постараемся воспроизвести все же. Если на этой неделе не получится сообщим и подумаем как быть. Чисто по коду пока видим синхронизацию подчиненного документа при изменении каких либо реквизитов сделки, но просто отключить ее не кажется логичным. Тогда можем нарушить корректность проводок при каком либо изменении. Пока на анализе.

Чмыхалов Алексей (ВИМ ИНВЕСТИЦИИ АО)
Чмыхалов Алексей (ВИМ ИНВЕСТИЦИИ АО)
1/20/2026, 5:46:08 PM
Синхронизацию отключать не надо. Только блок связанный с повторным проведением при соблюдении ряда условий. У меня подробно написано в приложенном HTML файле.

Документ является объектом типа ""ДокументОбъект.Сделка""
Документ уже проведен (ДокументОбъект.Проведен = Истина)
У документа нет дополнительных свойств (ДополнительныеСвойства.Количество() = 0)","21/Jan/26 15:58 +0300;AChmykhalov;Чмыхалов Алексей (ВИМ ИНВЕСТИЦИИ АО)
Чмыхалов Алексей (ВИМ ИНВЕСТИЦИИ АО)
1/21/2026, 6:41:54 AM
Как помощь предлагаю, чтобы исключить влияние проведения ради изменения реквизитов, добавить новую экспортную переменную ЭтоВыполнениеЗадачи.
И устанавливать ее при вызове синхронизации именно при выполнении задач.
В таком случае это всегда первичное проведение (а не изменение реквизитов).
Соответственно в коде использовать этот признак для принятия решения о том чтобы не проводить уже проведенный документ (предмет)

Во вложении ТеорияПРОВЕДЕНИЕvsПЕРЕПРОВЕДЕНИЕ.html

Коновка Антон
Коновка Антон
1/21/2026, 3:55:34 PM
Чмыхалов Алексей (ВИМ ИНВЕСТИЦИИ АО) Проанализировали ваше предложение. Да у нас не нашли кейса чтобы записей Перерегистрации было больше чем ожидали, н *готовы для вас сделать доработку по вашей просьбе. Постараемся выполнить до конца января. Вы нам много полезного подсказываете и сделать вам удобно будет справедливо на мой взгляд. Как будет закончено- сообщим и проверите.*","28/Jan/26 13:17 +0300;AChmykhalov; 
Коновка Антон 28.01.26 12:11:37 
 
	Добрый день. Пока стараемся выполнить как и обещал в январе. Шансы есть
","29/Jan/26 16:44 +0300;AChmykhalov; 
Пользователь Коновка Антон внес изменения 29.01.26 16:26:54 
 
	Статус:	Waiting for installing ","30/Jan/26 17:02 +0300;AChmykhalov;Коцарев Павел 30.01.26 16:45:42 
 
Работы по задаче завершены, решение будет доступно в следующей поставке


","01/Feb/26 6:39 +0300;AChmykhalov; 
Коновка Антон 31.01.26 23:14:07 
 
	Доступно в поставке 2.8.0.6
","02/Feb/26 9:30 +0300;AChmykhalov;UAT от 02.02.2026.
{color:#DE350B}Найдена ошибка.{color}
Передано вендору в комменте к задаче (https://lk.avancore.ru/tasks/ASP-195362):

Чмыхалов Алексей (ВИМ ИНВЕСТИЦИИ АО)
Чмыхалов Алексей (ВИМ ИНВЕСТИЦИИ АО)
2/2/2026, 3:29:43 PM
Добрый день!

Просьба исправить !
Где? - > Задача.ВнебиржеваяСделка, Модуль объекта

В чём ошибка:
В цикле отсутствует обязательный вызов Движение.Прочитать();. Без этой команды коллекция движений остаётся пустой — данные из базы не загружаются. 

Почему функцию нужно удалить:

Она не обсуждалась в постановке задачи и добавлена без согласования.
Её логика избыточна — существующие проверки полностью покрывают требуемую функциональность.
Её использование приведёт к заметному замедлению работы:
для каждого документа будет выполняться несколько запросов к базе (по числу связанных регистров);
загрузка движений — ресурсоёмкая операция, которая не нужна в данном сценарии.
Просьба:
Полностью удалите функцию ЕстьДвиженияДокумента из кода. Исправление не требуется — её присутствие в системе нецелесообразно.
Благодарю за понимание!


 !image-2026-02-02-15-35-12-268.png|thumbnail! 
","03/Feb/26 8:47 +0300;AChmykhalov; 
Пользователь Хомич Андрей внес изменения 02.02.26 18:28:57 
 
	Статус:	Выполняется Waiting for installing 

","05/Feb/26 15:13 +0300;AChmykhalov;Хомич Андрей
2/2/2026, 6:28:50 PM
Исправлено будет доступно в следующей версии поставки конфигурации
Для Включения механизма добавлена константа: Проверять проведение документа при синхронизации задачи

Коновка Антон
2/5/2026, 1:58:03 PM
Доступно в поставке 2.8.1.0","05/Feb/26 15:14 +0300;AChmykhalov;Не забыть{color:#FFAB00} в плане внедрения {color}дописать дополнительные действия:

Для Включения механизма добавлена константа: Проверять проведение документа при синхронизации задачи,  установить в Истина","06/Feb/26 9:45 +0300;AChmykhalov;UAT от 06.02.2026.  (Релиз 2.8.1.0)
Проведено УАТ тестирование  [^ПланУАТ_тестирования_34812_Релиз_2_8_1_0.docx]  ({color:#00875A}успешное{color})","06/Feb/26 10:14 +0300;AChmykhalov;*Предусловия внедрения:*
 * 
 ** Паспорт объекта внедрения слинкован с задачей: да
 ** MergeRequest прошел ревью и принят в MAIN: -
 ** Слинкована DEPLOY-задача: да

*План внедрения:*
 * 
 ** Тип объекта внедрения: конфигурация
 ** Название объекта внедрения: FIN20
 ** Объект внедрения новый: нет
 ** База внедрения: PROD_AVC_FIN20, PROD_AVC_SEP_FIN20
 ** MergeRequest в GIT или номер коммита в DEV-хранилище: -
 ** Помещено в каталог автозагрузки: -
 ** Версия: *не ниже 2.8.1.0*  
 ** График внедрения: планово

         *Дополнительные действия:*
 * 
 ** Выполнить настройки: не требуется
** Дополнительные действия при внедрении:  *есть:  после внедрения установить значения констант:*
*
* ""Проверять проведение документа при синхронизации задачи""= Истина
","23/Feb/26 21:00 +0300;JiraAutomate;The issue was closed automaticaly due to staying in status ""Resolved"" more than 7 days",,,,,,,,,,,,,,,,,,,,,,,
[Аванкор] Оптимизация кода для повышения производительности Исполнений СделокTn,IMAPPS-34560,848619,837929,Sub-Task,Closed,IMAPPS,IM Application Support,software,IMAPPS_Unassigned,,http://confluence/display/IMIT/IM+Application+Support,Medium,Done,AChmykhalov,KIkonnikov,AChmykhalov,17/Dec/25 9:10 +0300,02/Feb/26 13:57 +0300,14/Sep/26 5:36 +0300,30/Jan/26 11:32 +0300,IM-2026-02-02,AvancoreDU,,CAB,Retail_DU,,"----
h2. Сводная таблица задач по оптимизации
|||№||Модуль||Назначение функции||Строка||Решение||Разработано||
|1|Документ.Сделка|Получение остатков авансов для зачета при проведении сделки|996| Оптимизация запроса[^Доработка_996_Получение_остатков_авансов.html]|Да||
|2|Документ.Сделка|Формирование таблиц для проведения документа по продажам в бухгалтерском учете|1647| Оптимизация запроса[^Доработка_1647_Формирование_таблиц_для_проведения_БУ.html]|Да||
|3|РегистрСведений.ЗначенияПараметровДоговораДУ|Получение значений параметров договора ДУ на дату|73| Кэширование параметров договора ДУ [^Доработка_73_Кэширование_параметров_договора_ДУ.html]|Да||
|4|Документ.Сделка|Подготовка таблицы остатков актива для валютного учета|1549| Оптимизация запроса[^Доработка_1549_Подготовка_таблицы_остатков_актива_для_валютного_учета.html]|Да||
|5|Документ.Сделка|Получение суммы ОНВ (обязательств по налогу на прибыль) для облигаций|2097| Оптимизация запроса [^Доработка_2097_Получение_суммы_ОНВ_для_облигаций.html] |да||
|6|БизнесПроцесс.СделкиTn.МодульМенеджера|Получение списка открытых задач по внебиржевым сделкам Tn на дату|167| Индексация ДоговорДУ в БП СделкиTn [^Доработка_167_Индексация_ДоговорДУ_в_СделкиTn.html]|Да||
----",AChmykhalov,DKharitonov,KIkonnikov,,,,,,"Установка обновлений вендора на тестовую базу, УАТ тестирование доработок;29/Dec/25 7:47 +0300;AChmykhalov;5400",,,,,,,,,,,,,,,,,,,,,,,,,0,0,5400,"9,223,372,036,854,775,807%",0,0,5400,Internal Only,,,,,,,,,,IMAPPS-33055,,,,,,,,,"17/Dec/25 9:14 +0300;AChmykhalov;24_Договора_АктуальныйДень_Сравнение.docx;https://jira/secure/attachment/2500875/24_%D0%94%D0%BE%D0%B3%D0%BE%D0%B2%D0%BE%D1%80%D0%B0_%D0%90%D0%BA%D1%82%D1%83%D0%B0%D0%BB%D1%8C%D0%BD%D1%8B%D0%B9%D0%94%D0%B5%D0%BD%D1%8C_%D0%A1%D1%80%D0%B0%D0%B2%D0%BD%D0%B5%D0%BD%D0%B8%D0%B5.docx","17/Dec/25 9:14 +0300;AChmykhalov;24_Договора_Старый(МинусПаруНедель)День_Сравнение.docx;https://jira/secure/attachment/2500874/24_%D0%94%D0%BE%D0%B3%D0%BE%D0%B2%D0%BE%D1%80%D0%B0_%D0%A1%D1%82%D0%B0%D1%80%D1%8B%D0%B9%28%D0%9C%D0%B8%D0%BD%D1%83%D1%81%D0%9F%D0%B0%D1%80%D1%83%D0%9D%D0%B5%D0%B4%D0%B5%D0%BB%D1%8C%29%D0%94%D0%B5%D0%BD%D1%8C_%D0%A1%D1%80%D0%B0%D0%B2%D0%BD%D0%B5%D0%BD%D0%B8%D0%B5.docx","17/Dec/25 9:14 +0300;AChmykhalov;du1.cfe;https://jira/secure/attachment/2500872/du1.cfe","23/Dec/25 12:23 +0300;AChmykhalov;RE  Согласование расходов по доработкам Аванкор в рамках Розничного ДУ.msg;https://jira/secure/attachment/2508808/RE++%D0%A1%D0%BE%D0%B3%D0%BB%D0%B0%D1%81%D0%BE%D0%B2%D0%B0%D0%BD%D0%B8%D0%B5+%D1%80%D0%B0%D1%81%D1%85%D0%BE%D0%B4%D0%BE%D0%B2+%D0%BF%D0%BE+%D0%B4%D0%BE%D1%80%D0%B0%D0%B1%D0%BE%D1%82%D0%BA%D0%B0%D0%BC+%D0%90%D0%B2%D0%B0%D0%BD%D0%BA%D0%BE%D1%80+%D0%B2+%D1%80%D0%B0%D0%BC%D0%BA%D0%B0%D1%85+%D0%A0%D0%BE%D0%B7%D0%BD%D0%B8%D1%87%D0%BD%D0%BE%D0%B3%D0%BE+%D0%94%D0%A3.msg","12/Jan/26 9:44 +0300;AChmykhalov;screenshot-1.png;https://jira/secure/attachment/2520435/screenshot-1.png","17/Dec/25 9:13 +0300;AChmykhalov;Доработка_1549_Подготовка_таблицы_остатков_актива_для_валютного_учета.html;https://jira/secure/attachment/2500867/%D0%94%D0%BE%D1%80%D0%B0%D0%B1%D0%BE%D1%82%D0%BA%D0%B0_1549_%D0%9F%D0%BE%D0%B4%D0%B3%D0%BE%D1%82%D0%BE%D0%B2%D0%BA%D0%B0_%D1%82%D0%B0%D0%B1%D0%BB%D0%B8%D1%86%D1%8B_%D0%BE%D1%81%D1%82%D0%B0%D1%82%D0%BA%D0%BE%D0%B2_%D0%B0%D0%BA%D1%82%D0%B8%D0%B2%D0%B0_%D0%B4%D0%BB%D1%8F_%D0%B2%D0%B0%D0%BB%D1%8E%D1%82%D0%BD%D0%BE%D0%B3%D0%BE_%D1%83%D1%87%D0%B5%D1%82%D0%B0.html","17/Dec/25 9:13 +0300;AChmykhalov;Доработка_1647_Формирование_таблиц_для_проведения_БУ.html;https://jira/secure/attachment/2500864/%D0%94%D0%BE%D1%80%D0%B0%D0%B1%D0%BE%D1%82%D0%BA%D0%B0_1647_%D0%A4%D0%BE%D1%80%D0%BC%D0%B8%D1%80%D0%BE%D0%B2%D0%B0%D0%BD%D0%B8%D0%B5_%D1%82%D0%B0%D0%B1%D0%BB%D0%B8%D1%86_%D0%B4%D0%BB%D1%8F_%D0%BF%D1%80%D0%BE%D0%B2%D0%B5%D0%B4%D0%B5%D0%BD%D0%B8%D1%8F_%D0%91%D0%A3.html","17/Dec/25 9:13 +0300;AChmykhalov;Доработка_167_Индексация_ДоговорДУ_в_СделкиTn.html;https://jira/secure/attachment/2500868/%D0%94%D0%BE%D1%80%D0%B0%D0%B1%D0%BE%D1%82%D0%BA%D0%B0_167_%D0%98%D0%BD%D0%B4%D0%B5%D0%BA%D1%81%D0%B0%D1%86%D0%B8%D1%8F_%D0%94%D0%BE%D0%B3%D0%BE%D0%B2%D0%BE%D1%80%D0%94%D0%A3_%D0%B2_%D0%A1%D0%B4%D0%B5%D0%BB%D0%BA%D0%B8Tn.html","17/Dec/25 9:13 +0300;AChmykhalov;Доработка_2097_Получение_суммы_ОНВ_для_облигаций.html;https://jira/secure/attachment/2500866/%D0%94%D0%BE%D1%80%D0%B0%D0%B1%D0%BE%D1%82%D0%BA%D0%B0_2097_%D0%9F%D0%BE%D0%BB%D1%83%D1%87%D0%B5%D0%BD%D0%B8%D0%B5_%D1%81%D1%83%D0%BC%D0%BC%D1%8B_%D0%9E%D0%9D%D0%92_%D0%B4%D0%BB%D1%8F_%D0%BE%D0%B1%D0%BB%D0%B8%D0%B3%D0%B0%D1%86%D0%B8%D0%B9.html","17/Dec/25 9:13 +0300;AChmykhalov;Доработка_73_Кэширование_параметров_договора_ДУ.html;https://jira/secure/attachment/2500865/%D0%94%D0%BE%D1%80%D0%B0%D0%B1%D0%BE%D1%82%D0%BA%D0%B0_73_%D0%9A%D1%8D%D1%88%D0%B8%D1%80%D0%BE%D0%B2%D0%B0%D0%BD%D0%B8%D0%B5_%D0%BF%D0%B0%D1%80%D0%B0%D0%BC%D0%B5%D1%82%D1%80%D0%BE%D0%B2_%D0%B4%D0%BE%D0%B3%D0%BE%D0%B2%D0%BE%D1%80%D0%B0_%D0%94%D0%A3.html","17/Dec/25 9:13 +0300;AChmykhalov;Доработка_996_Получение_остатков_авансов.html;https://jira/secure/attachment/2500869/%D0%94%D0%BE%D1%80%D0%B0%D0%B1%D0%BE%D1%82%D0%BA%D0%B0_996_%D0%9F%D0%BE%D0%BB%D1%83%D1%87%D0%B5%D0%BD%D0%B8%D0%B5_%D0%BE%D1%81%D1%82%D0%B0%D1%82%D0%BA%D0%BE%D0%B2_%D0%B0%D0%B2%D0%B0%D0%BD%D1%81%D0%BE%D0%B2.html","29/Dec/25 5:52 +0300;AChmykhalov;План тестирования доработок вендора.docx;https://jira/secure/attachment/2515609/%D0%9F%D0%BB%D0%B0%D0%BD+%D1%82%D0%B5%D1%81%D1%82%D0%B8%D1%80%D0%BE%D0%B2%D0%B0%D0%BD%D0%B8%D1%8F+%D0%B4%D0%BE%D1%80%D0%B0%D0%B1%D0%BE%D1%82%D0%BE%D0%BA+%D0%B2%D0%B5%D0%BD%D0%B4%D0%BE%D1%80%D0%B0.docx","17/Dec/25 9:14 +0300;AChmykhalov;Тест_Сравнение_24122025.docx;https://jira/secure/attachment/2500873/%D0%A2%D0%B5%D1%81%D1%82_%D0%A1%D1%80%D0%B0%D0%B2%D0%BD%D0%B5%D0%BD%D0%B8%D0%B5_24122025.docx",,,,,,,,,,,,,,,,,,,,,WIM,,,,,,,,,,PMHN,,,,,,,,,,,,,,,,,,4 нормо-часа. Стоимость составляет 15 600 руб,https://lk.avancore.ru/tasks/ASP-193871,,,,,,IM Back-Office DU,IM Back-Office DU,,,,,,,,,,,,,,,,,,,,yes,,,,,"0|i3w9q7:",0.0,,,,,,,,,,,,,,,,,,,,,,,,,,,,,,,Да,normal,,,,,"17/Dec/25 9:14 +0300;AChmykhalov;Доработки (кроме индексации) представлены в прилагаемом расширении  [^du1.cfe] ","17/Dec/25 9:15 +0300;AChmykhalov;Сравнительные тесты:  [^Тест_Сравнение_24122025.docx]   [^24_Договора_Старый(МинусПаруНедель)День_Сравнение.docx]   [^24_Договора_АктуальныйДень_Сравнение.docx] ","22/Dec/25 16:03 +0300;AChmykhalov;Столова Екатерина 22.12.25 16:01:14 
 
Чмыхалов Алексей (ВИМ ИНВЕСТИЦИИ АО) 
Добрый день!
Данный заказ оценили в 4 нормо-часа. Стоимость составляет 15 600 руб.
В случае положительного решения, напишите ""Оценка согласована"".
Ожидаем согласование оценки до 29.12.2025, далее заказ без подтверждения будет закрыт со статусом - ""Не будет решаться"".
Если в дальнейшем Вами будет принято решение продолжить работы по требованию, сообщите нам и мы возобновим работы по задаче.
Хорошего дня!
","23/Dec/25 10:35 +0300;AChmykhalov;Еременко Константин 23.12.25 10:07:05 
 
Принято в работу. Будет решено до 30/12/25.
","23/Dec/25 12:24 +0300;AChmykhalov;От бизнеса получил согласование на кост-центр PMHN от Тихомировой Оксаны  [^RE  Согласование расходов по доработкам Аванкор в рамках Розничного ДУ.msg] ","29/Dec/25 5:52 +0300;AChmykhalov;Доработки выполнены и успешно протестированы  [^План тестирования доработок вендора.docx] ","12/Jan/26 9:44 +0300;AChmykhalov;*Предусловия внедрения*
 * Паспорт объекта внедрения слинкован с задачей: Да
 * MergeRequest прошел ревью и принят в MAIN:
 * Слинкована DEPLOY-задача: Да

*План внедрения*
 * Тип объекта внедрения : Конфигурация
 * Название объекта внедрения: DU
 * Объект внедрения новый (да/нет): Нет
 * База внедрения (если применимо: указать название): PROD_AVC_DU
 * MergeRequest в GIT или номер коммита в DEV-хранилище: -
 * Помещено в каталог автозагрузки (если применимо: указать путь до файла): -
 * Версия (если применимо: указать внедряемый номер): *не ниже 1.5.26.6*
 * График внедрения (планово, срочно): планово

*Дополнительные действия*
 * Выполнить настройки (если применимо: указать параметры настроек): Выполнять настройки не нужно
 * Дополнительные действия при внедрении (если применимо: указать действия до и/или после): не требуется","12/Jan/26 13:48 +0300;KIkonnikov;[~AChmykhalov] проясни, пожта, что за расширение внедряется (тем более уже не новое)? ","12/Jan/26 14:08 +0300;AChmykhalov;Ссори, скопипастил неудачно. Поправил. Это изменения вендора в конфигурации.","13/Jan/26 9:33 +0300;KIkonnikov;[~AChmykhalov] убери, пожта, из ПВ увеличение кол-ва потоков - оставим 6.","13/Jan/26 9:48 +0300;AChmykhalov;убрал","13/Jan/26 11:53 +0300;DKharitonov;[~KIkonnikov] по какой причине мы не хотим увеличить кол-во поток, при условие что мощности нам это позволяют?","13/Jan/26 13:15 +0300;KIkonnikov;Количество фоновых заданий должно иметь разумное обоснование. Ранее опытным путем подобрали 6. Тем более в рамках параллельных задач была сделана оптимизация кода.

Любое увеличение количества потоков только через мое согласование.",,,,,,,,,,,,,,,,,,,,,,,,,,,,
"Аванкор. [ПИФ 2.0] Медленное проведение большого кол-ва документов ""Сделка с ц/б""",IMAPPS-33647,826617,798137,Sub-Task,Closed,IMAPPS,IM Application Support,software,IMAPPS_Unassigned,,http://confluence/display/IMIT/IM+Application+Support,Medium,Done,AChmykhalov,YIvanov,AChmykhalov,05/Nov/25 9:25 +0300,12/Jan/26 12:21 +0300,14/Sep/26 5:36 +0300,11/Dec/25 12:31 +0300,IM-2026-01-12,AvancorePIF,,CAB,,,"Медленное проведение большого количества документов «Сделка-с-цб»

Скорости там сейчас - не более 300-400 штук в час

Проведем через отладчик документ Сделка ЦБ  (все замеры и вариант реализации (cfe) см приложенные файлы)

Видно большое время выполнения в процедурах:

Документ СделкаЦБ (Модуль объекта)
 * Функция СформироватьТаблицуЦенныхБумагПродажа
 * Функция ОстатокРасчетыПоПереоценкеНезавершенныхСделок
 * Процедура ПодготовитьТаблицуОстатковАктива_ВУ

Общий модуль ОбщегоНазначения
 * Функция «ТекстЗапроса_СтруктураОИФ_ПродажаЦБ»
 * Функция «ТекстЗапроса_СтруктураОИФ_ОперацияПоСчетуБрокера_ДУ»

 Предлагаемое решение (предложено Аванкору для реализации) : [^ЗадачаДляАванкор.docx]

 

 ",AChmykhalov,YIvanov,,,,,,,"ИТ тестирование выполненных Аванкором доработок;18/Nov/25 8:08 +0300;AChmykhalov;5400","Консультации возникающие в момент проведения UAT;19/Nov/25 10:03 +0300;AChmykhalov;3600","Консультации в ходе проведения UAT;21/Nov/25 8:49 +0300;AChmykhalov;5400",,,,,,,,,,,,,,,,,,,,,,,0,0,14400,"9,223,372,036,854,775,807%",0,0,14400,Internal Only,,,,,,,,,,IMAPPS-33944,,,,,,,,,"05/Nov/25 9:30 +0300;AChmykhalov;d1tСделкаЦБ.cfe;https://jira/secure/attachment/2439575/d1t%D0%A1%D0%B4%D0%B5%D0%BB%D0%BA%D0%B0%D0%A6%D0%91.cfe","18/Nov/25 11:13 +0300;YIvanov;image-2025-11-18-11-13-56-811.png;https://jira/secure/attachment/2457276/image-2025-11-18-11-13-56-811.png","18/Nov/25 13:10 +0300;YIvanov;image-2025-11-18-13-10-47-075.png;https://jira/secure/attachment/2457630/image-2025-11-18-13-10-47-075.png","18/Nov/25 13:10 +0300;YIvanov;image-2025-11-18-13-10-56-960.png;https://jira/secure/attachment/2457629/image-2025-11-18-13-10-56-960.png","18/Nov/25 16:02 +0300;YIvanov;image-2025-11-18-16-02-45-309.png;https://jira/secure/attachment/2458120/image-2025-11-18-16-02-45-309.png","18/Nov/25 20:36 +0300;YIvanov;image-2025-11-18-20-36-53-011.png;https://jira/secure/attachment/2458662/image-2025-11-18-20-36-53-011.png","18/Nov/25 15:07 +0300;YIvanov;screenshot-1.png;https://jira/secure/attachment/2457936/screenshot-1.png","19/Nov/25 9:21 +0300;YIvanov;screenshot-2.png;https://jira/secure/attachment/2458796/screenshot-2.png","05/Nov/25 9:28 +0300;AChmykhalov;ЗадачаДляАванкор.docx;https://jira/secure/attachment/2439570/%D0%97%D0%B0%D0%B4%D0%B0%D1%87%D0%B0%D0%94%D0%BB%D1%8F%D0%90%D0%B2%D0%B0%D0%BD%D0%BA%D0%BE%D1%80.docx","18/Nov/25 8:11 +0300;AChmykhalov;ИТ тестирование доработок Аванкор в релизе.docx;https://jira/secure/attachment/2456955/%D0%98%D0%A2+%D1%82%D0%B5%D1%81%D1%82%D0%B8%D1%80%D0%BE%D0%B2%D0%B0%D0%BD%D0%B8%D0%B5+%D0%B4%D0%BE%D1%80%D0%B0%D0%B1%D0%BE%D1%82%D0%BE%D0%BA+%D0%90%D0%B2%D0%B0%D0%BD%D0%BA%D0%BE%D1%80+%D0%B2+%D1%80%D0%B5%D0%BB%D0%B8%D0%B7%D0%B5.docx",,,,,,,,,,,,,,,,,,,,,,,,WIM,,,,,,,,,,PMMF,,,,,,,,,,,,,,,,,,5 нормо-часов. Стоимость составляет 19 500 руб,https://lk.avancore.ru/tasks/ASP-190270,,,,,,IM Back-Office OPIF,IM Back-Office OPIF,,,,,,,,,,,,,,,,,,,,yes,,,,,"0|i3sjcv:",0.0,,,,,,,,,,,,,,,,,,,,,,,,,,,,,,,Да,normal,,,,,"10/Nov/25 11:05 +0300;AChmykhalov;Гордон Марина11/7/2025, 12:47:47 PM
Чмыхалов Алексей (ВИМ ИНВЕСТИЦИИ АО) 
Добрый день!
*Данный заказ оценили в 5 нормо-часов*.  Стоимость составляет 19 500 руб.
В случае положительного решения, напишите ""Оценка согласована"".
Ожидаем согласование оценки до 14.11.2025, далее заказ без подтверждения будет закрыт со статусом - ""Не будет решаться"".
Если в дальнейшем Вами будет принято решение продолжить работы по требованию, сообщите нам и мы возобновим работы по задаче.
Хорошего дня!

 
!https://lk.avancore.ru/api/tasks/file/secure/useravatar?size=medium&avatarId=10152! 
Чмыхалов Алексей (ВИМ ИНВЕСТИЦИИ АО)11/7/2025, 1:36:48 PM
Спасибо за внимание к нашему запросу и за оперативную оценку. Мы работаем в Аванкор: Паевые фонды, версия 2.11 и фиксируем замедление проведения документов «Сделка с ЦБ»: даже при дополнительных ресурсах производительность упирается в 300–400 документов в час. Для нас это критично: от скорости напрямую зависят своевременность учета, закрытие периода и корректность отчетности. Целевой ориентир — довести производительность до *1 000++* документов в час, чтобы уверенно проходить пиковые нагрузки.

Чтобы ускорить работу, мы подготовили весь необходимый материал заранее. В файле `ЗадачаДляАванкор.docx` зафиксированы замеры и узкие места, а в `d1tСделкаЦБ.cfe` приведён +рабочий+ вариант оптимизации. Дальше нужно применить предложенный код в стандартных модулях, где происходит задержка. При этом мы не ограничиваемся своим вариантом: если у вас появится более эффективное решение, с готовностью его рассмотрим.

Опираясь на совместный опыт, предлагаем рассматривать данную задачу как устранение эксплуатационного отклонения. Это важно и для нас, и для вас: скорость обработки документов — один из ключевых критериев качества продукта, и любые ускорения напрямую улучшают впечатление пользователей от платформы.

Если в процессе внедрения выяснится, что потребуется дополнительная доработка или альтернативный подход, мы открыты к обсуждению новой оценки. На стартовом этапе предлагаем внедрить подготовленные правки, зафиксировать прирост производительности и уже на этой базе двигаться дальше. Будем признательны, если сможем провести эту работу в рамках текущего сопровождения.

 
!https://lk.avancore.ru/api/tasks/file/secure/useravatar?size=medium&ownerId=asheveleva&avatarId=11931! 
Шевелева Анна11/10/2025, 10:59:26 AM
Чмыхалов Алексей (ВИМ ИНВЕСТИЦИИ АО)  Константинов Алексей (ВИМ ИНВЕСТИЦИИ АО) Иконников Кирилл (ВИМ ИНВЕСТИЦИИ АО)
Коллеги, добрый день!
Задача может быть решена только в рамках требования. 
Через ""Пожелания"" по усовершенствованию системы мы проводим только задачи по обогащению функционала или какие-то законодательные изменения. Причем, это должен быть функционал необходимый всем клиентам и по нему должно быть несколько идентичных пожеланий. Также традиционно в конце года уже нет ресурсов на бесплатные доработки, спринты заполнены до января. Поэтому, *к сожалению, доработку можем сделать только платно.*
Учитывая загрузку разработки в план работ она попадет в декабре. Сделать ее в ближайшее время можно только по срочному тарифу.
Если задача нужна срочно и бесплатно, то предлагаю вам рассмотреть вариант передать ее в работу нашему программисту, который у вас на аутсорсе.

Что отвечаем? [~YIvanov]","10/Nov/25 11:25 +0300;YIvanov;5h согласовано, кост-центр PMMF","10/Nov/25 12:26 +0300;AChmykhalov;Гордон Марина11/10/2025, 12:02:14 PM
Задача передаётся на планирование работ","17/Nov/25 12:05 +0300;AChmykhalov;Дмитриев Владислав11/17/2025, 11:39:09 AM
*Вышла поставка 2.11.10.7 с решением*","18/Nov/25 8:11 +0300;AChmykhalov;Проведено ИТ тестирование доработок Аванкор: [^ИТ тестирование доработок Аванкор в релизе.docx]","18/Nov/25 8:16 +0300;AChmykhalov;[~YIvanov]     на тестирование (UAT)   

Аванкор выполнил реализацию, Многопоточное перепроведение документов 58 счета стало быстрее в 2-2.5 раза.

Тестовая база  Srvr=""SMSK02MG138U:6541"";Ref=""AVC_REGR_CLEAN_PIF"";

Просьба проверить.","18/Nov/25 11:13 +0300;YIvanov;1. Прогружаем сделки за 17ноя (около 10383шт всего по всем ПИФ за этот день)  по ПИФ Сбалансированный  (примерно 3537 шт) из которых 3480 -  сделки продажи по  одному активу ВТБ-ао:
 !image-2025-11-18-11-13-56-811.png|thumbnail! 
(11:11-11:43   1000 штук за 30мин. Видимо изъяны уат-среды...)
18.11.2025 12:53:52  закончили грузить 3537 сделок

==============
13:07  поставил Исполнение сделок за 17ноя  в 9 потоков. 

Обработка НЕ работает:
 !image-2025-11-18-13-10-47-075.png|thumbnail! 

 !image-2025-11-18-13-10-56-960.png|thumbnail! 
Метод объекта не обнаружен (ПолучитьОткрытыеЗадачиПоСделкеTn)
{ОбщийМодуль.ВТБ_МодульФоновыхЗаданий.Модуль(757)}:ЗадачиПотока = БизнесПроцессыИЗадачи.ПолучитьОткрытыеЗадачиПоСделкеTn(ПараметрыОтбораЗадач);
","18/Nov/25 15:07 +0300;YIvanov;15:06 запустил снова,   судя по ЖурРегу шуршит:
 !screenshot-1.png|thumbnail! 

18.11.2025 15:48:40  закончили 17е число


===============
16:02  запустил 18е число в 9 потоков:
 !image-2025-11-18-16-02-45-309.png|thumbnail! 
закончилось в 18.11.2025 19:41:31

3534/3.66 = 965 сделок в час

==================

 !image-2025-11-18-20-36-53-011.png|thumbnail! 
20:36 стартовал в 9 потоков  58Перепроведение  за 17+18ноя
закончилось в 18.11.2025 21:38:41

т.е. почти ровно 1час  на 3534 сделок.               В 3.66 раз быстрее чем ИсполнениеСделок (видимо связано с тем, что когда мы изначально исполняем БП.СделкаTn -  под ней рождается не только Сделка-с-цб но и ещё несколько объектов.  А когда  потом перепроводим Сделка-с-цб документы - то количественно их меньше, отсюда и разница в замере)","19/Nov/25 9:21 +0300;YIvanov;9:21 запустил 1+2сен25 по ВИМАкций     (33419 шт Сделка-с-цб)    (изначально про эти сделки тут - IMAPPS-32413)

 !screenshot-2.png|thumbnail! 
закончило 20ноя08:43.   Итого 23.3 ч на 33419шт =   1434 сделок в час","20/Nov/25 14:49 +0300;YIvanov;[~KIkonnikov]  Кирилл,  двинь плз дальше статус к закрытию","28/Nov/25 12:30 +0300;AChmykhalov;*Предусловия внедрения:*
 * 
 ** Паспорт объекта внедрения слинкован с задачей: -
 ** MergeRequest прошел ревью и принят в MAIN: -
 ** Слинкована DEPLOY-задача: да

*План внедрения:*
 * 
 ** Тип объекта внедрения: конфигурация
 ** Название объекта внедрения: PIF
 ** Объект внедрения новый: нет
 ** База внедрения: PROD_AVC_PIF
 ** MergeRequest в GIT или номер коммита в DEV-хранилище: -
 ** Помещено в каталог автозагрузки: -
 ** Версия: *не ниже 2.11.10.7*  
 ** График внедрения: планово

         *Дополнительные действия:*
 * 
 ** Выполнить настройки: не требуется
 ** Дополнительные действия при внедрении: не требуется",,,,,,,,,,,,,,,,,,,,,,,,,,,,,,
Закрытие периода - проявился тяжелый запрос по сделкам после внедрения релиза 2.7.9.1,IMAPPS-33287,816654,,Change Request,Closed,IMAPPS,IM Application Support,software,IMAPPS_Unassigned,,http://confluence/display/IMIT/IM+Application+Support,Medium,Done,AChmykhalov,KIkonnikov,KIkonnikov,14/Oct/25 9:47 +0300,23/Feb/26 21:00 +0300,14/Sep/26 5:36 +0300,16/Feb/26 8:50 +0300,IM-2026-02-16,AvancoreFinance,,CAB,Retail_DU,,"После внедрения релиза 2.7.9.1 на sql стал проявляться тяжелый запрос к документам сделка по условию: проведенный, портфель, дата.

Запрос проявляется при работе регламентного задания ""Групповое выполнение закрытия периода по настройкам: Ежедневное (замена Монитора) на Т-3 по всем клиентам в пн"" - т.е. идет Закрытие периода - Групповое выполнение закрытия периода.

Пока временно добавил кастомный индекс:

CREATE NONCLUSTERED INDEX VTB_DEALSBYMANDATE ON dbo._Document159 (_Date_Time, _Fld2880RRef, _Posted) INCLUDE (_Fld2881_TYPE, _Fld2881_RTRef, _Fld2881_RRRef, _Fld2890RRef, _Fld2876RRef, _Fld2882, _Fld2896, _Fld2898, _Fld2884, _Fld2883) WITH (ALLOW_ROW_LOCKS = ON, ALLOW_PAGE_LOCKS = OFF);

 

Надо найти этот запрос в 1С и заменить на правильный (по sql-запросу видно, что собирают проведенные документы по самим документам).",AChmykhalov,JiraAutomate,KIkonnikov,,,,,,"Изучение работы модуля ""Групповое выполнение закрытие периода"";16/Oct/25 9:16 +0300;AChmykhalov;19800","Поиск запроса к сделкам по фильтру Портфель который влияет на время выполнения регламента;21/Oct/25 8:21 +0300;AChmykhalov;19800","Составление отчета о тестировании было (с индексами) \ стало (без индексов);22/Oct/25 13:00 +0300;AChmykhalov;900",,,,,,,,,,,,,,,,,,,,,,,0,0,40500,"9,223,372,036,854,775,807%",0,0,40500,Internal Only,,,,,,,,,,IMAPPS-34058,,,,,,,,IMDEV-8636,"16/Oct/25 8:45 +0300;AChmykhalov;image-2025-10-16-08-45-08-794.png;https://jira/secure/attachment/2414632/image-2025-10-16-08-45-08-794.png","16/Oct/25 8:45 +0300;AChmykhalov;image-2025-10-16-08-45-46-904.png;https://jira/secure/attachment/2414633/image-2025-10-16-08-45-46-904.png","16/Oct/25 8:45 +0300;AChmykhalov;image-2025-10-16-08-45-59-106.png;https://jira/secure/attachment/2414634/image-2025-10-16-08-45-59-106.png","17/Oct/25 9:51 +0300;AChmykhalov;image-2025-10-17-09-51-44-531.png;https://jira/secure/attachment/2416876/image-2025-10-17-09-51-44-531.png","21/Oct/25 7:13 +0300;AChmykhalov;image-2025-10-21-07-13-50-519.png;https://jira/secure/attachment/2420638/image-2025-10-21-07-13-50-519.png","21/Oct/25 7:19 +0300;AChmykhalov;image-2025-10-21-07-19-41-610.png;https://jira/secure/attachment/2420641/image-2025-10-21-07-19-41-610.png","21/Oct/25 7:20 +0300;AChmykhalov;image-2025-10-21-07-20-52-255.png;https://jira/secure/attachment/2420642/image-2025-10-21-07-20-52-255.png","21/Oct/25 7:43 +0300;AChmykhalov;image-2025-10-21-07-43-19-995.png;https://jira/secure/attachment/2420652/image-2025-10-21-07-43-19-995.png","21/Oct/25 7:49 +0300;AChmykhalov;image-2025-10-21-07-49-37-513.png;https://jira/secure/attachment/2420655/image-2025-10-21-07-49-37-513.png","21/Oct/25 7:53 +0300;AChmykhalov;image-2025-10-21-07-53-09-662.png;https://jira/secure/attachment/2420657/image-2025-10-21-07-53-09-662.png","21/Oct/25 7:59 +0300;AChmykhalov;image-2025-10-21-07-59-12-071.png;https://jira/secure/attachment/2420666/image-2025-10-21-07-59-12-071.png","21/Oct/25 8:00 +0300;AChmykhalov;image-2025-10-21-08-00-08-899.png;https://jira/secure/attachment/2420665/image-2025-10-21-08-00-08-899.png","21/Oct/25 8:48 +0300;AChmykhalov;image-2025-10-21-08-48-00-836.png;https://jira/secure/attachment/2420721/image-2025-10-21-08-48-00-836.png","21/Oct/25 8:48 +0300;AChmykhalov;image-2025-10-21-08-48-50-251.png;https://jira/secure/attachment/2420722/image-2025-10-21-08-48-50-251.png","13/Nov/25 15:14 +0300;AChmykhalov;image-2025-11-13-15-14-44-306.png;https://jira/secure/attachment/2451099/image-2025-11-13-15-14-44-306.png","22/Oct/25 8:55 +0300;AChmykhalov;Замеры времени по регаменту ДО_ПОСЛЕ.docx;https://jira/secure/attachment/2422716/%D0%97%D0%B0%D0%BC%D0%B5%D1%80%D1%8B+%D0%B2%D1%80%D0%B5%D0%BC%D0%B5%D0%BD%D0%B8+%D0%BF%D0%BE+%D1%80%D0%B5%D0%B3%D0%B0%D0%BC%D0%B5%D0%BD%D1%82%D1%83+%D0%94%D0%9E_%D0%9F%D0%9E%D0%A1%D0%9B%D0%95.docx","20/Nov/25 10:03 +0300;AChmykhalov;План ИТ тестирования доработок Аванкор - время реструктуризации.docx;https://jira/secure/attachment/2460682/%D0%9F%D0%BB%D0%B0%D0%BD+%D0%98%D0%A2+%D1%82%D0%B5%D1%81%D1%82%D0%B8%D1%80%D0%BE%D0%B2%D0%B0%D0%BD%D0%B8%D1%8F+%D0%B4%D0%BE%D1%80%D0%B0%D0%B1%D0%BE%D1%82%D0%BE%D0%BA+%D0%90%D0%B2%D0%B0%D0%BD%D0%BA%D0%BE%D1%80+-+%D0%B2%D1%80%D0%B5%D0%BC%D1%8F+%D1%80%D0%B5%D1%81%D1%82%D1%80%D1%83%D0%BA%D1%82%D1%83%D1%80%D0%B8%D0%B7%D0%B0%D1%86%D0%B8%D0%B8.docx",,,,,,,,,,,,,,,,,WIM,,,,,,,,,,,,,,,,,,,,,,,,IMDEV-8633,,,,,https://lk.avancore.ru/tasks/ASP-189366,,,,,,IM IT,IM IT,,,,,,,,,,,,,,,,,,,,no,,,,,"0|i3qu3j:",0.0,,,,,,,,,,,,,,,,,,,,,,,,,,,,,,,Да,normal,,,,,"16/Oct/25 8:47 +0300;AChmykhalov;Кстати, по добавлению индекса для реквизита Портфель (_Fld2880RRef,) в документе Сделка (Document159). Есть задача для Аванкор [https://lk.avancore.ru/tasks/ASP-186903] 

!image-2025-10-16-08-45-08-794.png!

Они сразу не сделали, я потом писал замечания

!image-2025-10-16-08-45-46-904.png!

!image-2025-10-16-08-45-59-106.png!

Они сейчас изучают возможность добавления.

Т.е. проблема работы с основным разделителем учета - реквизитом Портфель при отборе или соединении по данному полю  она часто в других запросах проявляется.","16/Oct/25 11:52 +0300;KIkonnikov;В данном кейсе отсвечивает документ - именно это сильно замедляло утренний регламент.

А вообще да, им бы перечитать Стандарты 1С, где сказано, что плохо строить отборы по документам, а нужно по регистрам, которые индексированы.","17/Oct/25 9:51 +0300;AChmykhalov;Я на тестовой базе добавлю расширение замеров, чтобы определить самые проблемные по скорости места

!image-2025-10-17-09-51-44-531.png!

В т.ч. это обеспечит анализ по задаче https://jira/browse/IMAPPS-29199 ","21/Oct/25 7:32 +0300;AChmykhalov;Пока подозрение на самую длительную операцию. Она в среднем не самая длительная, но так как она очень массовая то общее время регламента практически всегда зависит только от этой операции 
|*Определение сделок с отклонением цен(БУ)*|

!image-2025-10-21-07-13-50-519.png!

в понедельник 13.10 среднее время выполнения этой операции было больше чем обычно, поэтому стало заметно что регламент выполнялся дольше. (т.е. сумма времени на эту операцию без учета параллельности составила 5 часов)

Максимальное время многих портфелей

!image-2025-10-21-07-49-37-513.png!

Для сравнения посмотрим в другие понедельники:

06.10:

!image-2025-10-21-07-20-52-255.png!

Максимальные времена:

!image-2025-10-21-07-59-12-071.png!

29.09: 

!image-2025-10-21-07-19-41-610.png!

Максимальные времена:

!image-2025-10-21-08-00-08-899.png!

Видно что эта операция составляет >50% всего времени из-за своей массовости.

 

 Начиная с 14.10.2025 (возможно после внесения индекса?) среднее время на выполнение данной операции составляет менее 1 сек, поэтому даже при массовом исполнении она не влияет на время регламента: (например расчёт Т-3 от 20.10)

!image-2025-10-21-07-43-19-995.png!

 Изменения видны если посмотреть за больший период по одному портфелю:

!image-2025-10-21-07-53-09-662.png!

 ","21/Oct/25 8:48 +0300;AChmykhalov;Это операция 0140

!image-2025-10-21-08-48-00-836.png!

Вызывает выбор Сделок с отбором по периоду и Портфелю:

!image-2025-10-21-08-48-50-251.png!","21/Oct/25 10:35 +0300;KIkonnikov;Для чистоты экспериментов убрать кастомные индексы на тестовой базе?","21/Oct/25 10:49 +0300;AChmykhalov;Да, если можно, то на этой Srvr=""SMSK02MG138U:6541"";Ref=""AVC_REGR_CLEAN_FIN""; ","21/Oct/25 12:32 +0300;KIkonnikov;В этой базе убил кастомные индексы:
- VTB_AccRgED323_2 on dbo._AccRgED323
- VTB_PAYED on dbo._Document140
- VTB_REGOPER_PLAN on dbo._Document146
- VTB_DEALSBYMANDATE on dbo._Document159","22/Oct/25 8:57 +0300;AChmykhalov;До и После удаления кастомных индексов проведены замеры: [^Замеры времени по регаменту ДО_ПОСЛЕ.docx]

Видно, что при отсутствии индексов медленно работает расчет ""Определение сделок с отклонением цен(БУ)""  который на несколько часов увеличивает длительность выполнение всего регламента","29/Oct/25 18:31 +0300;KIkonnikov;[~AChmykhalov] рекомендую периодически напоминать вендору о нашей задачей и просить ускориться","13/Nov/25 15:14 +0300;AChmykhalov;Коцарев Павел11/13/2025, 2:56:37 PM
Коллеги, добрый день
Добавил индексы по портфелю на следующие объекты:

!image-2025-11-13-15-14-44-306.png!
Надеюсь это поможет решить проблему с производительностью
Решение будет доступно в следующей поставке","17/Nov/25 14:28 +0300;AChmykhalov;Реструктуризация:  *3 час 10 минут* [^План ИТ тестирования доработок Аванкор - время реструктуризации.docx]","18/Nov/25 7:36 +0300;AChmykhalov;Коцарев Павел11/14/2025, 4:15:39 PM
Индексы по Портфелю для ПланРегламентныхОперацийДУ добавил, решение будет доступно в следующей поставке","28/Nov/25 12:25 +0300;AChmykhalov;*Предусловия внедрения:*
 * 
 ** Паспорт объекта внедрения слинкован с задачей: -
 ** MergeRequest прошел ревью и принят в MAIN: -
 ** Слинкована DEPLOY-задача: да

*План внедрения:*
 * 
 ** Тип объекта внедрения: конфигурация
 ** Название объекта внедрения: FIN20
 ** Объект внедрения новый: нет
 ** База внедрения: PROD_AVC_FIN20
 ** MergeRequest в GIT или номер коммита в DEV-хранилище: -
 ** Помещено в каталог автозагрузки: -
 ** Версия: *не ниже 2.7.10.4*  
 ** График внедрения: планово

         *Дополнительные действия:*
 * 
 ** Выполнить настройки: не требуется
 ** Дополнительные действия при внедрении: не требуется","23/Feb/26 21:00 +0300;JiraAutomate;The issue was closed automaticaly due to staying in status ""Resolved"" more than 7 days",,,,,,,,,,,,,,,,,,,,,,,,,,
ВыгрузкаЗагрузкаДокументовНСИ_2_0 .1. [7.  Запрос «СоздатьВТДатИсполненияДокументов» долго отбирает список объектов],IMAPPS-32918,807772,785278,Sub-Task,Closed,IMAPPS,IM Application Support,software,IMAPPS_Unassigned,,http://confluence/display/IMIT/IM+Application+Support,Medium,Duplicate,AChmykhalov,KIkonnikov,AChmykhalov,24/Sep/25 15:58 +0300,18/Oct/25 13:58 +0300,14/Sep/26 5:36 +0300,29/Sep/25 17:14 +0300,IM-2025-10-06,AvancoreFinance,,,,,"*Что*: Реквизит «Портфель» (для ряда Документов и БП) не индексирован, что для больших объемов записей в базе вызывает долгий отбор

*Где*: Запрос «СоздатьВТДатИсполненияДокументов» долго отбирает список объектов

*Способ решения*: Как минимум предлагается {color:#00875a}индексировать реквизит «Портфель» в БП «СделкиTn»{color}, также рассмотреть возможность индексации в документах Сделка и ОперацияПоСчетуБрокера

 ",AChmykhalov,,,,,,,,,,,,,,,,,,,,,,,,,,,,,,,,,,,,,,,,Internal Only,,,,,,,,,,,,,,,,,,,,,,,,,,,,,,,,,,,,,,,,,,,,,,,,,,,,WIM,,,,,,,,,,,,,,,,,,,,,,,,,,,,,https://lk.avancore.ru/tasks/ASP-186909,,,,,,IM Finance,IM Finance,,,,,,,,,,,,,,,,,,,,no,,,,,"0|i3pbon:",0.0,,,,,,,,,,,,,,,,,,,,,,,,,,,,,,,Да,normal,,,,,"29/Sep/25 15:03 +0300;AChmykhalov;Все задачи связаны. Комментарий см. в https://jira/browse/IMAPPS-32908 ","29/Sep/25 17:14 +0300;AChmykhalov;см. https://jira/browse/IMAPPS-32908 ",,,,,,,,,,,,,,,,,,,,,,,,,,,,,,,,,,,,,,,
ВыгрузкаЗагрузкаДокументовНСИ_2_0 .1. [6.  Оптимизация ЗаполнитьКотировкиЦБНаБирже],IMAPPS-32916,807765,785278,Sub-Task,Closed,IMAPPS,IM Application Support,software,IMAPPS_Unassigned,,http://confluence/display/IMIT/IM+Application+Support,Medium,Duplicate,AChmykhalov,KIkonnikov,AChmykhalov,24/Sep/25 15:53 +0300,18/Oct/25 13:58 +0300,14/Sep/26 5:36 +0300,29/Sep/25 17:12 +0300,IM-2025-10-06,AvancoreFinance,,,,,"*Что*: 

- Процедура ЗаполнитьКотировкиЦБНаБирже(): в ЛОГ видно что даже при отсутствии движений по Портфелю временная таблица создает большой объем данных;

- Процедура ПолучитьОстатки:  долго выполняет вычисления

*Где*: 

- Процедура ЗаполнитьКотировкиЦБНаБирже():первая временная таблица в запросе не зависит от Активов

- Процедура ПолучитьОстатки:  для виртуальной таблицы остатки дается фильтр «через точку» И Субконто1.ВидАктива В ИЕРАРХИИ (&ДоступныеВидыАктива)

*Способ решения*: Во временную таблицу добавить фильтр по Активам, в запросе по остаткам вынести условия через точку во временную таблицу

(в расширении [^d1t_ОбменНСИ_2_0_Адаптация.cfe] см. Процедура {color:#00875a}d1tEx2_ЗаполнитьКотировкиЦБНаБирже{color}, Функция {color:#00875a}d1tEx2_ПолучитьОстаткиЦБ{color})

 ",AChmykhalov,,,,,,,,,,,,,,,,,,,,,,,,,,,,,,,,,,,,,,,,Internal Only,,,,,,,,,,,,,,,,,,,"24/Sep/25 15:51 +0300;AChmykhalov;d1t_ОбменНСИ_2_0_Адаптация.cfe;https://jira/secure/attachment/2385358/d1t_%D0%9E%D0%B1%D0%BC%D0%B5%D0%BD%D0%9D%D0%A1%D0%98_2_0_%D0%90%D0%B4%D0%B0%D0%BF%D1%82%D0%B0%D1%86%D0%B8%D1%8F.cfe",,,,,,,,,,,,,,,,,,,,,,,,,,,,,,,,,WIM,,,,,,,,,,,,,,,,,,,,,,,,,,,,,https://lk.avancore.ru/tasks/ASP-186908,,,,,,IM Finance,IM Finance,,,,,,,,,,,,,,,,,,,,no,,,,,"0|i3pbn3:",0.0,,,,,,,,,,,,,,,,,,,,,,,,,,,,,,,Да,normal,,,,,"29/Sep/25 15:03 +0300;AChmykhalov;Все задачи связаны. Комментарий см. в https://jira/browse/IMAPPS-32908 ","29/Sep/25 17:12 +0300;AChmykhalov;см. https://jira/browse/IMAPPS-32908 ",,,,,,,,,,,,,,,,,,,,,,,,,,,,,,,,,,,,,,,
ВыгрузкаЗагрузкаДокументовНСИ_2_0 .1. [5. Ошибочно вызывается 3 раза один и тот же запрос: СоздатьВТДатИсполненияДокументов],IMAPPS-32915,807762,785278,Sub-Task,Closed,IMAPPS,IM Application Support,software,IMAPPS_Unassigned,,http://confluence/display/IMIT/IM+Application+Support,Medium,Duplicate,AChmykhalov,KIkonnikov,AChmykhalov,24/Sep/25 15:49 +0300,18/Oct/25 13:58 +0300,14/Sep/26 5:36 +0300,29/Sep/25 17:12 +0300,IM-2025-10-06,AvancoreFinance,,,,,"*Где*: 

- ЗаполнитьИсполненияСделок

- ЗаполнитьИсполненияСделокРЕПО

- ЗаполнитьИсполненияБиржевыхСделокСВалютой

*Что*: 

Ошибочно вызывается 3 раза один и тот же запрос: СоздатьВТДатИсполненияДокументов

В 3х процедурах вызывается каждый раз один и тот же высоконагруженный запрос по выборке документов за период (происходит 3 дублирующих вызова)

*Способ решения*: Предлагается в процедуре ЗаполнитьДокументы один раз создать запрос через МВТ (сделано в расширении [^d1t_ОбменНСИ_2_0_Адаптация.cfe] см. {color:#00875a}Функция МВТДатИсполненияДокументов{color}) и потом МВТ передать в процедуры чтобы не пересчитывать это запрос каждый раз.

 ",AChmykhalov,,,,,,,,,,,,,,,,,,,,,,,,,,,,,,,,,,,,,,,,Internal Only,,,,,,,,,,,,,,,,,,,"24/Sep/25 15:49 +0300;AChmykhalov;d1t_ОбменНСИ_2_0_Адаптация.cfe;https://jira/secure/attachment/2385346/d1t_%D0%9E%D0%B1%D0%BC%D0%B5%D0%BD%D0%9D%D0%A1%D0%98_2_0_%D0%90%D0%B4%D0%B0%D0%BF%D1%82%D0%B0%D1%86%D0%B8%D1%8F.cfe",,,,,,,,,,,,,,,,,,,,,,,,,,,,,,,,,WIM,,,,,,,,,,,,,,,,,,,,,,,,,,,,,https://lk.avancore.ru/tasks/ASP-186907,,,,,,IM Finance,IM Finance,,,,,,,,,,,,,,,,,,,,no,,,,,"0|i3pbmf:",0.0,,,,,,,,,,,,,,,,,,,,,,,,,,,,,,,Да,normal,,,,,"29/Sep/25 15:03 +0300;AChmykhalov;Все задачи связаны. Комментарий см. в https://jira/browse/IMAPPS-32908 ","29/Sep/25 17:12 +0300;AChmykhalov;см. https://jira/browse/IMAPPS-32908  ",,,,,,,,,,,,,,,,,,,,,,,,,,,,,,,,,,,,,,,
ВыгрузкаЗагрузкаДокументовНСИ_2_0 .1. [4. ВТ_Комиссии и ВТ_СделкиСКомиссиями выбираются без фильтра],IMAPPS-32914,807760,785278,Sub-Task,Closed,IMAPPS,IM Application Support,software,IMAPPS_Unassigned,,http://confluence/display/IMIT/IM+Application+Support,Medium,Duplicate,AChmykhalov,KIkonnikov,AChmykhalov,24/Sep/25 15:46 +0300,18/Oct/25 13:59 +0300,14/Sep/26 5:36 +0300,29/Sep/25 17:12 +0300,IM-2025-10-06,AvancoreFinance,,,,,"*Где*: В процедурах ЗаполнитьСделкамиTn, ЗаполнитьВнебиржевымиСделками:

*Что*:  В процедурах ЗаполнитьСделкамиTn, ЗаполнитьВнебиржевымиСделками: ВТ_Комиссии и ВТ_СделкиСКомиссиями 

в ЛОГ видно что даже при отсутствии движений по Портфелю временная таблица может создать большой объем данных

*Способ решения*: Добавить фильтр во временную таблицу
(см. в расширении [^d1t_ОбменНСИ_2_0_Адаптация.cfe]
- Процедура d1tEx2_ЗаполнитьСделкамиTn
- Процедура d1tEx2_ЗаполнитьВнебиржевымиСделками)

 ",AChmykhalov,,,,,,,,,,,,,,,,,,,,,,,,,,,,,,,,,,,,,,,,Internal Only,,,,,,,,,,,,,,,,,,,"24/Sep/25 15:46 +0300;AChmykhalov;d1t_ОбменНСИ_2_0_Адаптация.cfe;https://jira/secure/attachment/2385338/d1t_%D0%9E%D0%B1%D0%BC%D0%B5%D0%BD%D0%9D%D0%A1%D0%98_2_0_%D0%90%D0%B4%D0%B0%D0%BF%D1%82%D0%B0%D1%86%D0%B8%D1%8F.cfe",,,,,,,,,,,,,,,,,,,,,,,,,,,,,,,,,WIM,,,,,,,,,,,,,,,,,,,,,,,,,,,,,https://lk.avancore.ru/tasks/ASP-186906,,,,,,IM Finance,IM Finance,,,,,,,,,,,,,,,,,,,,no,,,,,"0|i3pblz:",0.0,,,,,,,,,,,,,,,,,,,,,,,,,,,,,,,Да,normal,,,,,"29/Sep/25 15:03 +0300;AChmykhalov;Все задачи связаны. Комментарий см. в https://jira/browse/IMAPPS-32908 ","29/Sep/25 17:12 +0300;AChmykhalov;см. https://jira/browse/IMAPPS-32908 ",,,,,,,,,,,,,,,,,,,,,,,,,,,,,,,,,,,,,,,
ВыгрузкаЗагрузкаДокументовНСИ_2_0 .1. [3. Оптимизация вызова ЗаполнитьСделки],IMAPPS-32910,807732,785278,Sub-Task,Closed,IMAPPS,IM Application Support,software,IMAPPS_Unassigned,,http://confluence/display/IMIT/IM+Application+Support,Medium,Duplicate,AChmykhalov,KIkonnikov,AChmykhalov,24/Sep/25 15:25 +0300,18/Oct/25 13:59 +0300,14/Sep/26 5:36 +0300,29/Sep/25 17:11 +0300,IM-2025-10-06,AvancoreFinance,,,,,"*Где*: 

- ЗаполнитьПеререгистрациюСделок
 - ЗаполнитьОплатуСделок
 - ЗаполнитьОплатуКомиссииБрокера
 - ЗаполнитьОплатуКомиссииБиржи
 - ЗаполнитьОплатуИнойКомиссии

- ЗаполнитьПервуюЧастьРЕПО
 - ЗаполнитьОплатуПервойЧастиРЕПО
 - ЗаполнитьВторуюЧастьРЕПО
 - ЗаполнитьОплатуВторойЧастиРЕПО
 - ЗаполнитьОплатуКомиссииБиржиПервойЧастиРЕПО
 - ЗаполнитьОплатуКомиссииБрокераПервойЧастиРЕПО
 - ЗаполнитьОплатуКомиссииБиржиВторойЧастиРЕПО
 - ЗаполнитьОплатуКомиссииБрокераВторойЧастиРЕПО

- ЗаполнитьСписаниеПоСделкеСВалютой
 - ЗаполнитьПоступлениеПоСделкеСВалютой
 - ЗаполнитьОплатуКомиссииБиржиПоСделкеСВалютой
 - ЗаполнитьОплатуКомиссииБрокераПоСделкеСВалютой

*Что*: 

Процедура ЗаполнитьСделки может вызываться много раз. (

Предполагается что она вызывается один раз чтобы заполнить сделки, и при обработке прочих документов у которых есть ссылка на Сделку чтобы дополнить список Сделок. 

По факту не проверяется есть ли ссылки на Сделку у документов, и она вызывается много раз с попыткой полного перезаполнения)

*Способ решения*: 

Не вызывать дублирующие запросы если массив сделок - пустой)

Реализацию см. в соотвествующих процедурах в расширении [^d1t_ОбменНСИ_2_0_Адаптация.cfe]

 ",AChmykhalov,,,,,,,,,,,,,,,,,,,,,,,,,,,,,,,,,,,,,,,,Internal Only,,,,,,,,,,,,,,,,,,,"24/Sep/25 15:25 +0300;AChmykhalov;d1t_ОбменНСИ_2_0_Адаптация.cfe;https://jira/secure/attachment/2385266/d1t_%D0%9E%D0%B1%D0%BC%D0%B5%D0%BD%D0%9D%D0%A1%D0%98_2_0_%D0%90%D0%B4%D0%B0%D0%BF%D1%82%D0%B0%D1%86%D0%B8%D1%8F.cfe",,,,,,,,,,,,,,,,,,,,,,,,,,,,,,,,,WIM,,,,,,,,,,,,,,,,,,,,,,,,,,,,,https://lk.avancore.ru/tasks/ASP-186905,,,,,,IM Finance,IM Finance,,,,,,,,,,,,,,,,,,,,no,,,,,"0|i3pbfr:",0.0,,,,,,,,,,,,,,,,,,,,,,,,,,,,,,,Да,normal,,,,,"29/Sep/25 15:02 +0300;AChmykhalov;Все задачи связаны. Комментарий см. в https://jira/browse/IMAPPS-32908 ","29/Sep/25 17:11 +0300;AChmykhalov;см. https://jira/browse/IMAPPS-32908 ",,,,,,,,,,,,,,,,,,,,,,,,,,,,,,,,,,,,,,,
ВыгрузкаЗагрузкаДокументовНСИ_2_0 .1. [Оптимизация 1-7],IMAPPS-32908,807723,785278,Sub-Task,Closed,IMAPPS,IM Application Support,software,IMAPPS_Unassigned,,http://confluence/display/IMIT/IM+Application+Support,Medium,Done,AChmykhalov,KIkonnikov,AChmykhalov,24/Sep/25 15:21 +0300,24/Nov/25 15:39 +0300,14/Sep/26 5:36 +0300,21/Nov/25 16:05 +0300,IM-2025-11-24,AvancoreFinance,,CAB,,,"*1)* *[2. Оптимизация ЗаполнитьНСИ_БиржиЛистинга]*
Где\*: Процедура ЗаполнитьНСИ_БиржиЛистинга*
Что*: в ЛОГ видно что даже при отсутствии движений по Портфелю временная таблица создает большой объем данных (Временная таблица в запросе не учитывает отбор по списку Активов)*
Способ решения*: Добавить фильтр во временную таблицу*
*Расширение [d1tОбменНСИ_2_0_Адаптация.cfe|https://jirahttps//lk.avancore.ru/api/tasks/file/secure/attachment/2385254/2385254_d1t_%D0%9E%D0%B1%D0%BC%D0%B5%D0%BD%D0%9D%D0%A1%D0%98_2_0_%D0%90%D0%B4%D0%B0%D0%BF%D1%82%D0%B0%D1%86%D0%B8%D1%8F.cfe] , см. Процедура d1tEx2_ЗаполнитьНСИ_БиржиЛистинга*
*2) из [ASP-186902|https://lk.avancore.ru/tasks/ASP-186902] [1. Не оптимизированный код ПолучитьДанныеНСИДляЗаполнения]*Где*: Функция ПолучитьДанныеНСИДляЗаполнения*
Что*: Очень медленно подбирает НСИ для большого количества документов (>1000) (Не оптимизированный код универсальной процедуры «ПолучитьДанныеНСИДляЗаполнения»)*
Способ решения*:* 
*Что надо исправить: (*полная замена данной функции на новую*)*
*•                     Повторные проверки типов: ТипЗнч(СтрокаТаблицы[РеквизитТабЧасти.Имя]) вызывается для каждой строки в колонке, хотя тип реквизита фиксирован (из метаданных 1C). Это избыточно.*
*•                     Дубли в массивах: Массивы растут без контроля уникальности, что увеличивает память и время (хотя добавление само по себе быстро, но последующая обработка дублей может тормозить другие части системы).*
*•                     Вызов функции ЭтоТБС(): Это простая проверка ТипЗнч() + пустая ссылка, но она в конце цепочки, так что выполняется чаще всего.*
*Реализацию см. расширении [d1tОбменНСИ_2_0_Адаптация.cfe|https://jirahttps//lk.avancore.ru/api/tasks/file/secure/attachment/2385228/2385228_d1t_%D0%9E%D0%B1%D0%BC%D0%B5%D0%BD%D0%9D%D0%A1%D0%98_2_0_%D0%90%D0%B4%D0%B0%D0%BF%D1%82%D0%B0%D1%86%D0%B8%D1%8F.cfe]  , d1tEx2_ПолучитьДанныеНСИДляЗаполнения*
*3) из [ASP-186905|https://lk.avancore.ru/tasks/ASP-186905] [3. *Оптимизация вызова ЗаполнитьСделки**]**
Где*:* 
 * *ЗаполнитьПеререгистрациюСделок*
 * *ЗаполнитьОплатуСделок*
 * *ЗаполнитьОплатуКомиссииБрокера*
 * *ЗаполнитьОплатуКомиссииБиржи*
 * *ЗаполнитьОплатуИнойКомиссии*
 * *ЗаполнитьПервуюЧастьРЕПО*
 * *ЗаполнитьОплатуПервойЧастиРЕПО*
 * *ЗаполнитьВторуюЧастьРЕПО*
 * *ЗаполнитьОплатуВторойЧастиРЕПО*
 * *ЗаполнитьОплатуКомиссииБиржиПервойЧастиРЕПО*
 * *ЗаполнитьОплатуКомиссииБрокераПервойЧастиРЕПО*
 * *ЗаполнитьОплатуКомиссииБиржиВторойЧастиРЕПО*
 * *ЗаполнитьОплатуКомиссииБрокераВторойЧастиРЕПО*
 * *ЗаполнитьСписаниеПоСделкеСВалютой*
 * *ЗаполнитьПоступлениеПоСделкеСВалютой*
 * *ЗаполнитьОплатуКомиссииБиржиПоСделкеСВалютой*
 * *ЗаполнитьОплатуКомиссииБрокераПоСделкеСВалютой*
Что*:* 
*Процедура ЗаполнитьСделки может вызываться много раз. (*
*Предполагается что она вызывается один раз чтобы заполнить сделки, и при обработке прочих документов у которых есть ссылка на Сделку чтобы дополнить список Сделок.* 
*По факту не проверяется есть ли ссылки на Сделку у документов, и она вызывается много раз с попыткой полного перезаполнения)*
Способ решения*:* 
*Не вызывать дублирующие запросы если массив сделок - пустой)*
*Реализацию см. в соотвествующих процедурах в расширении [d1tОбменНСИ_2_0_Адаптация.cfe|https://jirahttps//lk.avancore.ru/api/tasks/file/secure/attachment/2385266/2385266_d1t_%D0%9E%D0%B1%D0%BC%D0%B5%D0%BD%D0%9D%D0%A1%D0%98_2_0_%D0%90%D0%B4%D0%B0%D0%BF%D1%82%D0%B0%D1%86%D0%B8%D1%8F.cfe]*
*4) из [ASP-186906|https://lk.avancore.ru/tasks/ASP-186906] [4. *ВТКомиссии и ВТ_СделкиСКомиссиями выбираются без фильтра**]**
Где*: В процедурах ЗаполнитьСделкамиTn, ЗаполнитьВнебиржевымиСделками*
Что*:  В процедурах ЗаполнитьСделкамиTn, ЗаполнитьВнебиржевымиСделками: ВТ_Комиссии и ВТ_СделкиСКомиссиями* 
*в ЛОГ видно что даже при отсутствии движений по Портфелю временная таблица может создать большой объем данных*
Способ решения\{*}: Добавить фильтр во временную таблицу
(см. в расширении [d1tОбменНСИ_2_0_Адаптация.cfe|https://jirahttps//lk.avancore.ru/api/tasks/file/secure/attachment/2385338/2385338_d1t_%D0%9E%D0%B1%D0%BC%D0%B5%D0%BD%D0%9D%D0%A1%D0%98_2_0_%D0%90%D0%B4%D0%B0%D0%BF%D1%82%D0%B0%D1%86%D0%B8%D1%8F.cfe]
 * Процедура d1tEx2_ЗаполнитьСделкамиTn
 * Процедура d1tEx2_ЗаполнитьВнебиржевымиСделками)
*5) из [ASP-186907|https://lk.avancore.ru/tasks/ASP-186907] 5. Ошибочно вызывается 3 раза один и тот же запрос: СоздатьВТДатИсполненияДокументов*
Где: 
ЗаполнитьИсполненияСделок
ЗаполнитьИсполненияСделокРЕПО
ЗаполнитьИсполненияБиржевыхСделокСВалютой
Что: 
Ошибочно вызывается 3 раза один и тот же запрос: СоздатьВТДатИсполненияДокументов
В 3х процедурах вызывается каждый раз один и тот же высоконагруженный запрос по выборке документов за период (происходит 3 дублирующих вызова)
Способ решения: Предлагается в процедуре ЗаполнитьДокументы один раз создать запрос через МВТ (сделано в расширении d1t_ОбменНСИ_2_0_Адаптация.cfe см. Функция МВТДатИсполненияДокументов) и потом МВТ передать в процедуры чтобы не пересчитывать это запрос каждый раз.
*6) из [ASP-186908|https://lk.avancore.ru/tasks/ASP-186908] 6. Оптимизация ЗаполнитьКотировкиЦБНаБирже*
*Что*:
 * Процедура ЗаполнитьКотировкиЦБНаБирже(): в ЛОГ видно что даже при отсутствии движений по Портфелю временная таблица создает большой объем данных;
 * Процедура ПолучитьОстатки: долго выполняет вычисления
 * *Где*:
 * Процедура ЗаполнитьКотировкиЦБНаБирже():первая временная таблица в запросе не зависит от Активов
 * Процедура ПолучитьОстатки: для виртуальной таблицы остатки дается фильтр «через точку» И Субконто1.ВидАктива В ИЕРАРХИИ (&ДоступныеВидыАктива)
 * *Способ решения*: Во временную таблицу добавить фильтр по Активам, в запросе по остаткам вынести условия через точку во временную таблицу
(в расширении [d1t\ОбменНСИ\_2\_0\_Адаптация.cfe|https://jirahttps//lk.avancore.ru/api/tasks/file/secure/attachment/2385358/2385358_d1t_%D0%9E%D0%B1%D0%BC%D0%B5%D0%BD%D0%9D%D0%A1%D0%98_2_0_%D0%90%D0%B4%D0%B0%D0%BF%D1%82%D0%B0%D1%86%D0%B8%D1%8F.cfe] см. Процедура d1tEx2\_ЗаполнитьКотировкиЦБНаБирже, Функция d1tEx2\_ПолучитьОстаткиЦБ)
*7) [ASP-186909|https://lk.avancore.ru/tasks/ASP-186909] 7. Запрос «СоздатьВТДатИсполненияДокументов» долго отбирает список объектов*
*Что*: Реквизит «Портфель» (для ряда Документов и БП) не индексирован, что для больших объемов записей в базе вызывает долгий отбор
*Где*: Запрос «СоздатьВТДатИсполненияДокументов» долго отбирает список объектов
*Способ решения*: Как минимум предлагается индексировать реквизит «Портфель» в БП «СделкиTn»,
также рассмотреть возможность индексации в документах Сделка и ОперацияПоСчетуБрокера",AChmykhalov,DKharitonov,KIkonnikov,,,,,,"CR доработок Аванкор  в поставке 2.7.9.1;08/Oct/25 16:27 +0300;AChmykhalov;3600","ИТ тестирование доработок версии 2.7.9.1;09/Oct/25 11:15 +0300;AChmykhalov;3600",,,,,,,,,,,,,,,,,,,,,,,,0,0,7200,"9,223,372,036,854,775,807%",0,0,7200,Internal Only,,,,,,,,,,IMAPPS-33272,,,,,,,,,"24/Sep/25 15:20 +0300;AChmykhalov;d1t_ОбменНСИ_2_0_Адаптация.cfe;https://jira/secure/attachment/2385254/d1t_%D0%9E%D0%B1%D0%BC%D0%B5%D0%BD%D0%9D%D0%A1%D0%98_2_0_%D0%90%D0%B4%D0%B0%D0%BF%D1%82%D0%B0%D1%86%D0%B8%D1%8F.cfe","09/Oct/25 11:14 +0300;AChmykhalov;ТестАванкор - UAT (IT).docx;https://jira/secure/attachment/2405062/%D0%A2%D0%B5%D1%81%D1%82%D0%90%D0%B2%D0%B0%D0%BD%D0%BA%D0%BE%D1%80+-+UAT+%28IT%29.docx","09/Oct/25 11:11 +0300;AChmykhalov;ТестАванкор.docx;https://jira/secure/attachment/2405055/%D0%A2%D0%B5%D1%81%D1%82%D0%90%D0%B2%D0%B0%D0%BD%D0%BA%D0%BE%D1%80.docx",,,,,,,,,,,,,,,,,,,,,,,,,,,,,,,WIM,,,,,,,,,,,,,,,,,,,,,,,,,,,,,https://lk.avancore.ru/tasks/ASP-186903,,,,,,IM Finance,IM Finance,,,,,,,,,,,,,,,,,,,,no,,,,,"0|i3pbdr:",0.0,,,,,,,,,,,,,,,,,,,,,,,,,,,,,,,Да,normal,,,,,"29/Sep/25 15:00 +0300;AChmykhalov;Рыбакова Мария9/25/2025, 4:35:36 PM
Задача на анализе.
Коновка Антон9/26/2025, 11:23:53 AM
Большое спасибо. Постараемся сделать поскорее.
Спринт:
RND_ДУ2 25.10_1 29.09-05.10
h3. Связанные задачи
[!https://lk.avancore.ru/api/tasks/file/secure/viewavatar?size=xsmall&avatarId=11835&avatarType=issuetype!ASP-167374Выполнена оптимизация процесса ""Групповое выполнение закрытия периода"" по ряду операций|https://lk.avancore.ru/tasks/ASP-167374]
[!https://lk.avancore.ru/api/tasks/file/servicedesk/issue-type-icons?icon=it-help!ASP-186902ВыгрузкаЗагрузкаДокументовНСИ_2_0 .1. [1. Не оптимизированный код ПолучитьДанныеНСИДляЗаполнения]|https://lk.avancore.ru/tasks/ASP-186902]
[!https://lk.avancore.ru/api/tasks/file/servicedesk/issue-type-icons?icon=it-help!ASP-186905ВыгрузкаЗагрузкаДокументовНСИ_2_0 .1. [3. Оптимизация вызова ЗаполнитьСделки]|https://lk.avancore.ru/tasks/ASP-186905]
[!https://lk.avancore.ru/api/tasks/file/servicedesk/issue-type-icons?icon=it-help!ASP-186906ВыгрузкаЗагрузкаДокументовНСИ_2_0 .1. [4. ВТ_Комиссии и ВТ_СделкиСКомиссиями выбираются без фильтра]|https://lk.avancore.ru/tasks/ASP-186906]
[!https://lk.avancore.ru/api/tasks/file/servicedesk/issue-type-icons?icon=it-help!ASP-186907ВыгрузкаЗагрузкаДокументовНСИ_2_0 .1. [5. Ошибочно вызывается 3 раза один и тот же запрос: СоздатьВТДатИсполненияДокументов]|https://lk.avancore.ru/tasks/ASP-186907]
[!https://lk.avancore.ru/api/tasks/file/servicedesk/issue-type-icons?icon=it-help!ASP-186908ВыгрузкаЗагрузкаДокументовНСИ_2_0 .1. [6. Оптимизация ЗаполнитьКотировкиЦБНаБирже]|https://lk.avancore.ru/tasks/ASP-186908]
[!https://lk.avancore.ru/api/tasks/file/servicedesk/issue-type-icons?icon=it-help!ASP-186909ВыгрузкаЗагрузкаДокументовНСИ_2_0 .1. [7. Запрос «СоздатьВТДатИсполненияДокументов» долго отбирает список объектов]|https://lk.avancore.ru/tasks/ASP-186909]
 ","03/Oct/25 10:52 +0300;AChmykhalov;[Чмыхалов Алексей (ВИМ ИНВЕСТИЦИИ АО)|https://support.avancore.ru/secure/ViewProfile.jspa?name=Aleksey.Chmykhalov%40mncap.ru] мы готовы данную задачу п указанной вами оптимизации сделать бесплатно для вашей фирмы в качестве улучшения. Мы проводим анализ ваших предложений. С которыми согласны - внесем правки сразу. Которые вызовут сомнения - будем обсуждать. Об этом напишем в задаче","06/Oct/25 8:49 +0300;AChmykhalov;Доступно в поставке 2.7.9.1","06/Oct/25 10:40 +0300;KIkonnikov;Дальше такие шаги:
 * обновить тестовую базу;
 * провести it-test;
 ** если ОК, переходить к UAT;
 ** если не-ОК, вернуть вендору на доработки.
 * Передать на UAT - помочь пользователю, если потребуется;
 ** если ОК, переходить к подготовке внедрения;
 ** если не-ОК, вернуть вендору на доработки.","08/Oct/25 16:33 +0300;AChmykhalov;h3. Проведен ""review code"" доработок в Обработке ""ВыгрузкаЗагрузкаДокументовНСИ_2_0"" из поставки 2.7.9.1

 Недоработки:

*1) По разделу ""6"" Деталей задачи (Уровень важности: Высокий)*

Функция ПолучитьОстаткиЦБ
  В таблице ""ПОМЕСТИТЬ ВТ_ЕПСОстатки"" ошибка в условии
  вместо ""Счет В (&МассивСчетовЕПС)"" надо ""Счет В ИЕРАРХИИ (&МассивСчетовЕПС)"" (так как на вход подается массив групп счетов)
  В таблице ПОМЕСТИТЬ ""ВТ_Остатки"" ошибка в условии
  вместо ""Счет В (&МассивСчетовРСБУ)"" надо ""Счет В ИЕРАРХИИ (&МассивСчетовРСБУ)"" (так как на вход подается массив групп счетов)

*2) По разделу ""2"" Деталей задачи (Уровень важности: Высокий)*
  Функция ПолучитьДанныеНСИДляЗаполнения
   опять перед перебором строк табличных частей для колонки не проверяется тип
  (во вложении ""ПолучитьДанныеНСИДляЗаполнения_Исправление.txt"" вариант исправления)

*3) По разделу ""3"" Деталей задачи*
  В процедурах не проверяется что выборка пустая и делается Излишний вызов процедуры
 * ЗаполнитьСделкиРЕПО для:

ЗаполнитьПервуюЧастьРЕПО
 ЗаполнитьОплатуПервойЧастиРЕПО
 ЗаполнитьВторуюЧастьРЕПО
 ЗаполнитьОплатуВторойЧастиРЕПО
 ЗаполнитьОплатуКомиссииБиржиПервойЧастиРЕПО
 ЗаполнитьОплатуКомиссииБрокераПервойЧастиРЕПО
 ЗаполнитьОплатуКомиссииБиржиВторойЧастиРЕПО
 ЗаполнитьОплатуКомиссииБрокераВторойЧастиРЕПО
 * ЗаполнитьБиржевыеСделкиСВалютой для: 

ЗаполнитьСписаниеПоСделкеСВалютой
 ЗаполнитьПоступлениеПоСделкеСВалютой
 ЗаполнитьОплатуКомиссииБиржиПоСделкеСВалютой
 ЗаполнитьОплатуКомиссииБрокераПоСделкеСВалютой

*4) По разделу ""7"" Деталей задачи*
  -Не добавлена индексаци по Портфелю
   (реквизит «Портфель» в БизнесПроцессе «СделкиTn», Документе ""Сделка"", Документе ""ОперацияПоСчетуБрокера"")","09/Oct/25 11:11 +0300;AChmykhalov;Примечание: п.1 не актуально, решение корректное.

Остальные замечания остаются.

Текущий релиз 2.7.9.1:

Протестировано ИТ [^ТестАванкор.docx]

^Также протестировано на базе Srvr=""SMSK02MG138U"";Ref=""AVC_UAT_FIN""; [^ТестАванкор - UAT (IT).docx]^

 ","29/Oct/25 18:28 +0300;KIkonnikov;[~AChmykhalov] какие дальнейшие действия по задаче?","30/Oct/25 12:26 +0300;AChmykhalov;В задаче только не реализована индексация портфелей в некоторых документах, но на это у нас есть отдельная задача Аванкору. [https://lk.avancore.ru/tasks/ASP-189366] 

Релиз с этой доработкой уже стоит на  [PROD_AVC_SEP_FIN20]/

Написал в комментарии к задаче https://jira/browse/IMAPPS-31978 на Марию чтобы она проверила

(Также я сам проверил - время ускорено  в 5 раз : с 5 минут (за месяц) до 1 минуты) ","18/Nov/25 8:30 +0300;AChmykhalov;*Предусловия внедрения:*
 * 
 ** Паспорт объекта внедрения слинкован с задачей: -
 ** MergeRequest прошел ревью и принят в MAIN: -
 ** Слинкована DEPLOY-задача: да

*План внедрения:*
 * 
 ** Тип объекта внедрения: конфигурация
 ** Название объекта внедрения: Аванкор: Доверительное управление, редакция 2
 ** Объект внедрения новый: нет
 ** База внедрения: PROD_AVC_SEP_FIN20
 ** MergeRequest в GIT или номер коммита в DEV-хранилище: -
 ** Помещено в каталог автозагрузки: -
 ** Версия: не ниже 2.7.9.1
 ** График внедрения: планово

         *Дополнительные действия:*
 * 
 ** Выполнить настройки: не требуется
 ** Дополнительные действия при внедрении:  не требуется
Reply",,,,,,,,,,,,,,,,,,,,,,,,,,,,,,,,
ВыгрузкаЗагрузкаДокументовНСИ_2_0 .1. [1. Не оптимизированный код  ПолучитьДанныеНСИДляЗаполнения],IMAPPS-32905,807707,785278,Sub-Task,Closed,IMAPPS,IM Application Support,software,IMAPPS_Unassigned,,http://confluence/display/IMIT/IM+Application+Support,Medium,Duplicate,AChmykhalov,KIkonnikov,AChmykhalov,24/Sep/25 15:10 +0300,18/Oct/25 13:59 +0300,14/Sep/26 5:36 +0300,29/Sep/25 17:11 +0300,IM-2025-10-06,AvancoreFinance,,,,,"*Где*: Функция ПолучитьДанныеНСИДляЗаполнения

*Что*: Очень медленно подбирает НСИ для большого количества документов (>1000) (Не оптимизированный код универсальной процедуры «ПолучитьДанныеНСИДляЗаполнения»)

*Способ решения*: 
|Что надо исправить: (+полная замена данной функции на новую+)
•                      Повторные проверки типов: ТипЗнч(СтрокаТаблицы[РеквизитТабЧасти.Имя]) вызывается для каждой строки в колонке, хотя тип реквизита фиксирован (из метаданных 1C). Это избыточно.
•                      Дубли в массивах: Массивы растут без контроля уникальности, что увеличивает память и время (хотя добавление само по себе быстро, но последующая обработка дублей может тормозить другие части системы).
•                      Вызов функции ЭтоТБС(): Это простая проверка ТипЗнч() + пустая ссылка, но она в конце цепочки, так что выполняется чаще всего.
 |

Реализацию см. расширении [^d1t_ОбменНСИ_2_0_Адаптация.cfe]  ,{color:#403294} d1tEx2_ПолучитьДанныеНСИДляЗаполнения{color}",AChmykhalov,,,,,,,,,,,,,,,,,,,,,,,,,,,,,,,,,,,,,,,,Internal Only,,,,,,,,,,,,,,,,,,,"24/Sep/25 15:10 +0300;AChmykhalov;d1t_ОбменНСИ_2_0_Адаптация.cfe;https://jira/secure/attachment/2385228/d1t_%D0%9E%D0%B1%D0%BC%D0%B5%D0%BD%D0%9D%D0%A1%D0%98_2_0_%D0%90%D0%B4%D0%B0%D0%BF%D1%82%D0%B0%D1%86%D0%B8%D1%8F.cfe",,,,,,,,,,,,,,,,,,,,,,,,,,,,,,,,,WIM,,,,,,,,,,,,,,,,,,,,,,,,,,,,,https://lk.avancore.ru/tasks/ASP-186902,,,,,,IM Finance,IM Finance,,,,,,,,,,,,,,,,,,,,no,,,,,"0|i3pba7:",0.0,,,,,,,,,,,,,,,,,,,,,,,,,,,,,,,Да,normal,,,,,"29/Sep/25 15:02 +0300;AChmykhalov;Все задачи связаны. Комментарий см. в https://jira/browse/IMAPPS-32908 ","29/Sep/25 17:11 +0300;AChmykhalov;см https://jira/browse/IMAPPS-32908 ",,,,,,,,,,,,,,,,,,,,,,,,,,,,,,,,,,,,,,,
ДУ->FIN 1.  [ФИН] Долго рассчитывается аванс в документе ПеререгистрацияЦБ при проведении,IMAPPS-32901,807685,786320,Sub-Task,Closed,IMAPPS,IM Application Support,software,IMAPPS_Unassigned,,http://confluence/display/IMIT/IM+Application+Support,Medium,Done,AChmykhalov,KIkonnikov,AChmykhalov,24/Sep/25 14:38 +0300,15/Apr/26 14:41 +0300,28/Aug/26 12:20 +0300,21/Nov/25 13:14 +0300,IM-2025-11-24,AvancoreFinance,,CAB,Retail_DU,,"*Где*:  Документы.Сделка, Модуль объекта, Функция ТекстЗапроса_ПолучитьАвансы

*Что*: Долго рассчитывается аванс в документе ПеререгистрацияЦБ при проведении из-за неиндексированного Субкотнто1 (как параметра виртуальной таблицы остатков)

*Способ решения*: Вынести фильтр по Субкотно1 в условие «ГДЕ»

!image-2025-09-24-14-37-11-404.png|width=1161,height=571!

Результаты (по замерам):

До

!image-2025-09-24-14-37-38-686.png|width=930,height=170!

После:

!image-2025-09-24-14-37-58-424.png|width=917,height=154!",AChmykhalov,DKharitonov,KIkonnikov,,,,,,"ИТ тестирование доработок по задаче в поставке;13/Oct/25 10:04 +0300;AChmykhalov;3600",,,,,,,,,,,,,,,,,,,,,,,,,0,0,3600,"9,223,372,036,854,775,807%",0,0,3600,Internal Only,,,,,,,,,,IMAPPS-33272,,,IMDEV-7331,,,,,,"24/Sep/25 14:37 +0300;AChmykhalov;image-2025-09-24-14-37-11-404.png;https://jira/secure/attachment/2385144/image-2025-09-24-14-37-11-404.png","24/Sep/25 14:37 +0300;AChmykhalov;image-2025-09-24-14-37-38-686.png;https://jira/secure/attachment/2385143/image-2025-09-24-14-37-38-686.png","24/Sep/25 14:37 +0300;AChmykhalov;image-2025-09-24-14-37-58-424.png;https://jira/secure/attachment/2385142/image-2025-09-24-14-37-58-424.png","13/Oct/25 10:03 +0300;AChmykhalov;План ИТ тестирования задачи Аванкор 32010.docx;https://jira/secure/attachment/2408741/%D0%9F%D0%BB%D0%B0%D0%BD+%D0%98%D0%A2+%D1%82%D0%B5%D1%81%D1%82%D0%B8%D1%80%D0%BE%D0%B2%D0%B0%D0%BD%D0%B8%D1%8F+%D0%B7%D0%B0%D0%B4%D0%B0%D1%87%D0%B8+%D0%90%D0%B2%D0%B0%D0%BD%D0%BA%D0%BE%D1%80+32010.docx",,,,,,,,,,,,,,,,,,,,,,,,,,,,,,WIM,,,,,,,,,,,,,,,,,,,,,,,,,,,,,https://lk.avancore.ru/tasks/ASP-186885,,,,,,IM Finance,IM Finance,,,,,,,,,,,,,,,,,,,,no,,,,,"0|i3pb5b:",0.0,,,,,,,,,,,,,,,,,,,,,,,,,,,,,,,Да,normal,,,,,"29/Sep/25 14:57 +0300;AChmykhalov;Рыбакова Мария9/26/2025, 10:32:14 AM
Добрый день!
Задача принята на анализ. 
Исполнитель:
Коцарев Павел
Спринт:
RND_ДУ2 25.10_1 29.09-05.10","08/Oct/25 15:01 +0300;AChmykhalov;Коцарев Павел 10/8/2025, 9:52:01 AM
Внес изменения, решение будет доступно в следующей поставке","09/Oct/25 8:44 +0300;AChmykhalov;Коновка Антон10/8/2025, 11:33:31 PM
Доступно в поставке 2.7.9.2","13/Oct/25 10:04 +0300;AChmykhalov;ИТ тестирование доработок в поставке 2.7.9.2 - ОК [^План ИТ тестирования задачи Аванкор 32010.docx]","29/Oct/25 18:29 +0300;KIkonnikov;[~AChmykhalov] какие дальнейшие действия по задаче?","30/Oct/25 12:32 +0300;AChmykhalov;Я протестировал все нормально.

Когда будет следующее обновление [PROD_AVC_FIN20]  релизом вендора - после этого надо будет убрать из расширения VTB_ExchangeDU из Модуль объекта документа Сделка временную функцию ExchDU_ТекстЗапроса_ПолучитьАвансы","18/Nov/25 8:06 +0300;AChmykhalov;*Предусловия внедрения:*
 * 
 ** Паспорт объекта внедрения слинкован с задачей: -
 ** MergeRequest прошел ревью и принят в MAIN: -
 ** Слинкована DEPLOY-задача: да

*План внедрения:*
 * 
 ** Тип объекта внедрения: конфигурация
 ** Название объекта внедрения: Аванкор: Доверительное управление, редакция 2
 ** Объект внедрения новый: нет
 ** База внедрения: PROD_AVC_FIN20
 ** MergeRequest в GIT или номер коммита в DEV-хранилище: -
 ** Помещено в каталог автозагрузки: -
 ** Версия: не ниже 2.7.9.2
 ** График внедрения: планово

         *Дополнительные действия:*
 * 
 ** Выполнить настройки: не требуется
 ** Дополнительные действия при внедрении:  не требуется",,,,,,,,,,,,,,,,,,,,,,,,,,,,,,,,,,
Аванкор ПИФ. 3. Проблема жестких зависаний расчета: ПроверкаСуммКонтрагентовКредитныхОрганизаций_4129У_2_10,IMAPPS-32897,807669,735925,Sub-Task,Closed,IMAPPS,IM Application Support,software,IMAPPS_Unassigned,,http://confluence/display/IMIT/IM+Application+Support,Medium,Done,AChmykhalov,KIkonnikov,AChmykhalov,24/Sep/25 14:10 +0300,17/Nov/25 14:13 +0300,14/Sep/26 5:36 +0300,17/Nov/25 14:13 +0300,PIF 2.11.9.8,AvancorePIF,,CAB,,,"Где:  Общий модуль Удалить_УчетНарушенийСтруктурыИСоставаАктивов, Функция ТекстЗапроса_ПроверкаСуммКонтрагентовКредитныхОрганизаций_4129У_2_10

Что: *При выполнении расчета запрос может зависнуть на {color:#de350b}30{color} минут (обычное время выполнения {color:#00875a}10{color} секунд)*

*!image-2025-09-24-14-10-47-487.png|width=552,height=86!*

Способ решения: Оптимизировать текст запроса. Зависание происходит при расчете ВТ Остатки58. Также медленно считаются таблицы 76_07 (так как один и тот же запрос вызывается два раза). Предлагается протестированная реализация минимальные изменения (см. [^Dev1cTeamWIM2.cfe]) и максимальные изменения (см. [^Dev1cTeamWIM1.cfe])

 ",AChmykhalov,DKharitonov,KIkonnikov,YIvanov,,,,,"Тестирование доработок вендора по задаче;05/Nov/25 12:17 +0300;AChmykhalov;5400",,,,,,,,,,,,,,,,,,,,,,,,,0,0,5400,"9,223,372,036,854,775,807%",0,0,5400,Internal Only,,,,,,,,,,IMAPPS-33139,,,,,,,,,"05/Nov/25 12:15 +0300;AChmykhalov;Dev1cTeam_Замеры_ДляВерсии_2_11_10_0.cfe;https://jira/secure/attachment/2439967/Dev1cTeam_%D0%97%D0%B0%D0%BC%D0%B5%D1%80%D1%8B_%D0%94%D0%BB%D1%8F%D0%92%D0%B5%D1%80%D1%81%D0%B8%D0%B8_2_11_10_0.cfe","24/Sep/25 14:11 +0300;AChmykhalov;Dev1cTeamWIM1.cfe;https://jira/secure/attachment/2385086/Dev1cTeamWIM1.cfe","24/Sep/25 14:12 +0300;AChmykhalov;Dev1cTeamWIM2.cfe;https://jira/secure/attachment/2385087/Dev1cTeamWIM2.cfe","24/Sep/25 14:10 +0300;AChmykhalov;image-2025-09-24-14-10-47-487.png;https://jira/secure/attachment/2385085/image-2025-09-24-14-10-47-487.png","05/Nov/25 12:14 +0300;AChmykhalov;ПланТестированияДоработок_Релиз_2_11_10_0_Задача32897.docx;https://jira/secure/attachment/2439966/%D0%9F%D0%BB%D0%B0%D0%BD%D0%A2%D0%B5%D1%81%D1%82%D0%B8%D1%80%D0%BE%D0%B2%D0%B0%D0%BD%D0%B8%D1%8F%D0%94%D0%BE%D1%80%D0%B0%D0%B1%D0%BE%D1%82%D0%BE%D0%BA_%D0%A0%D0%B5%D0%BB%D0%B8%D0%B7_2_11_10_0_%D0%97%D0%B0%D0%B4%D0%B0%D1%87%D0%B032897.docx",,,,,,,,,,,,,,,,,,,,,,,,,,,,,WIM,,,,,,,,,,PMMF,,,,,,,,,,,,,,,,,,3 нормо-часа. Стоимость составляет 11 700 руб,https://lk.avancore.ru/tasks/ASP-186901,,,,,,IM Back-Office OPIF,IM Back-Office OPIF,,,,,,,,,,,,,,,,,,,,yes,,,,,"0|i3pb1r:",0.0,,,,,,,,,,,,,,,,,,,,,,,,,,,,,,,Да,normal,,,,,"29/Sep/25 14:54 +0300;AChmykhalov;Колмакова Мария 9/25/2025, 3:00:35 PM
Перевожу в требование","29/Sep/25 14:55 +0300;AChmykhalov;Дмитриев Владислав 9/25/2025, 3:54:35 PM
Алексей, добрый день. Если вы обратили внимание, то модуль помечен как Удалить. Но за обнаружение места которое возможно требует оптимизации - спасибо.","30/Sep/25 5:58 +0300;AChmykhalov;Дмитриев Владислав9/29/2025, 7:00:48 PM
Интегрируем в коробку вариант 2","30/Sep/25 10:47 +0300;AChmykhalov;Столова Екатерина9/30/2025, 10:40:45 AM
Чмыхалов Алексей (ВИМ ИНВЕСТИЦИИ АО) + [~KIkonnikov] 
Добрый день!
Данный заказ оценили в 3 нормо-часа. Стоимость составляет 11 700 руб.
В случае положительного решения, напишите ""Оценка согласована"".
Ожидаем согласование оценки до 07.10.2025, далее заказ без подтверждения будет закрыт со статусом - ""Не будет решаться"".
Если в дальнейшем Вами будет принято решение продолжить работы по требованию, сообщите нам и мы возобновим работы по задаче.","02/Oct/25 15:44 +0300;KIkonnikov;[~YIvanov] по данному этапу вендор оценил доработку в 3h на сумму 11 700 руб. Прошу согласовать косты и дать название кост-центра.","06/Oct/25 8:52 +0300;YIvanov;согласовано,  кост-центр PMMF","08/Oct/25 15:05 +0300;AChmykhalov;Столова Екатерина 10/7/2025, 9:12:59 AM
Задача передаётся на планирование работ","09/Oct/25 13:45 +0300;AChmykhalov;Гуркин Евгений10/9/2025, 1:38:50 PM
Добрый день.
*Плановый срок до 31.10*","23/Oct/25 10:51 +0300;AChmykhalov;Дмитриев Владислав10/21/2025, 10:42:44 AM
*Хран 17263*
В конфигурацию интегрировано решение из расширения Dev1cTeamWIM1.cfe), в частности обновлен текст запроса в функции
Удалить_УчетНарушенийСтруктурыИСоставаАктивов.ТекстЗапроса_ПроверкаСуммКонтрагентовКредитныхОрганизаций_4129У_2_10()

 
Дмитриев Владислав10/23/2025, 10:26:24 AM
*Вышла поставка 2.11.9.8 с решением*","29/Oct/25 18:27 +0300;KIkonnikov;[~AChmykhalov] если вендор предоставил изменения, дальше нужно развернуть поставку внутри на тестовой базе и провести ИТ-тест, дальше показать заказчику и передать на UAT","05/Nov/25 12:16 +0300;AChmykhalov;Проведено ИТ-тестирование доработок вендора [^ПланТестированияДоработок_Релиз_2_11_10_0_Задача32897.docx]

Доработки соответствуют постановке задачи.

Примечание: после установки релиза вендора на Прод надо сменить расширение замеров (динамическое объединение) на [^Dev1cTeam_Замеры_ДляВерсии_2_11_10_0.cfe]

с целью какое-то время следить за результатами выполнений по времени (должны отсутствовать пиковые зависания)","10/Nov/25 13:18 +0300;AChmykhalov;*Предусловия внедрения:*
 * 
 ** Паспорт объекта внедрения слинкован с задачей:
 ** MergeRequest прошел ревью и принят в MAIN:
 ** Слинкована DEPLOY-задача: да

*План внедрения:*
 * 
 ** Тип объекта внедрения: конфигурация 
 ** Название объекта внедрения:  конфигурация
 ** Версия: *не ниже 2.11.9.8* 
 ** Объект внедрения новый: нет

 * 
 ** База внедрения: PROD_AVC_PIF
 ** MergeRequest в GIT или номер коммита в DEV-хранилище:
 ** График внедрения: *планово*

         *Дополнительные действия*
 * 
 ** Выполнить настройки: не требуется
 ** Дополнительные действия при внедрении: после обновления методом сравнения и объединения заменить расширение конфигурацииDev1cTeam  на [^Dev1cTeam_Замеры_ДляВерсии_2_11_10_0.cfe]",,,,,,,,,,,,,,,,,,,,,,,,,,,,,
Аванкор ПИФ. 2. Параллельно выполнять расчет ПИФ в обработке ГрупповоеСозданиеПланаРеглОпераций,IMAPPS-32896,807665,735925,Sub-Task,Closed,IMAPPS,IM Application Support,software,IMAPPS_Unassigned,,http://confluence/display/IMIT/IM+Application+Support,Medium,Done,AChmykhalov,KIkonnikov,AChmykhalov,24/Sep/25 14:05 +0300,12/Jan/26 12:21 +0300,14/Sep/26 5:36 +0300,11/Dec/25 12:30 +0300,IM-2026-01-12,AvancorePIF,,CAB,,,"*Где*: Обработка. ГрупповоеСозданиеПланаРеглОпераций

*Что*: При возможности независимого расчета ПИФ (для ускорения) такая возможность отсутствует (так как ПИФ – уникальный разделитель учета и расчёты не вызовут блокировки)

*Способ решения*: Возможно добавление в настройки флага «ГрупповоеСозданиеПланаРеглОпераций в параллельном режиме». Доработать форму обработки для добавления вкладки Мониторинг, перехватить управление кнопкой «СоздатьИПерепровести». Пример реализации приложен в расширении [^Dev1cTeamFT - Этап2.cfe]",AChmykhalov,DKharitonov,KIkonnikov,YIvanov,,,,,"Проведение тестирования доработок Аванкор;06/Nov/25 8:33 +0300;AChmykhalov;12600",,,,,,,,,,,,,,,,,,,,,,,,,0,0,12600,"9,223,372,036,854,775,807%",0,0,12600,Internal Only,,,,,,,,,,IMAPPS-33944,,,,,,,,,"24/Sep/25 14:05 +0300;AChmykhalov;Dev1cTeamFT - Этап2.cfe;https://jira/secure/attachment/2385073/Dev1cTeamFT+-+%D0%AD%D1%82%D0%B0%D0%BF2.cfe","02/Dec/25 14:37 +0300;YIvanov;image-2025-12-02-14-37-58-549.png;https://jira/secure/attachment/2480124/image-2025-12-02-14-37-58-549.png","02/Dec/25 14:11 +0300;YIvanov;screenshot-1.png;https://jira/secure/attachment/2480030/screenshot-1.png","06/Nov/25 11:55 +0300;AChmykhalov;ПланТестированияДоработок_Релиз_2_11_10_0_Задача32896.docx;https://jira/secure/attachment/2441595/%D0%9F%D0%BB%D0%B0%D0%BD%D0%A2%D0%B5%D1%81%D1%82%D0%B8%D1%80%D0%BE%D0%B2%D0%B0%D0%BD%D0%B8%D1%8F%D0%94%D0%BE%D1%80%D0%B0%D0%B1%D0%BE%D1%82%D0%BE%D0%BA_%D0%A0%D0%B5%D0%BB%D0%B8%D0%B7_2_11_10_0_%D0%97%D0%B0%D0%B4%D0%B0%D1%87%D0%B032896.docx",,,,,,,,,,,,,,,,,,,,,,,,,,,,,,WIM,,,,,,,,,,PMMF,,,,,,,,,,,,,,,,,,"Анализ: 16 часов  = 74 880 руб; Разработка: ?(ожидаем)",https://lk.avancore.ru/tasks/ASP-186895,,,,,,IM Back-Office OPIF,IM Back-Office OPIF,,,,,,,,,,,,,,,,,,,,yes,,,,,"0|i3pb0v:",0.0,,,,,,,,,,,,,,,,,,,,,,,,,,,,,,,Да,normal,,,,,"29/Sep/25 14:53 +0300;AChmykhalov;Колмакова Мария 9/25/2025, 2:59:11 PM
Перевожу в требование","02/Oct/25 13:16 +0300;AChmykhalov;Гуркин Евгений
10/2/2025, 1:12:57 PM
По текущей задаче можем дать оценку на анализ и провести его. После анализа станет понятно, что потребуется сделать, и сколько будет стоить исправление.
Анализ оцениваем в 16ч. Вам подходит такой вариант?","02/Oct/25 15:48 +0300;KIkonnikov;[~YIvanov] по данному этапу вендор просит оплатить предварительный бизнес-анализ 16h. Рекомендую согласиться. Пойдем?","06/Oct/25 8:52 +0300;YIvanov;согласовано,  кост-центр PMMF","08/Oct/25 15:03 +0300;AChmykhalov;Столова Екатерина 10/6/2025, 10:13:58 AM
Задача передаётся на планирование работ","10/Oct/25 12:30 +0300;AChmykhalov;Гуркин Евгений10/10/2025, 12:13:29 PM
Добрый день.
Проведение анализа по плану до конца ноября

 
Иконников Кирилл (ВИМ ИНВЕСТИЦИИ АО)10/10/2025, 12:18:29 PM:
Коллеги, это важная для нас функциональность, доработку которой мы оплачиваем - мы не готовы ждать 1.5 месяца. Пересмотрите, пожта, планы в левую сторону.","06/Nov/25 12:00 +0300;AChmykhalov;Проведено ИТ-тестирование доработок вендора [^ПланТестированияДоработок_Релиз_2_11_10_0_Задача32896.docx]

В доработке Аванкор использован функционал из нашего примера (только вынесен в отдельную новую обработку ""Групповое создание Плана регл. операций (многопоток)"")","07/Nov/25 9:33 +0300;AChmykhalov;Чмыхалов Алексей (ВИМ ИНВЕСТИЦИИ АО)11/6/2025, 12:21:22 PM
Благодарю за оперативную реализацию задачи [ASP-186895|https://lk.avancore.ru/tasks/ASP-186895] и выход поставки 2.11.10.0 с решением.

Хотел бы уточнить один момент: насколько я понимаю, в доработке был использован функционал из нашего примера, который вынесен в отдельную новую обработку ""Групповое создание Плана регл. операций (многопоток)"". 

При этом в нашей переписке мы обсуждали проведение бизнес-анализа объемом 16 часов для изучения ваших предложений по способу и срокам реализации функциональности.

Подскажите, пожалуйста: текущая доработка внесена в рамках текущего обслуживания, или мы еще ожидаем проведения бизнес-анализа с вашими предложениями по функциональности?

Буду благодарен за уточнение.

 
!https://lk.avancore.ru/api/tasks/file/secure/useravatar?size=medium&ownerId=vdmitriev&avatarId=16136! 
Дмитриев Владислав11/7/2025, 9:20:35 AM
Чмыхалов Алексей (ВИМ ИНВЕСТИЦИИ АО)
Доброе утро. Да сразу внесли ваш вариант в коробку, никаких работ сверху не потребуется.","28/Nov/25 12:29 +0300;AChmykhalov;*Предусловия внедрения:*
 * 
 ** Паспорт объекта внедрения слинкован с задачей: -
 ** MergeRequest прошел ревью и принят в MAIN: -
 ** Слинкована DEPLOY-задача: да

*План внедрения:*
 * 
 ** Тип объекта внедрения: конфигурация
 ** Название объекта внедрения: PIF
 ** Объект внедрения новый: нет
 ** База внедрения: PROD_AVC_PIF
 ** MergeRequest в GIT или номер коммита в DEV-хранилище: -
 ** Помещено в каталог автозагрузки: -
 ** Версия: *не ниже 2.11.10.0*  
 ** График внедрения: планово

         *Дополнительные действия:*
 * 
 ** Выполнить настройки: не требуется
 ** Дополнительные действия при внедрении: не требуется","02/Dec/25 14:11 +0300;YIvanov; !screenshot-1.png|thumbnail! 
30ф   с 14:03 по 14:10.   Исполняет сразу все 30  (ограничения на колво потоков, например ""не более 5 планреглов за раз...""  нету)


==============
и 7ноября, с нуля все 30 планреглов:
 !image-2025-12-02-14-37-58-549.png|thumbnail! 
примерно 7-8мин  на 30ф","11/Dec/25 12:18 +0300;YIvanov;[~AChmykhalov] я думаю задача уже на проде. Закрывай?","23/Dec/25 9:27 +0300;YIvanov;продолжение в  IMAPPS-34662",,,,,,,,,,,,,,,,,,,,,,,,,,,,,
"Аванкор ПИФ. 1. Обработка АнализНарушенийПоФонду.ПолучитьИмяФайлаСОбработкой - Имя временного файла фиксированное, что создает конфликт при параллельном запуске расчетов по разным ПИФ",IMAPPS-32895,807657,735925,Sub-Task,Closed,IMAPPS,IM Application Support,software,IMAPPS_Unassigned,,http://confluence/display/IMIT/IM+Application+Support,Medium,Done,AChmykhalov,KIkonnikov,AChmykhalov,24/Sep/25 13:59 +0300,17/Nov/25 14:13 +0300,14/Sep/26 5:36 +0300,17/Nov/25 14:13 +0300,PIF 2.11.9.8,AvancorePIF,,CAB,,,"*Где*: Обработка АнализНарушенийПоФонду, Модуль менеджера, Функция ПолучитьИмяФайлаСОбработкой

*Что*: В обработке «АнализНарушенийПоФонду» в модуле менеджера Функция ПолучитьИмяФайлаСОбработкой. Она создает во временном каталоге временный файл с обработкой, которая запускается и потом удаляется. Имя файла фиксировано, что может привести к конфликту при параллельном запуске расчётов ПИФ.

*Решить способом*: АнализНарушенийПоФонду. Функция ПолучитьИмяФайлаСОбработкой: имя временного файла должно быть уникально ([https://its.1c.ru/db/v8std/content/542/hdoc] )",AChmykhalov,DKharitonov,KIkonnikov,YIvanov,,,,,"Тестирование доработок вендора;05/Nov/25 10:46 +0300;AChmykhalov;1800",,,,,,,,,,,,,,,,,,,,,,,,,0,0,1800,"9,223,372,036,854,775,807%",0,0,1800,Internal Only,,,,,,,,,,IMAPPS-33139,,,,,,,,,"10/Nov/25 13:18 +0300;AChmykhalov;Dev1cTeam_Замеры_ДляВерсии_2_11_10_0.cfe;https://jira/secure/attachment/2445465/Dev1cTeam_%D0%97%D0%B0%D0%BC%D0%B5%D1%80%D1%8B_%D0%94%D0%BB%D1%8F%D0%92%D0%B5%D1%80%D1%81%D0%B8%D0%B8_2_11_10_0.cfe","05/Nov/25 10:44 +0300;AChmykhalov;ПланТестированияДоработок_Релиз_2_11_10_0_Задача32895.docx;https://jira/secure/attachment/2439741/%D0%9F%D0%BB%D0%B0%D0%BD%D0%A2%D0%B5%D1%81%D1%82%D0%B8%D1%80%D0%BE%D0%B2%D0%B0%D0%BD%D0%B8%D1%8F%D0%94%D0%BE%D1%80%D0%B0%D0%B1%D0%BE%D1%82%D0%BE%D0%BA_%D0%A0%D0%B5%D0%BB%D0%B8%D0%B7_2_11_10_0_%D0%97%D0%B0%D0%B4%D0%B0%D1%87%D0%B032895.docx",,,,,,,,,,,,,,,,,,,,,,,,,,,,,,,,WIM,,,,,,,,,,PMMF,,,,,,,,,,,,,,,,,,3 нормо-часа. Стоимость составляет 11 700 руб,https://lk.avancore.ru/tasks/ASP-186891,,,,,,IM Back-Office OPIF,IM Back-Office OPIF,,,,,,,,,,,,,,,,,,,,yes,,,,,"0|i3paz3:",0.0,,,,,,,,,,,,,,,,,,,,,,,,,,,,,,,Да,normal,,,,,"29/Sep/25 14:52 +0300;AChmykhalov;Колмакова Мария9/25/2025, 2:59:53 PM
Перевожу в требование","30/Sep/25 10:51 +0300;AChmykhalov;Столова Екатерина9/30/2025, 10:39:51 AM
Чмыхалов Алексей (ВИМ ИНВЕСТИЦИИ АО) + [~KIkonnikov] 
Добрый день!
Данный заказ оценили в 3 нормо-часа. Стоимость составляет 11 700 руб.
В случае положительного решения, напишите ""Оценка согласована"".
Ожидаем согласование оценки до 07.10.2025, далее заказ без подтверждения будет закрыт со статусом - ""Не будет решаться"".
Если в дальнейшем Вами будет принято решение продолжить работы по требованию, сообщите нам и мы возобновим работы по задаче.","02/Oct/25 15:50 +0300;KIkonnikov;[~YIvanov] по данному этапу вендор оценил доработку в 3h на сумму 11 700 руб. Прошу согласовать косты и дать название кост-центра.","06/Oct/25 8:52 +0300;YIvanov;согласовано,  кост-центр PMMF","08/Oct/25 15:04 +0300;AChmykhalov;Столова Екатерина 10/6/2025, 9:59:51 AM
Задача передаётся на планирование работ","09/Oct/25 13:45 +0300;AChmykhalov;Гуркин Евгений10/9/2025, 1:37:39 PM
Добрый день.
*Плановый срок до 31.10*","23/Oct/25 10:52 +0300;AChmykhalov;Дмитриев Владислав10/23/2025, 10:26:13 AM
*Вышла поставка 2.11.9.8 с решением*","29/Oct/25 18:26 +0300;KIkonnikov;[~AChmykhalov] если вендор предоставил изменения, дальше нужно развернуть поставку внутри на тестовой базе и провести ИТ-тест, дальше показать заказчику и передать на UAT","05/Nov/25 10:44 +0300;AChmykhalov;Проведено ИТ-тестирование доработок вендора [^ПланТестированияДоработок_Релиз_2_11_10_0_Задача32895.docx]

Доработки соответствуют постановке задачи.","10/Nov/25 13:19 +0300;AChmykhalov;*Предусловия внедрения:*
 * 
 ** Паспорт объекта внедрения слинкован с задачей:
 ** MergeRequest прошел ревью и принят в MAIN:
 ** Слинкована DEPLOY-задача: да

*План внедрения:*
 * 
 ** Тип объекта внедрения: конфигурация 
 ** Название объекта внедрения:  конфигурация
 ** Версия: *не ниже 2.11.9.8* 
 ** Объект внедрения новый: нет

 * 
 ** База внедрения: PROD_AVC_PIF
 ** MergeRequest в GIT или номер коммита в DEV-хранилище:
 ** График внедрения: *планово*

         *Дополнительные действия*
 * 
 ** Выполнить настройки: не требуется
 ** Дополнительные действия при внедрении: после обновления методом сравнения и объединения заменить расширение конфигурацииDev1cTeam  на [^Dev1cTeam_Замеры_ДляВерсии_2_11_10_0.cfe]  (см. тоже что и в задаче https://jira/browse/IMAPPS-32897)",,,,,,,,,,,,,,,,,,,,,,,,,,,,,,,
